canonicalName,label,field,url,ok,status,finalUrl,error,title,checkType,checkedAt
Frutaria Innovation,Program history,webResearchSources,https://ondine-fruit.com/fr/origin/,True,200,https://ondine-fruit.com/fr/origin/,,L'origine de l'Ondine: Pionniers en matière de fruits plats et d'innovation,http,2026-09-07T16:53:05.188770+00:00
Frutaria Innovation,Company imprint,webResearchSources,https://ondine-fruit.com/fr/imprint/,True,200,https://ondine-fruit.com/fr/imprint/,,Impression,http,2026-09-07T16:53:06.140767+00:00
AC Fruit,Official program history,webResearchSources,https://ac-fruit.com/en/our-activity/,True,200,https://ac-fruit.com/en/our-activity/,,Our activity - AC Fruit,http,2026-09-07T16:53:04.703706+00:00
AC Fruit,Official team and contact,webResearchSources,https://ac-fruit.com/en/teams-and-contact/,True,200,https://ac-fruit.com/en/teams-and-contact/,,Teams and contact - AC Fruit,http,2026-09-07T16:53:04.956298+00:00
Arsene et Laurence Maillard,Parent evidence,candidateParentEvidenceUrl,https://ondine-fruit.com/fr/origin/,True,200,https://ondine-fruit.com/fr/origin/,,L'origine de l'Ondine: Pionniers en matière de fruits plats et d'innovation,http,2026-09-07T16:53:05.188770+00:00
Laurence Maillard,Parent evidence,candidateParentEvidenceUrl,https://ondine-fruit.com/fr/origin/,True,200,https://ondine-fruit.com/fr/origin/,,L'origine de l'Ondine: Pionniers en matière de fruits plats et d'innovation,http,2026-09-07T16:53:05.188770+00:00
Rene Monteux-Caillet,Parent evidence,candidateParentEvidenceUrl,https://ac-fruit.com/en/our-activity/,True,200,https://ac-fruit.com/en/our-activity/,,Our activity - AC Fruit,http,2026-09-07T16:53:04.703706+00:00
Rene Monteux-Caillet,Official contact,webResearchSources,https://ac-fruit.com/en/teams-and-contact/,True,200,https://ac-fruit.com/en/teams-and-contact/,,Teams and contact - AC Fruit,http,2026-09-07T16:53:04.956298+00:00
Fred W. Anderson,Parent evidence,candidateParentEvidenceUrl,https://www.bradfordgenetics.com/bf.htm,True,200,https://www.bradfordgenetics.com/bf.htm,,Bradford Farms,http,2026-09-07T16:53:04.486944+00:00
Bradford Lowell Glen,Primary contact,primaryContactUrl,https://www.bradfordgenetics.com/bf.htm,True,200,https://www.bradfordgenetics.com/bf.htm,,Bradford Farms,http,2026-09-07T16:53:04.486944+00:00
Bradford Lowell Glen,Individual-held patent example,webResearchSources,https://patents.google.com/patent/USPP23607P2/en,True,200,https://patents.google.com/patent/USPP23607P2/en,,USPP23607P2 - Nectarine tree named ‘Pearlicious VI’ - Google Patents,http,2026-09-07T16:53:04.337969+00:00
Bradford Lowell Glen,Identity and succession evidence,webResearchSources,https://www.dignitymemorial.com/obituaries/merced-ca/lowell-bradford-10919452,True,200,https://www.dignitymemorial.com/obituaries/merced-ca/lowell-bradford-10919452,,"Lowell Bradford Obituary - Merced, CA",http,2026-09-07T16:53:04.368480+00:00
B Q Genetics,Primary contact,primaryContactUrl,https://www.bradfordgenetics.com/bf.htm,True,200,https://www.bradfordgenetics.com/bf.htm,,Bradford Farms,http,2026-09-07T16:53:04.486944+00:00
B Q Genetics,Trademark evidence,trademarkEvidenceUrl,https://trademarks.justia.com/770/97/plumtastic-77097904.html,True,403,https://trademarks.justia.com/770/97/plumtastic-77097904.html,Automated access was blocked or temporarily unavailable; source requires manual browser review.,,manual_browser_required,2026-09-07T16:53:04.198882+00:00
B Q Genetics,Official breeding history,webResearchSources,https://www.bradfordplums.com/b_q_genetics.htm,True,200,https://www.bradfordplums.com/b_q_genetics.htm,,B Q GENETICS,http,2026-09-07T16:53:04.461188+00:00
B Q Genetics,Individual assignee example,webResearchSources,https://patents.google.com/patent/USPP34181P2/en,True,200,https://patents.google.com/patent/USPP34181P2/en,,USPP34181P2 - Cherry tree named ‘Jonred V’ - Google Patents,http,2026-09-07T16:53:04.313894+00:00
B Q Genetics,Chile licensing change,webResearchSources,https://www.agrositio.com.ar/noticia/237163-las-lineas-geneticas-frutales-de-bq-glen-bradford-y-zaiger-genetics-cambian-de-mano-en-chile.html,True,200,https://www.agrositio.com.ar/noticia/237163-las-lineas-geneticas-frutales-de-bq-glen-bradford-y-zaiger-genetics-cambian-de-mano-en-chile.html,,"Las líneas genéticas frutales de BQ, Glen Bradford y Zaiger Genetics cambian de mano en Chile",http,2026-09-07T16:53:04.655600+00:00
Niels Arts,Parent evidence,candidateParentEvidenceUrl,https://patents.google.com/patent/USPP35904P3/en,True,200,https://patents.google.com/patent/USPP35904P3/en,,USPP35904P3 - Raspberry plant named ‘ABB 136’ - Google Patents,http,2026-09-07T16:53:04.329537+00:00
Niels Arts,Ornamental assignment example,webResearchSources,https://patents.google.com/patent/USPP25390P2/en,True,200,https://patents.google.com/patent/USPP25390P2/en,,USPP25390P2 - Hydrangea plant named ‘H211907’ - Google Patents,http,2026-09-07T16:53:04.436449+00:00
Niels Arts,Advanced Berry Breeding contact,webResearchSources,https://www.abbreeding.nl/contact/,True,200,https://www.abbreeding.nl/contact/,,Contact - Advanced Berry Breeding,http,2026-09-07T16:53:05.441490+00:00
Raffaele Testolin,University profile,webResearchSources,https://people.uniud.it/page/raffaele.testolin,True,200,https://people.uniud.it/page/raffaele.testolin,,Raffaele Testolin | People@UniUd,http,2026-09-07T16:53:05.684381+00:00
Raffaele Testolin,Official rights evidence,webResearchSources,https://active.inspection.gc.ca/english/plaveg/pbrpov/cropreport/gra/app00010249e.shtml,True,200,https://active.inspection.gc.ca/english/plaveg/pbrpov/cropreport/gra/app00010249e.shtml,,Canadian Food Inspection Agency - Soreli,http,2026-09-07T16:53:04.662338+00:00
Peter Stoppel,Parent evidence,candidateParentEvidenceUrl,https://cerasina.com/en/contact/,True,200,https://cerasina.com/en/contact/,,Contact | Obstbau Stoppel - Süsskirschensorten und Kirschenzucht im frühen und späten Reifebereich,http,2026-09-07T16:53:14.803427+00:00
Cerasina GmbH,Primary contact,primaryContactUrl,https://cerasina.com/en/contact/,True,200,https://cerasina.com/en/contact/,,Contact | Obstbau Stoppel - Süsskirschensorten und Kirschenzucht im frühen und späten Reifebereich,http,2026-09-07T16:53:14.803427+00:00
Cerasina GmbH,Trademark evidence,trademarkEvidenceUrl,https://tsdr.uspto.gov/#caseNumber=79257081&caseSearchType=US_APPLICATION&caseType=DEFAULT&searchType=statusSearch,True,syntax checked,https://tsdr.uspto.gov/#caseNumber=79257081&caseSearchType=US_APPLICATION&caseType=DEFAULT&searchType=statusSearch,,,manual_browser_required,2026-09-07T16:53:04.436513+00:00
Cerasina GmbH,Official company imprint,webResearchSources,https://cerasina.com/en/imprint/,True,200,https://cerasina.com/en/imprint/,,Imprint | Obstbau Stoppel - Süsskirschensorten und Kirschenzucht im frühen und späten Reifebereich,http,2026-09-07T16:53:10.962997+00:00
Cerasina GmbH,Company patent portfolio,webResearchSources,https://patents.justia.com/assignee/cerasina-gmbh,True,403,https://patents.justia.com/assignee/cerasina-gmbh,Automated access was blocked or temporarily unavailable; source requires manual browser review.,,manual_browser_required,2026-09-07T16:53:04.597882+00:00
Cerasina GmbH,Prim 31 assignment history,webResearchSources,https://patents.google.com/patent/USPP31549P2/en,True,200,https://patents.google.com/patent/USPP31549P2/en,,USPP31549P2 - Cherry tree named ‘Prim 31’ - Google Patents,http,2026-09-07T16:53:04.754508+00:00
Cerasina GmbH,CERASINA trademark record,webResearchSources,https://www.trademarkelite.com/uk/trademark/trademark-detail/UK00917950604/CERASINA,True,200,https://www.trademarkelite.com/uk/trademark/trademark-detail/UK00917950604/CERASINA,,CERASINA Trademark - UK Trademark Application UK00917950604 | Trademark Elite,http,2026-09-07T16:53:05.136237+00:00
Cerasina GmbH,WEIGI trademark record,webResearchSources,https://trademarks.justia.com/869/45/weigi-86945476.html,True,403,https://trademarks.justia.com/869/45/weigi-86945476.html,Automated access was blocked or temporarily unavailable; source requires manual browser review.,,manual_browser_required,2026-09-07T16:53:04.724560+00:00
Marcel Suiker,Parent evidence,candidateParentEvidenceUrl,https://flevoberry.nl/about-us/,True,200,https://flevoberry.nl/about-us/,,About us - Flevo Berry,http,2026-09-07T16:53:06.172147+00:00
Marcel Suiker,Official rights evidence,webResearchSources,https://active.inspection.gc.ca/english/plaveg/pbrpov/cropreport/str/app00012385e.shtml,True,200,https://active.inspection.gc.ca/english/plaveg/pbrpov/cropreport/str/app00012385e.shtml,,Canadian Food Inspection Agency - Bravura,http,2026-09-07T16:53:04.972079+00:00
Flevo Berry Holding B.V.,Primary contact,primaryContactUrl,https://flevoberry.nl/about-us/,True,200,https://flevoberry.nl/about-us/,,About us - Flevo Berry,http,2026-09-07T16:53:06.172147+00:00
Flevo Berry Holding B.V.,Trademark evidence,trademarkEvidenceUrl,https://flevoberry.nl/varieties/,True,200,https://flevoberry.nl/varieties/,,Varieties - Flevo Berry,http,2026-09-07T16:53:06.039204+00:00
Flevo Berry Holding B.V.,Official rights evidence,webResearchSources,https://active.inspection.gc.ca/english/plaveg/pbrpov/cropreport/str/app00012385e.shtml,True,200,https://active.inspection.gc.ca/english/plaveg/pbrpov/cropreport/str/app00012385e.shtml,,Canadian Food Inspection Agency - Bravura,http,2026-09-07T16:53:04.972079+00:00
James F. Hancock,MSU breeder profile,webResearchSources,https://msutoday.msu.edu/news/2021/07/building-a-better-blueberry,True,200,https://msutoday.msu.edu/news/2021/07/building-a-better-blueberry,,Building a better blueberry | MSUToday | Michigan State University,http,2026-09-07T16:53:06.356835+00:00
James F. Hancock,BB IP Repository holder evidence,webResearchSources,https://active.inspection.gc.ca/english/plaveg/pbrpov/cropreport/bl/app00011158e.shtml,True,200,https://active.inspection.gc.ca/english/plaveg/pbrpov/cropreport/bl/app00011158e.shtml,,Canadian Food Inspection Agency - BB06-507MI-52,http,2026-09-07T16:53:05.281170+00:00
David W. Cain,IFG program profile,webResearchSources,https://www.ifg.world/,True,200,https://www.ifg.world/,,IFG - Table Grapes &amp; Cherries,http,2026-09-07T16:53:06.738389+00:00
David W. Cain,Bloom Fresh contact,webResearchSources,https://bloomfreshglobal.com/#contact,True,200,https://bloomfreshglobal.com/#contact,,Home - BLOOM FRESH,http,2026-09-07T16:53:05.395989+00:00
Timothy P. Sheehan,Parent evidence,candidateParentEvidenceUrl,https://snflgroup.com/about/,True,200,https://snflgroup.com/about/,,ABOUT SNFL- world’s leading table grape R&amp;D companies,http,2026-09-07T16:53:05.953437+00:00
Timothy P. Sheehan,Bloom Fresh contact,webResearchSources,https://bloomfreshglobal.com/#contact,True,200,https://bloomfreshglobal.com/#contact,,Home - BLOOM FRESH,http,2026-09-07T16:53:05.395989+00:00
Sal Giumarra,Parent evidence,candidateParentEvidenceUrl,https://active.inspection.gc.ca/english/plaveg/pbrpov/cropreport/gra/app00012608e.shtml,True,200,https://active.inspection.gc.ca/english/plaveg/pbrpov/cropreport/gra/app00012608e.shtml,,Canadian Food Inspection Agency - ARRATHIRTY,http,2026-09-07T16:53:05.561587+00:00
Sal Giumarra,Grapa company site,webResearchSources,https://grapaes.com/,True,200,https://grapaes.com/,,Grapa Global | Table Grapes,http,2026-09-07T16:53:06.394805+00:00
Sal Giumarra,Grapa contact,webResearchSources,https://grapaes.com/contact-us/,True,200,https://grapaes.com/contact-us/,,Contact Us | Grapa Global,http,2026-09-07T16:53:06.713710+00:00
Grapa Global,Contact source,contactSourceUrl,https://grapaes.com/contact-us/,True,200,https://grapaes.com/contact-us/,,Contact Us | Grapa Global,http,2026-09-07T16:53:06.713710+00:00
Grapa Global,Official company site,webResearchSources,https://grapaes.com/,True,200,https://grapaes.com/,,Grapa Global | Table Grapes,http,2026-09-07T16:53:06.394805+00:00
Grapa Global,Official holder evidence,webResearchSources,https://active.inspection.gc.ca/english/plaveg/pbrpov/cropreport/gra/app00012608e.shtml,True,200,https://active.inspection.gc.ca/english/plaveg/pbrpov/cropreport/gra/app00012608e.shtml,,Canadian Food Inspection Agency - ARRATHIRTY,http,2026-09-07T16:53:05.561587+00:00
Paul G. Glucina,Patent assignment,webResearchSources,https://patents.google.com/patent/USPP14347P3/en,True,200,https://patents.google.com/patent/USPP14347P3/en,,USPP14347P3 - Peach tree named “Southern Star” - Google Patents,http,2026-09-07T16:53:05.786756+00:00
Paul G. Glucina,Successor organization,webResearchSources,https://www.bioeconomyscience.co.nz/news-and-events/news/2025-news/new-research-institute-to-advance-the-bioeconomy,True,403,https://www.bioeconomyscience.co.nz/news-and-events/news/2025-news/new-research-institute-to-advance-the-bioeconomy,Automated access was blocked or temporarily unavailable; source requires manual browser review.,,manual_browser_required,2026-09-07T16:53:05.991995+00:00
Paul G. Glucina,Public organization contact,webResearchSources,https://www.bioeconomyscience.co.nz/contact-us,True,403,https://www.bioeconomyscience.co.nz/contact-us,Automated access was blocked or temporarily unavailable; source requires manual browser review.,,manual_browser_required,2026-09-07T16:53:05.995942+00:00
Haji Takashi,NARO breeder evidence,webResearchSources,https://www.naro.go.jp/publicity_report/publication/archive/files/kakenhou20-2hinanotaki.pdf,True,200,https://www.naro.go.jp/publicity_report/publication/archive/files/kakenhou20-2hinanotaki.pdf,,,http,2026-09-07T16:53:07.923457+00:00
Haji Takashi,NARO program evidence,webResearchSources,https://www.naro.go.jp/english/research-programs/research-prize/2017/index.html,True,200,https://www.naro.go.jp/english/research-programs/research-prize/2017/index.html,,English:NARO Research Prize 2017,http,2026-09-07T16:53:06.867193+00:00
ABZ Seeds,Trademark evidence,trademarkEvidenceUrl,https://tsdr.uspto.gov/#caseNumber=79309905&caseSearchType=US_APPLICATION&caseType=DEFAULT&searchType=statusSearch,True,syntax checked,https://tsdr.uspto.gov/#caseNumber=79309905&caseSearchType=US_APPLICATION&caseType=DEFAULT&searchType=statusSearch,,,manual_browser_required,2026-09-07T16:53:05.995993+00:00
ABZ Seeds,Official assortment,webResearchSources,https://abzseeds.abzstrawberry.nl/en/download/assortment-2024-2025-abz-seeds-fresh-market.pdf,False,500,https://abzseeds.abzstrawberry.nl/en/download/assortment-2024-2025-abz-seeds-fresh-market.pdf,HTTP 500,,http,2026-09-07T16:53:07.110528+00:00
Stargrow Cultivar Development,Trademark evidence,trademarkEvidenceUrl,https://stargrow.co.za/new-varieties/,True,200,https://stargrow.co.za/new-varieties/,,NEW VARIETIES - Stargrow,http,2026-09-07T16:53:09.885181+00:00
Stargrow Cultivar Development,Official cultivar and IP role,webResearchSources,https://stargrow.co.za/what-we-do/,True,200,https://stargrow.co.za/what-we-do/,,WHAT WE DO - Stargrow,http,2026-09-07T16:53:10.706154+00:00
Prevar,Trademark evidence,trademarkEvidenceUrl,https://tsdr.uspto.gov/#caseNumber=85071767&caseSearchType=US_APPLICATION&caseType=DEFAULT&searchType=statusSearch,True,syntax checked,https://tsdr.uspto.gov/#caseNumber=85071767&caseSearchType=US_APPLICATION&caseType=DEFAULT&searchType=statusSearch,,,manual_browser_required,2026-09-07T16:53:06.172213+00:00
Prevar,Official brands,webResearchSources,https://www.prevar.co.nz/brands/,True,200,https://www.prevar.co.nz/brands/,,Brands &#8211; Prevar,http,2026-09-07T16:53:07.252464+00:00
Edward Vinson Limited,Trademark evidence,trademarkEvidenceUrl,https://www.edwardvinson.co.uk/,True,200,https://www.edwardvinson.co.uk/,,Home - Edward Vinson Ltd&reg;,http,2026-09-07T16:53:07.411234+00:00
Fresh Forward,Trademark evidence,trademarkEvidenceUrl,https://tsdr.uspto.gov/#caseNumber=79396004&caseSearchType=US_APPLICATION&caseType=DEFAULT&searchType=statusSearch,True,syntax checked,https://tsdr.uspto.gov/#caseNumber=79396004&caseSearchType=US_APPLICATION&caseType=DEFAULT&searchType=statusSearch,,,manual_browser_required,2026-09-07T16:53:06.394896+00:00
Fresh Forward,Official varieties,webResearchSources,https://www.fresh-forward.nl/en,True,200,https://www.fresh-forward.nl/en,,Fresh Forward | Home,http,2026-09-07T16:53:08.365759+00:00
Fresh Forward,Official apple varieties,webResearchSources,https://www.fresh-forward.nl/en/our-varieties/apples,True,200,https://www.fresh-forward.nl/en/our-varieties/apples,,Fresh Forward | Our varieties,http,2026-09-07T16:53:08.611303+00:00
VIF International,Official company site,webResearchSources,https://www.vifinternacional.com/,True,200,https://www.vifinternacional.com/,,VIF International,http,2026-09-07T16:53:08.116205+00:00
VIF International,Official contact,webResearchSources,https://www.vifinternacional.com/contactar/,True,200,https://www.vifinternacional.com/contactar/,,Contactar - VIF International,http,2026-09-07T16:53:08.050538+00:00
VIF International,Official variety catalog,webResearchSources,https://vifinternacional.com/wp-content/descargas/catalogo.pdf,True,200,https://vifinternacional.com/wp-content/descargas/catalogo.pdf,,,http,2026-09-07T16:53:08.775316+00:00
Berries Del Oeste S.L.,Primary contact,primaryContactUrl,https://www.berriesdeloeste.com/contacto/,True,200,https://www.berriesdeloeste.com/contacto/,,Contacto | Berries del Oeste,http,2026-09-07T16:53:08.331712+00:00
Berries Del Oeste S.L.,Cultivar evidence,websiteCultivarEvidenceUrl,https://www.berriesdeloeste.com/wp-content/uploads/2025/09/cibeles-eng.pdf,True,200,https://www.berriesdeloeste.com/wp-content/uploads/2025/09/cibeles-eng.pdf,,,http,2026-09-07T16:53:08.862675+00:00
Berries Del Oeste S.L.,Trademark evidence,trademarkEvidenceUrl,https://www.trademarkelite.com/europe/trademark/trademark-detail/019176641/Esenzia-Savour,True,200,https://www.trademarkelite.com/europe/trademark/trademark-detail/019176641/Esenzia-Savour,,Esenzia Savour EU Trademark Filing & Registration | European Union Trademark Search,http,2026-09-07T16:53:08.342187+00:00
Berries Del Oeste S.L.,Official company information,webResearchSources,https://www.berriesdeloeste.com/politica-privacidad/,True,200,https://www.berriesdeloeste.com/politica-privacidad/,,Política de privacidad | Berries del Oeste,http,2026-09-07T16:53:09.166332+00:00
Berries Del Oeste S.L.,Spanish incorporation filing,webResearchSources,https://www.boe.es/borme/dias/2018/05/22/pdfs/BORME-A-2018-96-06.pdf,True,200,https://www.boe.es/borme/dias/2018/05/22/pdfs/BORME-A-2018-96-06.pdf,,,http,2026-09-07T16:53:09.180427+00:00
Berries Del Oeste S.L.,Industry company profile,webResearchSources,https://www.fruitnet.com/eurofruit/berries-del-oeste-reports-strong-uptake-of-its-varieties/268202.article,True,200,https://www.fruitnet.com/eurofruit/berries-del-oeste-reports-strong-uptake-of-its-varieties/268202.article,,Berries del Oeste reports strong uptake of its varieties | News | Fruitnet,http,2026-09-07T16:53:09.384144+00:00
Berries Del Oeste S.L.,Cibeles PVR cancellation,webResearchSources,https://www.boe.es/diario_boe/txt.php?id=BOE-A-2025-2128,True,200,https://www.boe.es/diario_boe/txt.php?id=BOE-A-2025-2128,,"BOE-A-2025-2128 Orden APA/106/2025, de 30 de enero, por la que se dispone la extinción de Títulos de Obtención Vegetal en el Registro de Variedades Protegidas.",http,2026-09-07T16:53:08.950556+00:00
COT International S.A.R.L.,Primary contact,primaryContactUrl,https://www.cot-international.eu/en/contact,True,200,https://www.cot-international.eu/en/contact,,Contact | Cot International,http,2026-09-07T16:53:08.987959+00:00
COT International S.A.R.L.,Cultivar evidence,websiteCultivarEvidenceUrl,https://www.cot-international.eu/en/cr%C3%A9ation-vari%C3%A9tale,True,200,https://www.cot-international.eu/en/cr%C3%A9ation-vari%C3%A9tale,,Breeding | Cot International,http,2026-09-07T16:53:08.981508+00:00
COT International S.A.R.L.,Trademark evidence,trademarkEvidenceUrl,https://www.trademarkelite.com/europe/trademark/trademark-detail/005801337/FLAVOR-COT,True,200,https://www.trademarkelite.com/europe/trademark/trademark-detail/005801337/FLAVOR-COT,,FLAVOR COT EU Trademark Filing & Registration | European Union Trademark Search,http,2026-09-07T16:53:09.160238+00:00
COT International S.A.R.L.,Official team,webResearchSources,https://www.cot-international.eu/en/a-propos-de-nous,True,200,https://www.cot-international.eu/en/a-propos-de-nous,,About us | Cot International,http,2026-09-07T16:53:09.023186+00:00
COT International S.A.R.L.,French company record,webResearchSources,https://www.pappers.fr/entreprise/cot-international-384110201,True,403,https://www.pappers.fr/entreprise/cot-international-384110201,Automated access was blocked or temporarily unavailable; source requires manual browser review.,,manual_browser_required,2026-09-07T16:53:09.104431+00:00
COT International S.A.R.L.,Southern Hemisphere partnership,webResearchSources,https://www.freshplaza.com/north-america/article/9549604/southern-hemisphere-doors-open-for-french-stone-fruit-variety-breeder/,True,200,https://www.freshplaza.com/north-america/article/9549604/southern-hemisphere-doors-open-for-french-stone-fruit-variety-breeder/,,Southern Hemisphere doors open for French stone fruit variety breeder,http,2026-09-07T16:53:09.200999+00:00
Vivai Cooperativi di Rauscedo,Official company site,webResearchSources,https://www.vivairauscedo.com/en/,True,200,https://www.vivairauscedo.com/en/,,Vivai Rauscedo - Innovation in Agricolture,http,2026-09-07T16:53:11.713572+00:00
Vivai Cooperativi di Rauscedo,Official research center,webResearchSources,https://www.vivairauscedo.com/en/vcr-research-center/,True,200,https://www.vivairauscedo.com/en/vcr-research-center/,,VCR Research Center - Vivai Rauscedo,http,2026-09-07T16:53:12.496637+00:00
Vivai Cooperativi di Rauscedo,Official catalogs,webResearchSources,https://www.vivairauscedo.com/en/downloads/,True,200,https://www.vivairauscedo.com/en/downloads/,,Download all Vivai Rauscedo catalogues,http,2026-09-07T16:53:11.927760+00:00
Plant Sciences Genetics,Official history,webResearchSources,https://www.plantsciencesgenetics.com/about-us,True,200,https://www.plantsciencesgenetics.com/about-us,,Plant Sciences Genetics,http,2026-09-07T16:53:09.440884+00:00
Plant Sciences Genetics,Official contact,webResearchSources,https://www.plantsciencesgenetics.com/request,True,200,https://www.plantsciencesgenetics.com/request,,Plant Sciences Genetics,http,2026-09-07T16:53:09.440425+00:00
Plant Sciences Genetics,2026 company profile,webResearchSources,https://www.wga.com/wgs-magazine/april-may-june-2026-issue/plant-sciences-genetics-breeding-the-future-of-berries/,True,403,https://www.wga.com/wgs-magazine/april-may-june-2026-issue/plant-sciences-genetics-breeding-the-future-of-berries/,Automated access was blocked or temporarily unavailable; source requires manual browser review.,,manual_browser_required,2026-09-07T16:53:09.328987+00:00
MBG Marketing,Trademark evidence,trademarkEvidenceUrl,https://www.blueberries.com/about/about-mbg/,True,200,https://www.blueberries.com/about/about-mbg/,,Our Story MBG Marketing | Grower-Owned Blueberry and Blackberry Cooperative,http,2026-09-07T16:53:09.602518+00:00
MBG Marketing,Official contact,webResearchSources,https://www.blueberries.com/contact/,True,200,https://www.blueberries.com/contact/,,Contact MBG Marketing | Grower-Owned Blueberry and Blackberry Cooperative,http,2026-09-07T16:53:09.594866+00:00
Advanced Berry Breeding,Trademark evidence,trademarkEvidenceUrl,https://www.abbreeding.nl/,True,200,https://www.abbreeding.nl/,,Home - Advanced Berry Breeding,http,2026-09-07T16:53:10.417128+00:00
Advanced Berry Breeding,Official contact,webResearchSources,https://www.abbreeding.nl/contact/,True,200,https://www.abbreeding.nl/contact/,,Contact - Advanced Berry Breeding,http,2026-09-07T16:53:05.441490+00:00
Advanced Berry Breeding,2021 acquisition,webResearchSources,https://www.hortidaily.com/article/9342806/advanced-berry-breeding-platform-acquired-by-planasa-shareholders/,True,200,https://www.hortidaily.com/article/9342806/advanced-berry-breeding-platform-acquired-by-planasa-shareholders/,,Advanced berry breeding platform acquired by Planasa Shareholders,http,2026-09-07T16:53:10.042961+00:00
Fruit Vision,Cultivar evidence,websiteCultivarEvidenceUrl,https://fvselections.com/,True,200,https://fvselections.com/,,Home EN - Fruit Vision (FV) | Blueberry varieties,http,2026-09-07T16:53:13.062111+00:00
Fruit Vision,Trademark evidence,trademarkEvidenceUrl,https://furm.com/trademarks/mundo-azul-79322359,True,200,https://furm.com/trademarks/mundo-azul-79322359,,MUNDO AZUL Trademark of FV B.V. - Serial Number 79322359 - Furm,http,2026-09-07T16:53:09.732552+00:00
Fruit Vision,Dutch ownership decision,webResearchSources,https://uitspraken.rechtspraak.nl/details?id=ECLI%3ANL%3ARBAMS%3A2025%3A7409,True,200,https://uitspraken.rechtspraak.nl/details?id=ECLI%3ANL%3ARBAMS%3A2025%3A7409,,Rechtspraak.nl - Zoeken in uitspraken,http,2026-09-07T16:53:09.975548+00:00
Fruit Vision,Protected blueberry portfolio,webResearchSources,https://www.hortidaily.es/article/9828064/8-nuevas-variedades-de-arandano-producidas-y-comercializadas-por-onubafruit-quedan-protegidas-hasta-2056/,True,200,https://www.hortidaily.es/article/9828064/8-nuevas-variedades-de-arandano-producidas-y-comercializadas-por-onubafruit-quedan-protegidas-hasta-2056/,,8 nuevas variedades de ar&#xE1;ndano producidas y comercializadas por Onubafruit quedan protegidas hasta 2056,http,2026-09-07T16:53:10.343582+00:00
Planasa,Official company site,webResearchSources,https://planasa.com/,True,200,https://planasa.com/,,HOME - Planasa,http,2026-09-07T16:53:10.926282+00:00
Planasa,EW Group transaction,webResearchSources,https://www.cinven.com/news-insights/cinven-and-label-investments-to-sell-planasa-to-ew-group/,True,200,https://www.cinven.com/news-insights/cinven-and-label-investments-to-sell-planasa-to-ew-group/,,Cinven and Label Investments to sell Planasa to EW Group | Cinven - Focused European Integrated World-class,http,2026-09-07T16:53:10.068839+00:00
Threefold Holdings Group,Trademark evidence,trademarkEvidenceUrl,https://trademarks.justia.com/owners/threefold-holdings-group-llc-6206322/,True,403,https://trademarks.justia.com/owners/threefold-holdings-group-llc-6206322/,Automated access was blocked or temporarily unavailable; source requires manual browser review.,,manual_browser_required,2026-09-07T16:53:10.113648+00:00
Threefold Holdings Group,California company record,webResearchSources,https://www.bizprofile.net/ca/reedley/threefold-holdings-group-llc,True,403,https://www.bizprofile.net/ca/reedley/threefold-holdings-group-llc,Automated access was blocked or temporarily unavailable; source requires manual browser review.,,manual_browser_required,2026-09-07T16:53:10.204009+00:00
Threefold Holdings Group,Patent assignment chain example,webResearchSources,https://patents.google.com/patent/USPP23160P3/en,True,200,https://patents.google.com/patent/USPP23160P3/en,,"USPP23160P3 - Peach tree, ‘Burpeachtwentyseven’ - Google Patents",http,2026-09-07T16:53:10.350787+00:00
Plant & Food Research,Official organization,webResearchSources,https://www.plantandfood.com/en-nz,True,200,https://www.plantandfood.com/en-nz,,A smart green future. Together. · Plant &amp; Food Research,http,2026-09-07T16:53:10.813274+00:00
Plant & Food Research,Official plant varieties,webResearchSources,https://www.plantandfood.com/en-nz/plant-varieties,True,200,https://www.plantandfood.com/en-nz/plant-varieties,,Plant varieties · Plant &amp; Food Research,http,2026-09-07T16:53:10.804286+00:00
Plant & Food Research,Successor institute,webResearchSources,https://www.bioeconomyscience.co.nz/,True,403,https://www.bioeconomyscience.co.nz/,Automated access was blocked or temporarily unavailable; source requires manual browser review.,,manual_browser_required,2026-09-07T16:53:10.520551+00:00
The James Hutton Institute Scientific Services,Official scientific services,webResearchSources,https://www.hutton.ac.uk/scientific-services/,True,200,https://www.hutton.ac.uk/scientific-services/,,Scientific services - James Hutton Institute,http,2026-09-07T16:53:13.459252+00:00
The James Hutton Institute Scientific Services,Companies House,webResearchSources,https://find-and-update.company-information.service.gov.uk/company/SC374831,True,200,https://find-and-update.company-information.service.gov.uk/company/SC374831,,THE JAMES HUTTON INSTITUTE overview - Find and update company information - GOV.UK,http,2026-09-07T16:53:11.308936+00:00
NIAB East Malling,Official NIAB site,webResearchSources,https://www.niab.com/,True,200,https://www.niab.com/,,Home | Niab,http,2026-09-07T16:53:11.471230+00:00
NIAB East Malling,Official fruit varieties,webResearchSources,https://www.niab.com/niab-fruit-varieties,True,200,https://www.niab.com/niab-fruit-varieties,,Niab Fruit Varieties | Niab,http,2026-09-07T16:53:12.005037+00:00
IQ Berries,Cultivar evidence,websiteCultivarEvidenceUrl,https://iqberries.com/varieties/megacrop/,True,200,https://iqberries.com/varieties/megacrop/,,MEGACROP - IQ Berries,http,2026-09-07T16:53:12.680015+00:00
IQ Berries,Official company site and contact,webResearchSources,https://iqberries.com/,True,200,https://iqberries.com/,,Home - IQ Berries,http,2026-09-07T16:53:12.682163+00:00
S.A.T. Sintesis,Current company site,webResearchSources,https://satsintesis.com/,True,200,https://satsintesis.com/,,Sintesis,http,2026-09-07T16:53:12.561623+00:00
S.A.T. Sintesis,Primor program,webResearchSources,https://satsintesis.com/primor/,True,200,https://satsintesis.com/primor/,,Sintesis — Primor,http,2026-09-07T16:53:12.561378+00:00
OZblu / United Exports,OZblu varieties,webResearchSources,https://www.ozblu.com/oz-varieties/,True,200,https://www.ozblu.com/oz-varieties/,,OZ Varieties | OZblu,http,2026-09-07T16:53:11.767794+00:00
OZblu / United Exports,OZblu contact,webResearchSources,https://www.ozblu.com/contact/,True,200,https://www.ozblu.com/contact/,,Contact Us,http,2026-09-07T16:53:11.978999+00:00
OZblu / United Exports,United Exports,webResearchSources,https://united-exports.com/,True,200,https://united-exports.com/,,Home - United Exports,http,2026-09-07T16:53:12.053016+00:00
Lassen Canyon Nursery,Cultivar evidence,websiteCultivarEvidenceUrl,https://lassencanyonnursery.com/strawberry-varieties/,True,200,https://lassencanyonnursery.com/strawberry-varieties/,,Strawberry Varieties - Day-Neutral - Lassen Canyon Nursery,http,2026-09-07T16:53:12.397835+00:00
Lassen Canyon Nursery,Official history,webResearchSources,https://lassencanyonnursery.com/about-us/,True,200,https://lassencanyonnursery.com/about-us/,,About Us - Strawberry Plants - Lassen Canyon Nursery,http,2026-09-07T16:53:12.326759+00:00
Lassen Canyon Nursery,Official contact,webResearchSources,https://lassencanyonnursery.com/contact-us/,True,200,https://lassencanyonnursery.com/contact-us/,,Contact Us - Order Strawberry Plants - Lassen Canyon Nursery,http,2026-09-07T16:53:12.369717+00:00
Van Well Nursery,Official company site,webResearchSources,https://www.vanwell.net/,True,401,https://www.vanwell.net/,Automated access was blocked or temporarily unavailable; source requires manual browser review.,,manual_browser_required,2026-09-07T16:53:12.369274+00:00
Van Well Nursery,Official history,webResearchSources,https://www.vanwell.net/about-us,True,401,https://www.vanwell.net/about-us,Automated access was blocked or temporarily unavailable; source requires manual browser review.,,manual_browser_required,2026-09-07T16:53:12.506946+00:00
Van Well Nursery,Official contact,webResearchSources,https://www.vanwell.net/contact,True,401,https://www.vanwell.net/contact,Automated access was blocked or temporarily unavailable; source requires manual browser review.,,manual_browser_required,2026-09-07T16:53:12.568652+00:00
Midwest Apple Improvement Association,Primary contact,primaryContactUrl,https://maiaapples.com/contact-us/,True,200,https://maiaapples.com/contact-us/,,Contact Us - Midwest Apple Improvement Association,http,2026-09-07T16:53:12.788435+00:00
Midwest Apple Improvement Association,Official association site,webResearchSources,https://maiaapples.com/,True,200,https://maiaapples.com/,,Homepage - Midwest Apple Improvement Association,http,2026-09-07T16:53:12.940587+00:00
Midwest Apple Improvement Association,Official history,webResearchSources,https://maiaapples.com/about-us/,True,200,https://maiaapples.com/about-us/,,About Us - Midwest Apple Improvement Association,http,2026-09-07T16:53:12.798445+00:00
Grapeco Limited,USPTO patent evidence,webResearchSources,https://image-ppubs.uspto.gov/dirsearch-public/print/downloadPdf/PP37194,True,403,https://image-ppubs.uspto.gov/dirsearch-public/print/downloadPdf/PP37194,Automated access was blocked or temporarily unavailable; source requires manual browser review.,,manual_browser_required,2026-09-07T16:53:12.677363+00:00
SMS Unlimited LLC,USPTO patent evidence,webResearchSources,https://image-ppubs.uspto.gov/dirsearch-public/print/downloadPdf/PP32755,True,403,https://image-ppubs.uspto.gov/dirsearch-public/print/downloadPdf/PP32755,Automated access was blocked or temporarily unavailable; source requires manual browser review.,,manual_browser_required,2026-09-07T16:53:12.734096+00:00
SMS Unlimited LLC,Additional USPTO patent,webResearchSources,https://image-ppubs.uspto.gov/dirsearch-public/print/downloadPdf/PP29048,True,403,https://image-ppubs.uspto.gov/dirsearch-public/print/downloadPdf/PP29048,Automated access was blocked or temporarily unavailable; source requires manual browser review.,,manual_browser_required,2026-09-07T16:53:12.741157+00:00
Newcot S.A.S.,Under-construction company domain,webResearchSources,https://newcot.fr/,True,200,https://newcot.fr/,,Prochainement disponible,http,2026-09-07T16:53:12.669197+00:00
Sunview Vineyards of California,Trademark evidence,trademarkEvidenceUrl,https://tsdr.uspto.gov/#caseNumber=71411066&caseSearchType=US_APPLICATION&caseType=DEFAULT&searchType=statusSearch,True,syntax checked,https://tsdr.uspto.gov/#caseNumber=71411066&caseSearchType=US_APPLICATION&caseType=DEFAULT&searchType=statusSearch,,,manual_browser_required,2026-09-07T16:53:12.669266+00:00
Sunview Vineyards of California,Official company site,webResearchSources,https://sunviewmarketing.com/,True,200,https://sunviewmarketing.com/,,Premium Table Grapes Grown in Sunny California - Sunview,http,2026-09-07T16:53:13.000984+00:00
Sunview Vineyards of California,Official breeding operations,webResearchSources,https://sunviewmarketing.com/innovation/,True,200,https://sunviewmarketing.com/innovation/,,Innovation - Sunview,http,2026-09-07T16:53:13.002214+00:00
Fresas Nuevos Materiales,Cultivar evidence,websiteCultivarEvidenceUrl,https://www.fresasnm.com/variedades-fnm/,True,200,https://www.fresasnm.com/variedades-fnm/,,Variedades - Fresas NM - Obtentores de variedades de fresas y frambuesas,http,2026-09-07T16:53:15.580509+00:00
Fresas Nuevos Materiales,Official company site,webResearchSources,https://www.fresasnm.com/,True,200,https://www.fresasnm.com/,,Inicio - Fresas NM - Obtentores de variedades de fresas y frambuesas,http,2026-09-07T16:53:15.059721+00:00
Fresas Nuevos Materiales,Official legal notice,webResearchSources,https://www.fresasnm.com/aviso-legal/,True,200,https://www.fresasnm.com/aviso-legal/,,Aviso legal - Fresas NM - Obtentores de variedades de fresas y frambuesas,http,2026-09-07T16:53:14.750602+00:00
Georges Delbard,Primary contact,primaryContactUrl,https://www.georgesdelbard.com/contact,True,200,https://www.georgesdelbard.com/contact,,Contactez GeorgesDelbard.com,http,2026-09-07T16:53:13.949937+00:00
Georges Delbard,Official company history,webResearchSources,https://www.georgesdelbard.com/pages/qui-sommes-nous,True,200,https://www.georgesdelbard.com/pages/qui-sommes-nous,,Qui sommes-nous ?,http,2026-09-07T16:53:13.856531+00:00
Georges Delbard,Official legal notice,webResearchSources,https://www.georgesdelbard.com/pages/mentions-legales,True,200,https://www.georgesdelbard.com/pages/mentions-legales,,Mentions légales - Georges Delbard,http,2026-09-07T16:53:13.858249+00:00
Brookfield New Zealand Limited,New Zealand Companies Register,webResearchSources,https://app.companiesoffice.govt.nz/companies/app/ui/pages/companies/628652,True,200,https://app.companiesoffice.govt.nz/companies/app/ui/pages/companies/628652,,View All Details,http,2026-09-07T16:53:15.500344+00:00
Brookfield New Zealand Limited,Baigent breeder and licensor,webResearchSources,https://www.topfruit.co.za/fruit/baigent/,True,200,https://www.topfruit.co.za/fruit/baigent/,,Baigent - TopFruit,http,2026-09-07T16:53:15.365722+00:00
"Sweet Darling Sales, Inc.",Official company site,webResearchSources,https://www.sweetdarling.com/,True,403,https://www.sweetdarling.com/,Automated access was blocked or temporarily unavailable; source requires manual browser review.,,manual_browser_required,2026-09-07T16:53:13.147433+00:00
"Sweet Darling Sales, Inc.",CFIA PBR holder record,webResearchSources,https://active.inspection.gc.ca/english/plaveg/pbrpov/cropreport/str/app00011367e.shtml,True,200,https://active.inspection.gc.ca/english/plaveg/pbrpov/cropreport/str/app00011367e.shtml,,Canadian Food Inspection Agency - Shannon M Kent,http,2026-09-07T16:53:13.340079+00:00
"Sweet Darling Sales, Inc.",USPTO assignee example,webResearchSources,https://patentimages.storage.googleapis.com/7a/75/f4/2f255f1bcd30d6/USPP29966.pdf,True,200,https://patentimages.storage.googleapis.com/7a/75/f4/2f255f1bcd30d6/USPP29966.pdf,,,http,2026-09-07T16:53:13.443417+00:00
Domaine de Castang,French national business directory,webResearchSources,https://annuaire-entreprises.data.gouv.fr/entreprise/324345313,True,200,https://annuaire-entreprises.data.gouv.fr/entreprise/324345313,,,http,2026-09-07T16:53:13.989205+00:00
Domaine de Castang,Operating company site,webResearchSources,https://lapommeduperigord.fr/,True,200,https://lapommeduperigord.fr/,,Castang &#8211; La Pomme du Périgord &#8211; Les fruits de la différence !,http,2026-09-07T16:53:14.113158+00:00
IVIA,Official IVIA site,webResearchSources,https://ivia.gva.es/es/inici,True,,https://ivia.gva.es/es/inici,Automated request timed out; source requires manual browser review.,,manual_browser_required,2026-09-07T16:53:33.648993+00:00
SERIDA,Official mission,webResearchSources,https://serida.asturias.es/sobre-serida/mision-y-funciones,True,200,https://serida.asturias.es/sobre-serida/mision-y-funciones,,Misión y funciones,http,2026-09-07T16:53:15.820568+00:00
SERIDA,Plant genetic resources,webResearchSources,https://serida.asturias.es/investigacion-id/bancos-recursos-geneticos/vegetales,True,200,https://serida.asturias.es/investigacion-id/bancos-recursos-geneticos/vegetales,,Vegetales,http,2026-09-07T16:53:16.663729+00:00
Hazera,Official ownership profile,webResearchSources,https://us.hazera.com/our-story/who-we-are/,True,200,https://us.hazera.com/our-story/who-we-are/,,Who we are - USA,http,2026-09-07T16:53:15.639383+00:00
Armstrong Nurseries,Official company history,webResearchSources,https://www.armstronggarden.com/about-us/history,True,200,https://www.armstronggarden.com/about-us/history,,Our History | Armstrong Garden Centers,http,2026-09-07T16:53:14.197221+00:00
VNIISPK,Official VNIISPK variety record,webResearchSources,https://vniispk.ru/varieties/avgusta,True,200,https://vniispk.ru/varieties/avgusta,,"Яблоня, Сорт Августа - ФГБНУ ВНИИСПК",http,2026-09-07T16:53:15.536301+00:00
Guido Cipriani,Patent and assignee examples,webResearchSources,https://patents.justia.com/inventor/guido-cipriani,True,403,https://patents.justia.com/inventor/guido-cipriani,Automated access was blocked or temporarily unavailable; source requires manual browser review.,,manual_browser_required,2026-09-07T16:53:14.264391+00:00
Chad E. Finn,Patent and assignee examples,webResearchSources,https://patents.justia.com/inventor/chad-e-finn,True,403,https://patents.justia.com/inventor/chad-e-finn,Automated access was blocked or temporarily unavailable; source requires manual browser review.,,manual_browser_required,2026-09-07T16:53:14.330114+00:00
Douglas V. Shaw,Parent evidence,candidateParentEvidenceUrl,https://patents.justia.com/inventor/douglas-v-shaw,True,403,https://patents.justia.com/inventor/douglas-v-shaw,Automated access was blocked or temporarily unavailable; source requires manual browser review.,,manual_browser_required,2026-09-07T16:53:14.399929+00:00
Douglas V. Shaw,UC Davis plant variety licensing,webResearchSources,https://research.ucdavis.edu/industry-support/plant-variety-licensing-program/,True,200,https://research.ucdavis.edu/industry-support/plant-variety-licensing-program/,,Plant Variety Licensing Program - Office of Research,http,2026-09-07T16:53:14.966984+00:00
John R. Clark,Official Arkansas fruit-breeding history,webResearchSources,https://aaes.uada.edu/fruit-breeding/,True,200,https://aaes.uada.edu/fruit-breeding/,,Fruit Breeding,http,2026-09-07T16:53:15.216511+00:00
James N. Moore,Official Arkansas fruit-breeding history,webResearchSources,https://aaes.uada.edu/fruit-breeding/,True,200,https://aaes.uada.edu/fruit-breeding/,,Fruit Breeding,http,2026-09-07T16:53:15.216511+00:00
Association Fruits Oublies,Possible Fruits Oublies Reseau entity,webResearchSources,https://fruitsoublies.org/qui-sommes-nous/,True,200,https://fruitsoublies.org/qui-sommes-nous/,,Qui sommes-nous ? - Fruits Oubliés Réseau,http,2026-09-07T16:53:16.932471+00:00
Association Fruits Oublies,Possible Cevennes entity,webResearchSources,https://www.fruitsoublies.com/,True,200,https://www.fruitsoublies.com/,,Fruits Oubliés et Biodiversité en Cévennes - accueil,http,2026-09-07T16:53:16.019318+00:00
Cornel University Foundation,Parent evidence,candidateParentEvidenceUrl,https://ctl.cornell.edu/about/,True,403,https://ctl.cornell.edu/about/,Automated access was blocked or temporarily unavailable; source requires manual browser review.,,manual_browser_required,2026-09-07T16:53:15.126110+00:00
Cornel University Foundation,Cornell Research Foundation history,webResearchSources,https://news.cornell.edu/stories/1999/11/james-severson-named-head-cornell-research-foundation,True,200,https://news.cornell.edu/stories/1999/11/james-severson-named-head-cornell-research-foundation,,James Severson named to head Cornell Research Foundation | Cornell Chronicle,http,2026-09-07T16:53:15.891878+00:00
Cornel University Foundation,Cornell University Foundation description,webResearchSources,https://giving.cornell.edu/ways-to-give/gift-planning/smart-gift-plans/,True,200,https://giving.cornell.edu/how-to-give/gift-planning/smart-gift-plans/,,Smart gift plans | Gift Planning | Giving to Cornell | Cornell University,http,2026-09-07T16:53:17.258679+00:00
Masia Ciscar,Cultivar evidence,websiteCultivarEvidenceUrl,https://www.masiaciscar.es/freson/,True,200,https://www.masiaciscar.es/freson/,,Productores y Distribuidores de Fresas y Fresones - Masiá Ciscar,http,2026-09-07T16:53:16.249660+00:00
Masia Ciscar,Official company site,webResearchSources,https://www.masiaciscar.es/,True,200,https://www.masiaciscar.es/,,Masiá Ciscar: Productor y Comercializador de Frutas,http,2026-09-07T16:53:16.442790+00:00
Masia Ciscar,Official contact,webResearchSources,https://www.masiaciscar.es/contacto/,True,200,https://www.masiaciscar.es/contacto/,,Contacto - Masiá Ciscar,http,2026-09-07T16:53:16.357860+00:00
Marionnet Label,Cultivar evidence,websiteCultivarEvidenceUrl,https://www.marionnet-label.com/nos-varietes-les-fraises/,True,200,https://www.marionnet-label.com/nos-varietes-les-fraises/,,Nos variétés - Les fraises - Marionnet Label,http,2026-09-07T16:53:16.362445+00:00
Marionnet Label,Official company site,webResearchSources,https://www.marionnet-label.com/,True,200,https://www.marionnet-label.com/,,Marionnet Label - Innovative by Nature - Créateur variétal,http,2026-09-07T16:53:16.511612+00:00
Marionnet Label,Raspberry portfolio,webResearchSources,https://www.marionnet-label.com/nos-varietes-les-framboises/,True,200,https://www.marionnet-label.com/nos-varietes-les-framboises/,,Nos variétés - Les framboises - Marionnet Label,http,2026-09-07T16:53:16.701636+00:00
S&A Group,Cultivar evidence,websiteCultivarEvidenceUrl,https://www.sagroup.global/research-development,True,200,https://www.sagroup.global/research-development,,Research & Development | S&A Produce,http,2026-09-07T16:53:16.954914+00:00
S&A Group,Official company history,webResearchSources,https://www.sagroup.global/our-story,True,200,https://www.sagroup.global/our-story,,Our Story | S&A Produce,http,2026-09-07T16:53:17.039071+00:00
S&A Group,Official contact,webResearchSources,https://www.sagroup.global/contact-us,True,200,https://www.sagroup.global/contact-us,,Contact us | S&A Produce,http,2026-09-07T16:53:17.386389+00:00
Lubera AG,Official company imprint,webResearchSources,https://www.lubera.com/ch/about/impressum.html,True,200,https://www.lubera.com/ch/about/impressum.html,,Impressum | Lubera Gartenshop,http,2026-09-07T16:53:18.037395+00:00
Lubera AG,Official contact,webResearchSources,https://www.lubera.com/ch/about/kontakt.html,True,200,https://www.lubera.com/ch/about/kontakt.html,,Kontakt | Lubera&#174; Gartenshop,http,2026-09-07T16:53:18.000726+00:00
Lubera AG,Plant patent example,webResearchSources,https://image-ppubs.uspto.gov/dirsearch-public/print/downloadPdf/PP27624,True,403,https://image-ppubs.uspto.gov/dirsearch-public/print/downloadPdf/PP27624,Automated access was blocked or temporarily unavailable; source requires manual browser review.,,manual_browser_required,2026-09-07T16:53:16.621562+00:00
Schniga GmbH,Cultivar evidence,websiteCultivarEvidenceUrl,https://www.schniga.com/de/gala,True,200,https://www.schniga.com/de/gala,,Die besten Gala-Mutanten für den größten Erfolg - Schniga.com - Apfelsorte Gala Schniga ® Schnitzer(s) der Schniga GmbH,http,2026-09-07T16:53:17.072085+00:00
Schniga GmbH,Official company site,webResearchSources,https://www.schniga.com/de,True,200,https://www.schniga.com/de,,Start - Schniga.com - Apfelsorte Gala Schniga ® Schnitzer(s) der Schniga GmbH,http,2026-09-07T16:53:17.297255+00:00
Schniga GmbH,Plant patent example,webResearchSources,https://image-ppubs.uspto.gov/dirsearch-public/print/downloadPdf/PP27577,True,403,https://image-ppubs.uspto.gov/dirsearch-public/print/downloadPdf/PP27577,Automated access was blocked or temporarily unavailable; source requires manual browser review.,,manual_browser_required,2026-09-07T16:53:16.846298+00:00
Fashion Foods Ltd.,Primary contact,primaryContactUrl,https://fashionfoods.nz/contact-fashion-foods/,True,200,https://fashionfoods.nz/contact-fashion-foods/,,Contact Fashion Foods - Fashion Foods,http,2026-09-07T16:53:17.183865+00:00
Fashion Foods Ltd.,Cultivar evidence,websiteCultivarEvidenceUrl,https://fashionfoods.nz/,True,200,https://fashionfoods.nz/,,Home - Fashion Foods,http,2026-09-07T16:53:17.192005+00:00
Fashion Foods Ltd.,Harley05 plant patent,webResearchSources,https://image-ppubs.uspto.gov/dirsearch-public/print/downloadPdf/PP30351,True,403,https://image-ppubs.uspto.gov/dirsearch-public/print/downloadPdf/PP30351,Automated access was blocked or temporarily unavailable; source requires manual browser review.,,manual_browser_required,2026-09-07T16:53:17.109203+00:00
Agromolinillo,Official company site,webResearchSources,https://www.agromolinillo.com/,True,200,https://www.agromolinillo.com/,,"Agromolinillo, empresa agrcola de Moguer dedicada a la siembra, recoleccin y comercializacin de productos hortofrutcolas como las fresas, frambuesas, arndanos, clementinas y naranjas.",http,2026-09-07T16:53:17.513181+00:00
Citrigene Pty Ltd.,Patensie Early plant patent,webResearchSources,https://image-ppubs.uspto.gov/dirsearch-public/print/downloadPdf/PP33038,True,403,https://image-ppubs.uspto.gov/dirsearch-public/print/downloadPdf/PP33038,Automated access was blocked or temporarily unavailable; source requires manual browser review.,,manual_browser_required,2026-09-07T16:53:17.201896+00:00
Fruit Varieties International Pty Ltd.,Bella Rosa plant patent,webResearchSources,https://image-ppubs.uspto.gov/dirsearch-public/print/downloadPdf/PP32850,True,403,https://image-ppubs.uspto.gov/dirsearch-public/print/downloadPdf/PP32850,Automated access was blocked or temporarily unavailable; source requires manual browser review.,,manual_browser_required,2026-09-07T16:53:17.228626+00:00
Fruit Varieties International Pty Ltd.,PE plant patent,webResearchSources,https://image-ppubs.uspto.gov/dirsearch-public/print/downloadPdf/PP30144,True,403,https://image-ppubs.uspto.gov/dirsearch-public/print/downloadPdf/PP30144,Automated access was blocked or temporarily unavailable; source requires manual browser review.,,manual_browser_required,2026-09-07T16:53:17.274694+00:00
Regal Fruit International LLC,Regal D17-121 plant patent,webResearchSources,https://image-ppubs.uspto.gov/dirsearch-public/print/downloadPdf/PP32877,True,403,https://image-ppubs.uspto.gov/dirsearch-public/print/downloadPdf/PP32877,Automated access was blocked or temporarily unavailable; source requires manual browser review.,,manual_browser_required,2026-09-07T16:53:17.351024+00:00
Plant Breeding International Cambridge,John Innes Centre institutional history,webResearchSources,https://www.jic.ac.uk/about-us/our-mission-and-history/history-of-plant-microbial-science-at-john-innes-centre/,True,200,https://www.jic.ac.uk/about-us/our-mission-and-history/history-of-plant-microbial-science-at-john-innes-centre/,,The history of plant science and microbial science at JIC,http,2026-09-07T16:53:18.812433+00:00
Meiosis Ltd.,Primary contact,primaryContactUrl,https://www.meiosis.co.uk/contact/,True,200,https://www.meiosis.co.uk/contact/,,Contact us - Meiosis Ltd,http,2026-09-07T16:53:19.942278+00:00
Meiosis Ltd.,Cultivar evidence,websiteCultivarEvidenceUrl,https://www.meiosis.co.uk/what-we-do/,True,200,https://www.meiosis.co.uk/what-we-do/,,What we do - Meiosis Ltd,http,2026-09-07T16:53:19.422620+00:00
Meiosis Ltd.,Companies House,webResearchSources,https://find-and-update.company-information.service.gov.uk/company/02330975,True,200,https://find-and-update.company-information.service.gov.uk/company/02330975,,MEIOSIS LIMITED overview - Find and update company information - GOV.UK,http,2026-09-07T16:53:17.989461+00:00
Meiosis Ltd.,Control filing,webResearchSources,https://find-and-update.company-information.service.gov.uk/company/02330975/persons-with-significant-control,True,200,https://find-and-update.company-information.service.gov.uk/company/02330975/persons-with-significant-control,,MEIOSIS LIMITED persons with significant control - Find and update company information - GOV.UK,http,2026-09-07T16:53:18.427732+00:00
Dalival / IFO,Primary contact,primaryContactUrl,https://www.dalival.com/contact/,True,,https://www.dalival.com/contact/,Automated request timed out; source requires manual browser review.,,manual_browser_required,2026-09-07T16:53:37.522352+00:00
Dalival / IFO,Cultivar evidence,websiteCultivarEvidenceUrl,https://www.dalival.com/research-ifo/,True,,https://www.dalival.com/research-ifo/,Automated request timed out; source requires manual browser review.,,manual_browser_required,2026-09-07T16:53:37.522230+00:00
Dalival / IFO,Official company history,webResearchSources,https://www.dalival.com/dalival-2/,True,,https://www.dalival.com/dalival-2/,Automated request timed out; source requires manual browser review.,,manual_browser_required,2026-09-07T16:53:37.500091+00:00
Chislett Investments Pty Ltd,Australian business record,webResearchSources,https://abr.business.gov.au/ABN/View/89006006266,True,200,https://abr.business.gov.au/ABN/View/89006006266,,Current details for ABN 89 006 006 266 | ABN Lookup,http,2026-09-07T16:53:18.802084+00:00
Chislett Investments Pty Ltd,Patent assignment history,webResearchSources,https://patents.google.com/patent/USPP18774P2/en,True,200,https://patents.google.com/patent/USPP18774P2/en,,USPP18774P2 - Orange tree named ‘M7’ - Google Patents,http,2026-09-07T16:53:18.225112+00:00
Chislett Investments Pty Ltd,M7 variety evidence,webResearchSources,https://www.m7navel.com/en/m7-en/,True,200,https://www.m7navel.com/en/m7-en/,,m7 - m7,http,2026-09-07T16:53:19.688703+00:00
Jeffries Nurseries Ltd.,Primary contact,primaryContactUrl,https://jeffriesnurseries.com/contact-us-2/,True,200,https://jeffriesnurseries.com/contact-us-2/,,Contact Us - Jeffries Nurseries,http,2026-09-07T16:53:18.581739+00:00
Jeffries Nurseries Ltd.,Cultivar evidence,websiteCultivarEvidenceUrl,https://jeffriesnurseries.com/wp-content/uploads/2022/08/JNL-Introductions-compressed.pdf,True,200,https://jeffriesnurseries.com/wp-content/uploads/2022/08/JNL-Introductions-compressed.pdf,,,http,2026-09-07T16:53:18.918086+00:00
Jeffries Nurseries Ltd.,Official history,webResearchSources,https://jeffriesnurseries.com/about-us/,True,200,https://jeffriesnurseries.com/about-us/,,About Us - Jeffries Nurseries,http,2026-09-07T16:53:19.094894+00:00
Plants for Europe Ltd.,Primary contact,primaryContactUrl,https://www.plantsforeurope.com/contact-us/,True,200,https://www.plantsforeurope.com/contact-us/,,"Contact Us For Help, Advice, Marketing &amp; Distribution | Plants for Europe",http,2026-09-07T16:53:25.039036+00:00
Plants for Europe Ltd.,Official ownership statement,webResearchSources,https://www.plantsforeurope.com/for-breeders/,True,200,https://www.plantsforeurope.com/for-breeders/,,How Plants for Europe Help Breeders Across The World,http,2026-09-07T16:53:25.088654+00:00
Plants for Europe Ltd.,Companies House,webResearchSources,https://find-and-update.company-information.service.gov.uk/company/04664540,True,200,https://find-and-update.company-information.service.gov.uk/company/04664540,,PLANTS FOR EUROPE LIMITED overview - Find and update company information - GOV.UK,http,2026-09-07T16:53:19.606925+00:00
Teak Enterprises Pty Limited,US plant patent,webResearchSources,https://patents.google.com/patent/USPP21606P3/en,True,200,https://patents.google.com/patent/USPP21606P3/en,,USPP21606P3 - Apple tree named ‘PLBAR B1’ - Google Patents,http,2026-09-07T16:53:19.137583+00:00
Teak Enterprises Pty Limited,Canadian PBR,webResearchSources,https://active.inspection.gc.ca/english/plaveg/pbrpov/cropreport/app/app00009834e.shtml,True,200,https://active.inspection.gc.ca/english/plaveg/pbrpov/cropreport/app/app00009834e.shtml,,Canadian Food Inspection Agency - PLBAR B1,http,2026-09-07T16:53:19.393779+00:00
Teak Enterprises Pty Limited,EU case notice,webResearchSources,https://eur-lex.europa.eu/legal-content/EN/TXT/?uri=CELEX%3A62024TN0159,True,200,https://eur-lex.europa.eu/legal-content/EN/TXT/?uri=CELEX%3A62024TN0159,,EUR-Lex - 62024TN0159 - EN - EUR-Lex,http,2026-09-07T16:53:20.173245+00:00
CEP Innovation / Novadi,Primary contact,primaryContactUrl,https://cepinnovation-novadi.com/,False,500,https://cepinnovation-novadi.com/,HTTP 500,,http,2026-09-07T16:53:22.890984+00:00
CEP Innovation / Novadi,Contact source,contactSourceUrl,https://www.novadi.fr/en/mentions-legales-politique-de-confidentialite/,True,200,https://www.novadi.fr/en/mentions-legales-politique-de-confidentialite/,,Legal Notice &amp; Privacy Policy - Novadi,http,2026-09-07T16:53:20.444573+00:00
CEP Innovation / Novadi,Official peach portfolio,webResearchSources,https://cepinnovation-novadi.com/gammes/peaches/?lang=en,False,500,https://cepinnovation-novadi.com/gammes/peaches/?lang=en,HTTP 500,,http,2026-09-07T16:53:22.891441+00:00
CEP Innovation / Novadi,Joint PBR example,webResearchSources,https://active.inspection.gc.ca/english/plaveg/pbrpov/cropreport/app/app00010811e.shtml,True,200,https://active.inspection.gc.ca/english/plaveg/pbrpov/cropreport/app/app00010811e.shtml,,Canadian Food Inspection Agency - Inored,http,2026-09-07T16:53:20.000727+00:00
Vailima Orchard Ltd.,New Zealand company record,webResearchSources,https://www.companyhub.nz/companyDetails.cfm?nzbn=9429038461002,True,403,https://www.companyhub.nz/companyDetails.cfm?nzbn=9429038461002,Automated access was blocked or temporarily unavailable; source requires manual browser review.,,manual_browser_required,2026-09-07T16:53:20.065444+00:00
Vailima Orchard Ltd.,Heartland operating profile,webResearchSources,https://www.ipa-apples.com/member/heartland-2/,True,200,https://www.ipa-apples.com/member/heartland-2/,,Heartland - IPA Apples,http,2026-09-07T16:53:22.119975+00:00
Vailima Orchard Ltd.,Group-facing grower site,webResearchSources,https://luvya.co.nz/our-growers,True,200,https://luvya.co.nz/our-growers,,Our Growers - Luv&#39;ya,http,2026-09-07T16:53:20.743925+00:00
Early Blue Pty Ltd.,United Exports transaction,webResearchSources,https://www.ozblu.com/news/united-exports-widens-portfolio/,True,200,https://www.ozblu.com/news/united-exports-widens-portfolio/,,United Exports Widens Portfolio | OZblu,http,2026-09-07T16:53:20.523856+00:00
Early Blue Pty Ltd.,Portfolio evidence,webResearchSources,https://www.rwpascoe.com.au/berries,True,200,https://www.rwpascoe.com.au/berries,,Berries &mdash; RW Pascoe,http,2026-09-07T16:53:21.065958+00:00
Bio Tree Ltd.,Primary contact,primaryContactUrl,https://paulowniatrees.eu/about-us/contacts/,True,200,https://paulowniatrees.eu/about-us/contacts/,,Contacts - Paulownia trees,http,2026-09-07T16:53:24.699950+00:00
Bio Tree Ltd.,Official R&D projects,webResearchSources,https://paulowniatrees.eu/research-and-development-projects/scope-iii/,True,200,https://paulowniatrees.eu/research-and-development-projects/scope-iii/,,Selection of new cultivars and varaties,http,2026-09-07T16:53:26.280191+00:00
Bio Tree Ltd.,Official product pipeline,webResearchSources,https://paulowniatrees.eu/products/products-in-development/,True,200,https://paulowniatrees.eu/products/products-in-development/,,"New products, technologies, active breeding programme for new cultivars",http,2026-09-07T16:53:26.640635+00:00
Tip Top Orchards LLC,Primary contact,primaryContactUrl,https://www.sweetskylarrae.com/brand-assets-index,True,200,https://www.sweetskylarrae.com/brand-assets-index,,Brand Assets &mdash; Skylar Rae®,http,2026-09-07T16:53:22.476453+00:00
Tip Top Orchards LLC,Cultivar evidence,websiteCultivarEvidenceUrl,https://www.sweetskylarrae.com/the-cherry,True,200,https://www.sweetskylarrae.com/the-cherry,,The Cherry &mdash; Skylar Rae®,http,2026-09-07T16:53:22.735208+00:00
Tip Top Orchards LLC,Trademark evidence,trademarkEvidenceUrl,https://ised-isde.canada.ca/cipo/trademark-search/pdf/1720373?lang=eng,True,200,https://ised-isde.canada.ca/cipo/trademark-search/pdf/1720373?lang=eng,,,http,2026-09-07T16:53:23.323661+00:00
Tip Top Orchards LLC,Official licensing evidence,webResearchSources,https://www.sweetskylarrae.com/the-trees,True,200,https://www.sweetskylarrae.com/the-trees,,The Trees &mdash; Skylar Rae®,http,2026-09-07T16:53:23.339405+00:00
Tip Top Orchards LLC,Canadian PBR,webResearchSources,https://active.inspection.gc.ca/english/plaveg/pbrpov/cropreport/che/app00010052e.shtml,True,200,https://active.inspection.gc.ca/english/plaveg/pbrpov/cropreport/che/app00010052e.shtml,,Canadian Food Inspection Agency - Tip Top,http,2026-09-07T16:53:23.172006+00:00
Southern Trees Limited,Canadian PBR history,webResearchSources,https://active.inspection.gc.ca/english/plaveg/pbrpov/cropreport/app/app00002782e.shtml,True,200,https://active.inspection.gc.ca/english/plaveg/pbrpov/cropreport/app/app00002782e.shtml,,Canadian Food Inspection Agency - Nevson,http,2026-09-07T16:53:23.460983+00:00
Nevis Fruit Company Ltd.,New Zealand company record,webResearchSources,https://www.companyhub.nz/companyDetails.cfm?nzbn=9429038101977,True,403,https://www.companyhub.nz/companyDetails.cfm?nzbn=9429038101977,Automated access was blocked or temporarily unavailable; source requires manual browser review.,,manual_browser_required,2026-09-07T16:53:23.390758+00:00
Nevis Fruit Company Ltd.,US patent history,webResearchSources,https://patents.google.com/patent/USPP12415P2/en,True,200,https://patents.google.com/patent/USPP12415P2/en,,USPP12415P2 - Apple tree named ‘Nevson’ - Google Patents,http,2026-09-07T16:53:23.576790+00:00
Nevis Fruit Company Ltd.,Canadian PBR,webResearchSources,https://active.inspection.gc.ca/english/plaveg/pbrpov/cropreport/app/app00002782e.shtml,True,200,https://active.inspection.gc.ca/english/plaveg/pbrpov/cropreport/app/app00002782e.shtml,,Canadian Food Inspection Agency - Nevson,http,2026-09-07T16:53:23.460983+00:00
Green and Red Apple Pty Ltd.,IP Australia PBR journal,webResearchSources,https://www.ipaustralia.gov.au/tools-and-research/professional-resources/ip-rights-journals/~/-/media/Project/IPA/IPAustralia/PDF/PBR-Journals/Volume-31-Number-2.pdf?rev=282d9d2f96e649e1a2d58c55d0e11a2a,True,200,https://www.ipaustralia.gov.au/tools-and-research/professional-resources/ip-rights-journals/~/-/media/Project/IPA/IPAustralia/PDF/PBR-Journals/Volume-31-Number-2.pdf?rev=282d9d2f96e649e1a2d58c55d0e11a2a,,,http,2026-09-07T16:53:25.361946+00:00
Green and Red Apple Pty Ltd.,US patent filing,webResearchSources,https://patentimages.storage.googleapis.com/87/bf/81/1451d62f6a917b/US20190191610P1.pdf,True,200,https://patentimages.storage.googleapis.com/87/bf/81/1451d62f6a917b/US20190191610P1.pdf,,,http,2026-09-07T16:53:23.815959+00:00
Green and Red Apple Pty Ltd.,Commercial variety evidence,webResearchSources,https://www.topfruit.co.za/fruit/rds/,True,200,https://www.topfruit.co.za/fruit/rds/,,RDS - TopFruit,http,2026-09-07T16:53:25.937563+00:00
LFP Lizenzen fuer Fruechte und Pflanzen GmbH,Primary contact,primaryContactUrl,https://www.lfp-germany.com/,True,200,https://www.lfp-germany.com/,,Herzlich Willkommen bei der LFP GmbH!,http,2026-09-07T16:53:24.430071+00:00
LFP Lizenzen fuer Fruechte und Pflanzen GmbH,Trademark evidence,trademarkEvidenceUrl,https://ised-isde.canada.ca/cipo/trademark-search/2039490?wbdisable=true,True,200,https://ised-isde.canada.ca/cipo/trademark-search/2039490?wbdisable=true,,"Canadian Trademarks Details: KIR ROSSO — 2039490 — Canadian Trademarks Database - Intellectual property and copyright - Canadian Intellectual Property Office - Innovation, Science and Economic Development Canada",http,2026-09-07T16:53:24.762160+00:00
LFP Lizenzen fuer Fruechte und Pflanzen GmbH,Graeb partnership,webResearchSources,https://www.graeb.com/gehoelze/partner/,True,200,https://www.graeb.com/baumschule/,,Baumschule,http,2026-09-07T16:53:26.400901+00:00
International Varieties Unlimited / PFV,Primary contact,primaryContactUrl,https://medacherry.com/en/contact-us/,True,200,https://medacherry.com/en/contact-us/,,Contact us - Meda Cherry,http,2026-09-07T16:53:24.936366+00:00
International Varieties Unlimited / PFV,USDA ownership evidence,webResearchSources,https://apps.ams.usda.gov/CMS/AdobeImages/202200195.pdf,True,200,https://apps.ams.usda.gov/CMS/AdobeImages/202200195.pdf,,,http,2026-09-07T16:53:26.383785+00:00
International Varieties Unlimited / PFV,Meda Cherry portfolio,webResearchSources,https://medacherry.com/en/home-en/,True,200,https://medacherry.com/en/home-en/,,Home – en - Meda Cherry,http,2026-09-07T16:53:25.235263+00:00
Groupe Mercier,Official group site,webResearchSources,https://www.pepinieres-mercier.com/,True,200,https://www.pepinieres-mercier.com/,,"Mercier, p&eacute;pini&eacute;riste viticole | Plants de vigne de qualit&eacute;",http,2026-09-07T16:53:26.068529+00:00
Groupe Mercier,Novatech company profile,webResearchSources,https://www.laboratoire-novatech.com/en/the-company.php,True,200,https://www.laboratoire-novatech.com/en/the-company.php,,"Vine-specialized laboratory: analysis, selection, and research",http,2026-09-07T16:53:26.271078+00:00
Star Group / Star Fruits Diffusion,Primary contact,primaryContactUrl,https://star-fruits.com/en/teams-and-contact/,True,200,https://star-fruits.com/en/teams-and-contact/,,Teams and contact - Star-Fruits,http,2026-09-07T16:53:26.244762+00:00
Star Group / Star Fruits Diffusion,Cultivar evidence,websiteCultivarEvidenceUrl,https://star-fruits.com/,True,200,https://star-fruits.com/,,Accueil - Star Fruits,http,2026-09-07T16:53:26.689802+00:00
Star Group / Star Fruits Diffusion,PRUMAPY ownership filing,webResearchSources,https://www.pappers.fr/entreprise/prumapy-410036396/comptes/PRUMAPY%20-%20Comptes%20sociaux%202024%2012-06-2025.pdf,True,403,https://www.pappers.fr/entreprise/prumapy-410036396/comptes/PRUMAPY%20-%20Comptes%20sociaux%202024%2012-06-2025.pdf,Automated access was blocked or temporarily unavailable; source requires manual browser review.,,manual_browser_required,2026-09-07T16:53:26.174363+00:00
Fleuren Tree Nursery,Official family history,webResearchSources,https://fleuren.net/over-ons/,True,200,https://fleuren.net/over-ons/,,Over Fleuren - Fleuren Boomkwekerij,http,2026-09-07T16:53:27.078332+00:00
Fleuren Tree Nursery,Official contact,webResearchSources,https://fleuren.net/contact/,True,200,https://fleuren.net/contact/,,Contact - Fleuren Boomkwekerij,http,2026-09-07T16:53:27.171268+00:00
Fruitist / AGV Innovation,Official brands,webResearchSources,https://www.fruitist.com/our-brands,True,200,https://www.fruitist.com/our-brands,,Agrovision | Our Brands,http,2026-09-07T16:53:26.508084+00:00
Fruitist / AGV Innovation,Official company site,webResearchSources,https://www.fruitist.com/,True,200,https://www.fruitist.com/,,Fruitist | Jumbos and Delicious Berries,http,2026-09-07T16:53:26.515954+00:00
Frank P. Matthews Ltd.,Primary contact,primaryContactUrl,https://www.frankpmatthews.com/contact/,True,200,https://www.frankpmatthews.com/contact/,,Contact | Frank P Matthews Fruit and Ornamental Trees,http,2026-09-07T16:53:27.559753+00:00
Frank P. Matthews Ltd.,Official company site,webResearchSources,https://www.frankpmatthews.com/,True,200,https://www.frankpmatthews.com/,,Trees for Sale | Buy Trees Online from Frank P Matthews,http,2026-09-07T16:53:27.555537+00:00
Frank P. Matthews Ltd.,Companies House,webResearchSources,https://find-and-update.company-information.service.gov.uk/company/00492484,True,200,https://find-and-update.company-information.service.gov.uk/company/00492484,,FRANK P. MATTHEWS LIMITED overview - Find and update company information - GOV.UK,http,2026-09-07T16:53:27.285010+00:00
Vernoge,French company profile,webResearchSources,https://www.pappers.fr/entreprise/vernoge-791746399,True,403,https://www.pappers.fr/entreprise/vernoge-791746399,Automated access was blocked or temporarily unavailable; source requires manual browser review.,,manual_browser_required,2026-09-07T16:53:26.579407+00:00
JFT Nurseries Pty Ltd.,Cultivar evidence,websiteCultivarEvidenceUrl,https://jftnurseries.com.au/,True,403,https://jftnurseries.com.au/,Automated access was blocked or temporarily unavailable; source requires manual browser review.,,manual_browser_required,2026-09-07T16:53:26.696386+00:00
JFT Nurseries Pty Ltd.,Industry-verified profile,webResearchSources,https://greenlifeindustry.org.au/greenlife-search/jft-nurseries-pty-ltd,True,200,https://greenlifeindustry.org.au/greenlife-search/jft-nurseries-pty-ltd,,JFT Nurseries Pty Ltd | Greenlife Industry,http,2026-09-07T16:53:28.160347+00:00
David Mazzardis,Parent evidence,candidateParentEvidenceUrl,https://patents.google.com/patent/USPP27142P3/en,True,200,https://patents.google.com/patent/USPP27142P3/en,,USPP27142P3 - Blueberry plant named ‘EB 12-19’ - Google Patents,http,2026-09-07T16:53:26.967047+00:00
David Mazzardis,Government PVR evidence,webResearchSources,https://www.onssa.gov.ma/wp-content/uploads/2024/02/liste-varietes-protegees-au-maroc-fevrier2024-.pdf,False,,https://www.onssa.gov.ma/wp-content/uploads/2024/02/liste-varietes-protegees-au-maroc-fevrier2024-.pdf,URLError: <urlopen error [Errno 111] Connection refused>,,http,2026-09-07T16:53:27.217690+00:00
Oregon Blueberry Farm and Nursery,Primary contact,primaryContactUrl,https://www.oblueberry.com/contact/,True,200,https://www.oblueberry.com/contact-us/,,Contact Us | Oregon Blueberry,http,2026-09-07T16:53:27.852673+00:00
Oregon Blueberry Farm and Nursery,Official leadership,webResearchSources,https://www.oblueberry.com/our-team/,True,200,https://www.oblueberry.com/our-team/,,Our Team | Oregon Blueberry,http,2026-09-07T16:53:27.697505+00:00
Oregon Blueberry Farm and Nursery,Official company site,webResearchSources,https://www.oblueberry.com/,True,200,https://www.oblueberry.com/,,Oregon Blueberry | Nursery • Genetics • Farm,http,2026-09-07T16:53:27.723138+00:00
Baker PVR Limited,New Zealand registry mirror,webResearchSources,https://www.companyhub.nz/companyDetails.cfm?nzbn=9429049225105,True,403,https://www.companyhub.nz/companyDetails.cfm?nzbn=9429049225105,Automated access was blocked or temporarily unavailable; source requires manual browser review.,,manual_browser_required,2026-09-07T16:53:27.279893+00:00
Baker PVR Limited,High Court case text,webResearchSources,https://casechat.au/cases/nz/zespri-group-limited-v-baker-pvr-limited,True,403,https://casechat.au/cases/nz/zespri-group-limited-v-baker-pvr-limited,Automated access was blocked or temporarily unavailable; source requires manual browser review.,,manual_browser_required,2026-09-07T16:53:27.389791+00:00
Baker PVR Limited,PVR evidence,webResearchSources,https://www.gov.za/sites/default/files/gcis_document/202412/51711gon5625.pdf,True,200,https://www.gov.za/sites/default/files/gcis_document/202412/51711gon5625.pdf,,,http,2026-09-07T16:53:30.317304+00:00
Island Grove Ag.,Primary contact,primaryContactUrl,https://www.islandgrovenursery.com/contact-us,True,200,https://www.islandgrovenursery.com/contact-us,,Contact Us | Island Grove Nursery,http,2026-09-07T16:53:27.828467+00:00
Island Grove Ag.,Licensed propagator evidence,webResearchSources,https://www.uaex.uada.edu/farm-ranch/crops-commercial-horticulture/horticulture/docs/UofA-Fruit-Patent-Licensed-Propagators.pdf,True,200,https://www.uaex.uada.edu/farm-ranch/crops-commercial-horticulture/horticulture/docs/UofA-Fruit-Patent-Licensed-Propagators.pdf,,,http,2026-09-07T16:53:28.347904+00:00
Howell Fruit Advantage LLC,Patent and assignment record,webResearchSources,https://patents.google.com/patent/USPP28545P3/en,True,200,https://patents.google.com/patent/USPP28545P3/en,,USPP28545P3 - Apple tree named ‘Howell TC2’ - Google Patents,http,2026-09-07T16:53:27.798562+00:00
Howell Fruit Advantage LLC,Commercialization evidence,webResearchSources,https://provarmanagement.com/lucy/,True,200,https://provarmanagement.com/lucy/,,Lucy™ | PVM,http,2026-09-07T16:53:28.904579+00:00
Nipama LLC,Trademark evidence,trademarkEvidenceUrl,https://tramites.inapi.cl/Trademark/TrademarkDailyStatus/DownloadFile?dailyStatesTypeId=2&filedate=02%2F02%2F2026+12%3A00%3A00+a.+m.&stream_id=7d69ca91-3f00-f111-894d-040973dcfef1,True,200,https://tramites.inapi.cl/Trademark/TrademarkDailyStatus/DownloadFile?dailyStatesTypeId=2&filedate=02%2F02%2F2026+12%3A00%3A00+a.+m.&stream_id=7d69ca91-3f00-f111-894d-040973dcfef1,,,http,2026-09-07T16:53:29.403512+00:00
Nipama LLC,Florida entity search,webResearchSources,https://search.sunbiz.org/Inquiry/CorporationSearch/SearchResults/OfficerRegisteredAgentName/Cazaux%20De%20Legier%20Gonlourdes/Page1,True,403,https://search.sunbiz.org/Inquiry/CorporationSearch/SearchResults/OfficerRegisteredAgentName/Cazaux%20De%20Legier%20Gonlourdes/Page1,Automated access was blocked or temporarily unavailable; source requires manual browser review.,,manual_browser_required,2026-09-07T16:53:27.868044+00:00
Nipama LLC,California nursery list,webResearchSources,https://plant.cdfa.ca.gov/nurserylicense/nlscanp.Asp,True,200,https://plant.cdfa.ca.gov/nurserylicense/nlscanp.Asp,,,http,2026-09-07T16:53:28.655577+00:00
Nipama LLC,Chilean PVR notice,webResearchSources,https://www.litoralpress.cl/SimbiuPDF/2025/06/02/5943352.pdf,True,200,https://www.litoralpress.cl/SimbiuPDF/2025/06/02/5943352.pdf,,,http,2026-09-07T16:53:29.567822+00:00
Sunglo Varieties Limited,Primary contact,primaryContactUrl,https://www.wvm.co.nz/contact/,True,200,https://www.waimeanurseries.co.nz/,,About Waimea Nurseries &raquo; Waimea Nurseries,http,2026-09-07T16:53:33.043363+00:00
Sunglo Varieties Limited,New Zealand registry mirror,webResearchSources,https://www.companyhub.nz/companyDetails.cfm?nzbn=9429032381672,True,403,https://www.companyhub.nz/companyDetails.cfm?nzbn=9429032381672,Automated access was blocked or temporarily unavailable; source requires manual browser review.,,manual_browser_required,2026-09-07T16:53:28.227619+00:00
Sunglo Varieties Limited,Official IP explanation,webResearchSources,https://www.ladyinredapple.com/intellectual-property,True,200,https://www.ladyinredapple.com/intellectual-property,,Intellectual Property &mdash; Lady in Red Apple,http,2026-09-07T16:53:28.614481+00:00
Zespri Group Limited,Primary contact,primaryContactUrl,https://www.zespri.com/content/zespri/nz/en-NZ/contactusnz.html,True,200,https://www.zespri.com/en-NZ/contactusnz,,Contact Zespri New Zealand,http,2026-09-07T16:53:30.090917+00:00
Zespri Group Limited,Official ownership factsheet,webResearchSources,https://www.zespri.com/content/dam/zespri/nz/corporate-information/shares1/ZGL-Share-trading-factsheet.pdf,True,200,https://www.zespri.com/content/dam/zespri/nz/corporate-information/shares1/ZGL-Share-trading-factsheet.pdf,,,http,2026-09-07T16:53:28.782958+00:00
Zespri Group Limited,Kiwifruit Breeding Centre venture,webResearchSources,https://www.zespri.com/en-NZ/publications/newsroomdetail/Kiwifruit-Breeding-Centre,True,200,https://www.zespri.com/en-NZ/publications/newsroomdetail/Kiwifruit-Breeding-Centre,,Newsroom Detail,http,2026-09-07T16:53:29.805746+00:00
Dole South Africa,Primary contact,primaryContactUrl,https://www.dolesa.co.za/,True,200,https://www.dolesa.co.za/,,#1 Dole South Africa | Exporter and Producer of Fruit | #1 Dole South Africa | Exporter and Producer of Fruit,http,2026-09-07T16:53:33.735475+00:00
Dole South Africa,Official management team,webResearchSources,https://www.dolesa.co.za/about-us-2/management-team-2026/,True,200,https://www.dolesa.co.za/about-us-2/management-team-2026/,,Management team 2026 | #1 Dole South Africa | Exporter and Producer of Fruit,http,2026-09-07T16:53:34.030282+00:00
Dole South Africa,Official transaction timeline,webResearchSources,https://www.dolesa.co.za/timeline-2/,True,200,https://www.dolesa.co.za/timeline-2/,,Timeline | #1 Dole South Africa | Exporter and Producer of Fruit,http,2026-09-07T16:53:34.282476+00:00
Cuna de Platero,Primary contact,primaryContactUrl,https://www.cunadeplatero.com/contacto/,True,200,https://www.cunadeplatero.com/contacto/,,Contacto - Cuna de Platero,http,2026-09-07T16:53:32.034937+00:00
Cuna de Platero,Official legal identity,webResearchSources,https://www.cunadeplatero.com/aviso-legal-y-datos-de-empresa/,True,200,https://www.cunadeplatero.com/aviso-legal-y-datos-de-empresa/,,Aviso Legal y Datos de empresa - Cuna de Platero,http,2026-09-07T16:53:32.032678+00:00
Cuna de Platero,Cupla variety evidence,webResearchSources,https://www.cunadeplatero.com/descubre-cupla/,True,200,https://www.cunadeplatero.com/descubre-cupla/,,Descubre Cupla - Cuna de Platero,http,2026-09-07T16:53:31.817317+00:00
Cuna de Platero,2025 cooperative report,webResearchSources,https://www.cunadeplatero.com/wp-content/uploads/2026/02/RSC_2025.pdf,True,200,https://www.cunadeplatero.com/wp-content/uploads/2026/02/RSC_2025.pdf,,,http,2026-09-07T16:53:31.730861+00:00
Westfalia Fruit / Hans Merensky Holdings,HMH ownership,webResearchSources,https://www.hmh.co.za/about/,True,200,https://www.hmh.co.za/about/,,About - Hans Merensky Holdings,http,2026-09-07T16:53:32.943539+00:00
Westfalia Fruit / Hans Merensky Holdings,Group entity manual,webResearchSources,https://www.hmh.co.za/wp-content/uploads/2019/02/PAIA-Manual.pdf,True,200,https://www.hmh.co.za/wp-content/uploads/2019/02/PAIA-Manual.pdf,,,http,2026-09-07T16:53:33.383375+00:00
Westfalia Fruit / Hans Merensky Holdings,GEM license example,webResearchSources,https://www.seeka.co.nz/latest-news/id/432,True,403,https://www.seeka.co.nz/latest-news/id/432,Automated access was blocked or temporarily unavailable; source requires manual browser review.,,manual_browser_required,2026-09-07T16:53:32.185027+00:00
Croc Valley Farms (Pty) Ltd,South African Gazette transfer,webResearchSources,https://www.gov.za/sites/default/files/gcis_document/202412/51711gon5624.pdf,True,200,https://www.gov.za/sites/default/files/gcis_document/202412/51711gon5624.pdf,,,http,2026-09-07T16:53:34.725481+00:00
Croc Valley Farms (Pty) Ltd,Morocco PVR bulletin,webResearchSources,https://www.onssa.gov.ma/wp-content/uploads/2025/06/bulletin-protection-n43-avril-2025-onssa-dcsp.pdf,False,,https://www.onssa.gov.ma/wp-content/uploads/2025/06/bulletin-protection-n43-avril-2025-onssa-dcsp.pdf,URLError: <urlopen error [Errno 111] Connection refused>,,http,2026-09-07T16:53:32.730344+00:00
Croc Valley Farms (Pty) Ltd,Historical operating-asset transaction,webResearchSources,https://www.komatifruits.co.za/news/newest-member-of-the-family/,True,200,https://www.komatifruits.co.za/news/newest-member-of-the-family/,,Newest Member of the Family &#8211; Komati Fruits,http,2026-09-07T16:53:35.217057+00:00
South African Avocado Growers Association,Primary contact,primaryContactUrl,https://www.subtrop.co.za/meet-the-team/,True,200,https://www.subtrop.co.za/meet-the-team/,,Meet the Team - subtrop,http,2026-09-07T16:53:38.248121+00:00
South African Avocado Growers Association,Contact source,contactSourceUrl,https://www.subtrop.co.za/about_us/,True,200,https://www.subtrop.co.za/about_us/,,About Us - subtrop,http,2026-09-07T16:53:38.207518+00:00
Summerland Varieties Corp.,Primary contact,primaryContactUrl,https://summerlandvarieties.com/,True,200,https://summerlandvarieties.com/,,Summerland Varieties Corp &#8211; Intellectual Property Management for World-Class Tree Fruits​,http,2026-09-07T16:53:33.476219+00:00
Summerland Varieties Corp.,Industry ownership confirmation,webResearchSources,https://www.bctfpg.ca/horticulture/varieties-and-pollination/,True,200,https://www.bctfpg.ca/horticulture/varieties-and-pollination/,,Varieties and Pollination | BC Tree Fruit Production Guide,http,2026-09-07T16:53:34.098883+00:00
Caudle Apple Inc.,US plant patent,webResearchSources,https://patents.google.com/patent/USPP9068P/en,True,200,https://patents.google.com/patent/USPP9068P/en,,USPP9068P - Apple tree: Caudle cultivar - Google Patents,http,2026-09-07T16:53:33.887299+00:00
Caudle Apple Inc.,Secondary registry summary,webResearchSources,https://bizstanding.com/directory/WA/CA/1467/,True,403,https://bizstanding.com/directory/WA/CA/1467/,Automated access was blocked or temporarily unavailable; source requires manual browser review.,,manual_browser_required,2026-09-07T16:53:33.862208+00:00
Qualiagro S.A.,Parent evidence,candidateParentEvidenceUrl,https://active.inspection.gc.ca/english/plaveg/pbrpov/cropreport/tang/app00013502e.shtml,True,200,https://active.inspection.gc.ca/english/plaveg/pbrpov/cropreport/tang/app00013502e.shtml,,Canadian Food Inspection Agency - Sweet Cott 2,http,2026-09-07T16:53:34.178013+00:00
Qualiagro S.A.,Les Domaines Agricoles,webResearchSources,https://lesdomainesagricoles.com/nous-connaitre,True,200,https://lesdomainesagricoles.com/nous-connaitre,,À propos des Domaines Agricoles | Expertise agricole au Maroc | les domaines agricoles,http,2026-09-07T16:53:34.752658+00:00
Changsha Yanoon BioTech Co. Ltd.,Primary contact,primaryContactUrl,https://kiwikofruit.com/contact,True,200,https://kiwikofruit.com/contact,,Contact | KIWIKO® Global Variety Management,http,2026-09-07T16:53:35.206083+00:00
Changsha Yanoon BioTech Co. Ltd.,KIWIKO variety manager,webResearchSources,https://kiwikofruit.com/our-kiwifruit-varieties,True,200,https://kiwikofruit.com/our-kiwifruit-varieties,,Our Varieties | KIWIKO® Global Variety Management,http,2026-09-07T16:53:35.600599+00:00
Changsha Yanoon BioTech Co. Ltd.,Japanese official variety record,webResearchSources,https://www.hinshu2.maff.go.jp/vips/cmm/apCMM111.aspx?LANGUAGE=Japanese&SHUTSUGAN_NO=35298,True,200,https://www.hinshu2.maff.go.jp/vips/cmm/apCMM111.aspx?LANGUAGE=Japanese&SHUTSUGAN_NO=35298,,品種登録迅速化総合電子化システム,http,2026-09-07T16:53:34.712170+00:00
CITA Aragon,Primary contact,primaryContactUrl,https://cita-aragon.es/,True,200,https://cita-aragon.es/,,CITA ARAGÓN &#8211; Centro de Investigación y Tecnología Agroalimentaria de Aragón,http,2026-09-07T16:53:36.326996+00:00
CITA Aragon,Official legal identity,webResearchSources,https://cita-aragon.es/aviso-legal/,True,200,https://cita-aragon.es/aviso-legal/,,Aviso legal &#8211; CITA ARAGÓN,http,2026-09-07T16:53:37.188945+00:00
CITA Aragon,Rafael Socias biography,webResearchSources,https://cita-aragon.es/en/adios-al-investigador-rafael-socias-i-company/,True,200,https://cita-aragon.es/en/adios-al-investigador-rafael-socias-i-company/,,Adiós al investigador Rafael Socías i Company &#8211; CITA ARAGÓN,http,2026-09-07T16:53:36.151658+00:00
Berry Gardens Growers,Primary contact,primaryContactUrl,https://www.bggrowers.co.uk/contact/,True,200,https://www.bggrowers.co.uk/contact/,,Contact | Berry Gardens Growers ..,http,2026-09-07T16:53:35.713943+00:00
Berry Gardens Growers,Official history,webResearchSources,https://www.bggrowers.co.uk/about-us/our-history/,True,200,https://www.bggrowers.co.uk/about-us/our-history/,,History | Berry Gardens Growers ..,http,2026-09-07T16:53:36.175291+00:00
Berry Gardens Growers,CMA Driscoll's relationship record,webResearchSources,https://www.gov.uk/cma-cases/kg-growers-ltd-s-a-t-ltda-alconeras-driscoll-strawberry-associates-inc,True,200,https://www.gov.uk/cma-cases/kg-growers-ltd-s-a-t-ltda-alconeras-driscoll-strawberry-associates-inc,,KG Growers Ltd / S.A.T. Ltda Alconeras / Driscoll Strawberry Associates Inc - GOV.UK,http,2026-09-07T16:53:35.603529+00:00
Annapeter Property Limited,New Zealand Gazette notice,webResearchSources,https://gazette.govt.nz/notice/id/2023-ds2000,True,200,https://gazette.govt.nz/notice/id/2023-ds2000,,,http,2026-09-07T16:53:35.719528+00:00
Annapeter Property Limited,Secondary company profile,webResearchSources,https://oversightsolutions.co.nz/profile/ANNAPETER-PROPERTY-LIMITED,True,200,https://oversightsolutions.co.nz/profile/ANNAPETER-PROPERTY-LIMITED,,Profile for ANNAPETER PROPERTY LIMITED,http,2026-09-07T16:53:36.599677+00:00
Powell Navel Pty Ltd.,US plant patent,webResearchSources,https://patents.google.com/patent/USPP6733P/en,True,200,https://patents.google.com/patent/USPP6733P/en,,USPP6733P - Navel orange plant named Powell Late Navel - Google Patents,http,2026-09-07T16:53:35.933723+00:00
Powell Navel Pty Ltd.,UCR cultivar record,webResearchSources,https://citrusvariety.ucr.edu/crc4040,True,200,https://citrusvariety.ucr.edu/crc4040,,Powell navel orange | Givaudan Citrus Variety Collection at UCR,http,2026-09-07T16:53:36.799110+00:00
Willashben Pty Ltd.,Trademark evidence,trademarkEvidenceUrl,https://furm.com/trademarks/miapple-79362607,True,200,https://furm.com/trademarks/miapple-79362607,,MIAPPLE Trademark of Willashben Pty Ltd - Serial Number 79362607 - Furm,http,2026-09-07T16:53:36.075691+00:00
Willashben Pty Ltd.,Australian PBR journal,webResearchSources,https://www.ipaustralia.gov.au/tools-and-research/professional-resources/ip-rights-journals/~/-/media/Project/IPA/IPAustralia/PDF/PBR-Journals/Volume-28-Number-1.pdf?rev=5b5abc917c22430e8e376ec870c9493f,True,200,https://www.ipaustralia.gov.au/tools-and-research/professional-resources/ip-rights-journals/~/-/media/Project/IPA/IPAustralia/PDF/PBR-Journals/Volume-28-Number-1.pdf?rev=5b5abc917c22430e8e376ec870c9493f,,,http,2026-09-07T16:53:37.933206+00:00
Willashben Pty Ltd.,Lenswood commercialization,webResearchSources,https://lenswoodcoop.com.au/nfga/miapple/,True,200,https://lenswoodcoop.com.au/nfga/miapple/,,Lenswood Apples | Miapple,http,2026-09-07T16:53:37.642225+00:00
CABP 4 Limited,US plant patent,webResearchSources,https://patents.google.com/patent/USPP17914P2/en,True,200,https://patents.google.com/patent/USPP17914P2/en,,USPP17914P2 - Apple tree named ‘CABp Fuji’ - Google Patents,http,2026-09-07T16:53:36.390475+00:00
CABP 4 Limited,New Zealand Gazette notice,webResearchSources,https://gazette.govt.nz/notice/id/2021-ds4795,True,200,https://gazette.govt.nz/notice/id/2021-ds4795,,,http,2026-09-07T16:53:36.426228+00:00
Comoset (Pty) Ltd.,CPVO title,webResearchSources,https://www.clubvvp.com/wp-content/uploads/2021/06/Leanri-CPVO-Title-58880.pdf,True,200,https://www.clubvvp.com/wp-content/uploads/2021/06/Leanri-CPVO-Title-58880.pdf,,,http,2026-09-07T16:53:37.844118+00:00
Comoset (Pty) Ltd.,Citrogold manager profile,webResearchSources,https://za.linkedin.com/company/citrogold,True,syntax checked,https://za.linkedin.com/company/citrogold,,,manual_browser_required,2026-09-07T16:53:36.426278+00:00
Seminis Vegetable Seeds,Official Seminis profile,webResearchSources,https://www.vegetables.bayer.com/language-masters/en-us/products/seminis.html,True,200,https://www.vegetables.bayer.com/language-masters/en-us/products/seminis.html,,Seminis | High quality vegetable seed varieties | Vegetables by Bayer,http,2026-09-07T16:53:36.790579+00:00
Seminis Vegetable Seeds,Bayer legal terms,webResearchSources,https://www.vegetables.bayer.com/content/dam/bayer-vegetables/english/united-states-canada/product-sheets-and-pdfs/2026%20Terms%20and%20Conditions%20-%20terms.pdf,True,200,https://www.vegetables.bayer.com/content/dam/bayer-vegetables/english/united-states-canada/product-sheets-and-pdfs/2026%20Terms%20and%20Conditions%20-%20terms.pdf,,,http,2026-09-07T16:53:36.854014+00:00
Constellation Brands U.S. Operations,Primary contact,primaryContactUrl,https://www.cbrands.com/pages/contact,True,200,https://www.cbrands.com/pages/contact,,General Information &ndash; Constellation Brands Corporate Website,http,2026-09-07T16:53:37.003403+00:00
Constellation Brands U.S. Operations,2026 Form 10-K,webResearchSources,https://ir.cbrands.com/sec-filings/all-sec-filings/content/0000016918-26-000011/stz-20260228.htm,True,200,https://ir.cbrands.com/sec-filings/all-sec-filings/content/0000016918-26-000011/stz-20260228.htm,,"April 22, 2026 - 10-K: Annual report [Section 13 and 15(d), not S-K Item 405] | Constellation Brands, Inc. (STZ)",http,2026-09-07T16:53:37.190839+00:00
Constellation Brands U.S. Operations,USDA certificate list,webResearchSources,https://www.ams.usda.gov/sites/default/files/media/7-25-2025_25IssuedCertificates.pdf,True,200,https://www.ams.usda.gov/sites/default/files/media/7-25-2025_25IssuedCertificates.pdf,,,http,2026-09-07T16:53:37.168999+00:00
CAP Farms Inc.,Official CFIA PBR record,webResearchSources,https://active.inspection.gc.ca/english/plaveg/pbrpov/cropreport/app/app00010818e.shtml,True,200,https://active.inspection.gc.ca/english/plaveg/pbrpov/cropreport/app/app00010818e.shtml,,Canadian Food Inspection Agency - CAP001,http,2026-09-07T16:53:37.278107+00:00
CAP Farms Inc.,Orchard and succession profile,webResearchSources,https://fruitgrowersnews.com/news/ifta-summer-tour-a-review-of-day-1/,True,403,https://fruitgrowersnews.com/news/ifta-summer-tour-a-review-of-day-1/,Automated access was blocked or temporarily unavailable; source requires manual browser review.,,manual_browser_required,2026-09-07T16:53:37.319871+00:00
CAP Farms Inc.,Next-generation public profile,webResearchSources,https://www.freshplaza.com/north-america/article/9559488/as-harvest-starts-nova-scotia-apple-growers-hope-for-a-good-season/,True,200,https://www.freshplaza.com/north-america/article/9559488/as-harvest-starts-nova-scotia-apple-growers-hope-for-a-good-season/,,"As harvest starts, Nova Scotia apple growers hope for a good season",http,2026-09-07T16:53:37.447293+00:00
AGRANA Fruit Services GmbH,Austrian company register,webResearchSources,https://www.evi.gv.at/f/311110s,True,200,https://www.evi.gv.at/f/311110s,,evi.gv.at | AGRANA Fruit Services GmbH 1020 Wien | Firmenbuch,http,2026-09-07T16:53:39.248228+00:00
AGRANA Fruit Services GmbH,Official AGRANA fruit business,webResearchSources,https://www.agrana.com/en/products/all-productportfolios/fruit-juice/agrana-fruit,True,200,https://www.agrana.com/en/products/all-productportfolios/fruit-juice/agrana-fruit,,AGRANA Fruit | International | AGRANA,http,2026-09-07T16:53:38.019783+00:00
HOB Co. Ltd.,Primary contact,primaryContactUrl,https://hob.co.jp/company/,True,,https://hob.co.jp/company/,Automated request timed out; source requires manual browser review.,,manual_browser_required,2026-09-07T16:53:57.468054+00:00
HOB Co. Ltd.,Official strawberry business,webResearchSources,https://hob.co.jp/business/strawberry_seedling/,True,,https://hob.co.jp/business/strawberry_seedling/,Automated request timed out; source requires manual browser review.,,manual_browser_required,2026-09-07T16:53:57.468293+00:00
Nippon Ryokusan Co. Ltd.,Primary contact,primaryContactUrl,https://nippon-ryokusan.co.jp/contact/,True,,https://nippon-ryokusan.co.jp/contact/,Automated request timed out; source requires manual browser review.,,manual_browser_required,2026-09-07T16:53:57.644020+00:00
Nippon Ryokusan Co. Ltd.,Contact source,contactSourceUrl,https://nippon-ryokusan.co.jp/about/,True,,https://nippon-ryokusan.co.jp/about/,Automated request timed out; source requires manual browser review.,,manual_browser_required,2026-09-07T16:53:57.651014+00:00
Nippon Ryokusan Co. Ltd.,NH-11 patent,webResearchSources,https://patents.google.com/patent/US20180199481P1/en,True,200,https://patents.google.com/patent/US20180199481P1/en,,US20180199481P1 - Vaccinium corymbosum L. plant named &#39;RYOKU NH-11&#39; - Google Patents,http,2026-09-07T16:53:37.799714+00:00
Black Venture Farm / Frutura,Primary contact,primaryContactUrl,https://www.fruturaproduce.com/companies/,True,200,https://www.fruturaproduce.com/companies/,,Companies | Frutura,http,2026-09-07T16:53:38.293797+00:00
Black Venture Farm / Frutura,Official company site,webResearchSources,https://blackventurefarm.com/,True,200,https://blackventurefarm.com/,,Black Venture Farm,http,2026-09-07T16:53:38.071805+00:00
Black Venture Farm / Frutura,USDA Aketzali application,webResearchSources,https://apps.ams.usda.gov/CMS/AdobeImages/202000246.pdf,True,200,https://apps.ams.usda.gov/CMS/AdobeImages/202000246.pdf,,,http,2026-09-07T16:53:39.205504+00:00
Del Monte International GmbH,Fresh Del Monte annual report,webResearchSources,https://freshdelmonte.com/wp-content/uploads/2026/06/2025-Annual-Report.pdf,True,200,https://freshdelmonte.com/wp-content/uploads/2026/06/2025-Annual-Report.pdf,,,http,2026-09-07T16:53:38.686640+00:00
Del Monte International GmbH,FR28203 plant patent,webResearchSources,https://patents.google.com/patent/USPP36777P2/en,True,200,https://patents.google.com/patent/USPP36777P2/en,,USPP36777P2 - Pineapple plant named ‘FR28203’ - Google Patents,http,2026-09-07T16:53:38.272118+00:00
Del Monte International GmbH,Vintage Ruby plant patent,webResearchSources,https://patents.google.com/patent/USPP33544P2/en,True,200,https://patents.google.com/patent/USPP33544P2/en,,USPP33544P2 - Pineapple plant named ‘Vintage Ruby’ - Google Patents,http,2026-09-07T16:53:38.334533+00:00
PREMIER NURSERY,Parent evidence,candidateParentEvidenceUrl,https://active.inspection.gc.ca/english/plaveg/pbrpov/cropreport/tan/app00009347e.shtml,True,200,https://active.inspection.gc.ca/english/plaveg/pbrpov/cropreport/tan/app00009347e.shtml,,Canadian Food Inspection Agency - CODE 66 75,http,2026-09-07T16:53:38.537287+00:00
PREMIER NURSERY,Pressler patent records,webResearchSources,https://patents.justia.com/inventor/craig-robert-pressler,True,403,https://patents.justia.com/inventor/craig-robert-pressler,Automated access was blocked or temporarily unavailable; source requires manual browser review.,,manual_browser_required,2026-09-07T16:53:38.314883+00:00
Antonio A. Alamo Bermudo,Primary contact,primaryContactUrl,https://www.fallcreeknursery.com/,True,200,https://www.fallcreeknursery.com/,,Fall Creek® | World's Leading Blueberry Nursery Stock Company,http,2026-09-07T16:53:39.192211+00:00
Antonio A. Alamo Bermudo,Fall Creek history,webResearchSources,https://www.fallcreeknursery.com/about/about-fall-creek/our-history,True,200,https://www.fallcreeknursery.com/about/about-fall-creek/our-history,,Our History | Fall Creek Nursery,http,2026-09-07T16:53:39.631261+00:00
Antonio A. Alamo Bermudo,Variety spotlight,webResearchSources,https://fallcreekcatalogs.com/variety-spotlight/,True,200,https://fallcreekcatalogs.com/variety-spotlight/,,Fall Creek | Spotlight on Blueberry Varieties,http,2026-09-07T16:53:38.924030+00:00
Luis Rallo Romero,Primary contact,primaryContactUrl,https://www.uco.es/organiza/departamentos/agronomia/es/luis-rallo-romero,True,200,https://www.uco.es/organiza/departamentos/agronomia/es/luis-rallo-romero,,Luís Rallo Romero,http,2026-09-07T16:53:39.556612+00:00
Luis Rallo Romero,UCOLIVO program,webResearchSources,https://www.uco.es/ucolivo/bgmo/,True,200,https://www.uco.es/ucolivo/bgmo/,,Redirigiendo...,http,2026-09-07T16:53:39.056928+00:00
Omar Carrillo Mendoza,Primary contact,primaryContactUrl,https://www.driscolls.com/about,True,200,https://www.driscolls.com/about,,About,http,2026-09-07T16:53:39.206516+00:00
Omar Carrillo Mendoza,CFIA PBR,webResearchSources,https://active.inspection.gc.ca/english/plaveg/pbrpov/cropreport/str/app00011207e.shtml,True,200,https://active.inspection.gc.ca/english/plaveg/pbrpov/cropreport/str/app00011207e.shtml,,Canadian Food Inspection Agency - DrisStrawSixtyThree,http,2026-09-07T16:53:39.205794+00:00
Simone Diego Castellarin,Primary contact,primaryContactUrl,https://www.landfood.ubc.ca/simone-castellarin/,True,200,https://www.landfood.ubc.ca/simone-castellarin/,,Simone Castellarin - Faculty of Land and Food Systems,http,2026-09-07T16:53:39.900574+00:00
Simone Diego Castellarin,Soreli PBR,webResearchSources,https://active.inspection.gc.ca/english/plaveg/pbrpov/cropreport/gra/app00010243e.shtml,True,200,https://active.inspection.gc.ca/english/plaveg/pbrpov/cropreport/gra/app00010243e.shtml,,Canadian Food Inspection Agency - Fleurtai,http,2026-09-07T16:53:39.526422+00:00
Terence L. Robinson,Primary contact,primaryContactUrl,https://cals.cornell.edu/people/terence-lee-robinson,True,200,https://cals.cornell.edu/people/terence-lee-robinson,,Terence Lee Robinson | CALS,http,2026-09-07T16:53:40.320058+00:00
Terence L. Robinson,Geneva program update,webResearchSources,https://news.cornell.edu/stories/2023/12/three-new-apple-rootstocks-bolster-genevas-program,True,200,https://news.cornell.edu/stories/2023/12/three-new-apple-rootstocks-bolster-genevas-program,,Three new apple rootstocks bolster Geneva’s program | Cornell Chronicle,http,2026-09-07T16:53:39.786958+00:00
Arlen Draper,USDA history,webResearchSources,https://www.ars.usda.gov/ARSUserFiles/oc/np/150YearsofResearchatUSDA/150YearsofResearchatUSDA.pdf,True,200,https://www.ars.usda.gov/ARSUserFiles/oc/np/150YearsofResearchatUSDA/150YearsofResearchatUSDA.pdf,,,http,2026-09-07T16:53:39.752708+00:00
Arlen Draper,DrisBlue PBR,webResearchSources,https://active.inspection.gc.ca/english/plaveg/pbrpov/cropreport/bl/app00007352e.shtml,True,,https://active.inspection.gc.ca/english/plaveg/pbrpov/cropreport/bl/app00007352e.shtml,Automated request timed out; source requires manual browser review.,,manual_browser_required,2026-09-07T16:53:59.308095+00:00
Perl Avichai,Primary contact,primaryContactUrl,https://www.agri.gov.il/en/,True,200,https://www.agri.gov.il/en/,,Home - Volcani Website,http,2026-09-07T16:53:40.676987+00:00
Perl Avichai,Big Pearl assignment,webResearchSources,https://patents.google.com/patent/USPP23022P3/en,True,200,https://patents.google.com/patent/USPP23022P3/en,,USPP23022P3 - Grapevine named ‘BIG PEARL’ - Google Patents,http,2026-09-07T16:53:39.784112+00:00
Walther Faedi,Primary contact,primaryContactUrl,https://www.crea.gov.it/,True,200,https://www.crea.gov.it/,,CREA - Consiglio per la ricerca in agricoltura e l&#39;analisi dell&#39;economia agraria - CREA,http,2026-09-07T16:53:41.276939+00:00
Walther Faedi,CREA strawberry portfolio,webResearchSources,https://www.crea.gov.it/documents/20126/0/cartella_stampa_fragola.pdf/b5532d48-e1a5-26d2-18bc-e99ffd01a80d?t=1619176107016,True,200,https://www.crea.gov.it/documents/20126/0/cartella_stampa_fragola.pdf/b5532d48-e1a5-26d2-18bc-e99ffd01a80d?t=1619176107016,,,http,2026-09-07T16:53:41.497400+00:00
Walther Faedi,CREA innovation catalog,webResearchSources,https://innovazioni.crea.gov.it/download/2019__Catalogo_PI_CREA_Aggiornamento2.pdf,True,200,https://innovazioni.crea.gov.it/download/2019__Catalogo_PI_CREA_Aggiornamento2.pdf,,,http,2026-09-07T16:53:41.563765+00:00
Camposol S.A.,Primary contact,primaryContactUrl,https://www.camposol.com/,True,200,https://www.camposol.com/,,Home - Camposol,http,2026-09-07T16:53:40.218760+00:00
Camposol S.A.,Camposol investor disclosure,webResearchSources,https://camposol.gcs-web.com/static-files/04607ae6-390d-495e-a194-6fcb20173a90,True,200,https://camposol.gcs-web.com/static-files/04607ae6-390d-495e-a194-6fcb20173a90,,,http,2026-09-07T16:53:40.512202+00:00
Camposol S.A.,Patent assignee list,webResearchSources,https://patents.justia.com/assignee/camposol-s-a,True,403,https://patents.justia.com/assignee/camposol-s-a,Automated access was blocked or temporarily unavailable; source requires manual browser review.,,manual_browser_required,2026-09-07T16:53:40.285401+00:00
Gianluca Baruzzi,Primary contact,primaryContactUrl,https://www.crea.gov.it/,True,200,https://www.crea.gov.it/,,CREA - Consiglio per la ricerca in agricoltura e l&#39;analisi dell&#39;economia agraria - CREA,http,2026-09-07T16:53:41.276939+00:00
Gianluca Baruzzi,CREA profile,webResearchSources,https://creafuturo.crea.gov.it/17275/,True,200,https://creafuturo.crea.gov.it/17275/,,Nuove varietà CREA/3: frutta | CREA futuro,http,2026-09-07T16:53:49.767292+00:00
Gianluca Baruzzi,CREA licensing notice,webResearchSources,https://www.crea.gov.it/-/variet%C3%A0-di-fragola-medi-e-ligea-licenza-non-esclusiva-rif.-2024-16-ofa-,True,200,https://www.crea.gov.it/-/variet%C3%A0-di-fragola-medi-e-ligea-licenza-non-esclusiva-rif.-2024-16-ofa-,,Varietà di Fragola MEDI&#39; e LIGEA - Licenza non esclusiva (rif. 2024-16-OFA) - Varietà di Fragola MEDI&#39; e LIGEA - Licenza non esclusiva (rif. 2024-16-OFA) - CREA,http,2026-09-07T16:53:41.363739+00:00
Kato Hidenori,Primary contact,primaryContactUrl,https://www.naro.go.jp/,True,200,https://www.naro.go.jp/,,農研機構 | 国立研究開発法人農業・食品産業技術総合研究機構,http,2026-09-07T16:53:41.251074+00:00
Kato Hidenori,NARO leadership,webResearchSources,https://www.naro.go.jp/diversity/next-plan/sekininsha-message.html,True,200,https://www.naro.go.jp/diversity/next-plan/sekininsha-message.html,,ダイバーシティ推進:推進責任者等からのメッセージ | 農研機構,http,2026-09-07T16:53:41.370036+00:00
Kato Hidenori,NARO varieties,webResearchSources,https://www.naro.go.jp/collab/breed/0400/0415/060813.html,True,200,https://www.naro.go.jp/collab/breed/0400/0415/060813.html,,なるみ | 農研機構,http,2026-09-07T16:53:41.894880+00:00
Luis Miguel Rodriguez,Primary contact,primaryContactUrl,https://www.driscolls.com/,True,200,https://www.driscolls.com/,,Driscoll&#x27;s,http,2026-09-07T16:53:41.656691+00:00
Luis Miguel Rodriguez,Strawberry PBR,webResearchSources,https://active.inspection.gc.ca/english/plaveg/pbrpov/cropreport/str/app00011187e.shtml,True,200,https://active.inspection.gc.ca/english/plaveg/pbrpov/cropreport/str/app00011187e.shtml,,Canadian Food Inspection Agency - DrisStrawSixtyTwo,http,2026-09-07T16:53:41.645070+00:00
Luis Miguel Rodriguez,Raspberry PBR,webResearchSources,https://active.inspection.gc.ca/english/plaveg/pbrpov/cropreport/ra/app00012149e.shtml,True,200,https://active.inspection.gc.ca/english/plaveg/pbrpov/cropreport/ra/app00012149e.shtml,,Canadian Food Inspection Agency - DrisRaspTwentyOne,http,2026-09-07T16:53:41.674048+00:00
Gary Wright,Primary contact,primaryContactUrl,https://costagroup.com.au/contact-us/,True,200,https://costagroup.com.au/contact-us/,,Contact - Costa Group,http,2026-09-07T16:53:42.751012+00:00
Gary Wright,Costa ownership transition,webResearchSources,https://costagroup.com.au/2024/02/26/costa-group-enters-new-ownership-phase-as-experienced-consortium-takes-control/,True,200,https://costagroup.com.au/2024/02/26/costa-group-enters-new-ownership-phase-as-experienced-consortium-takes-control/,,Costa Group enters new ownership phase as experienced Consortium takes control - Costa Group,http,2026-09-07T16:53:43.010428+00:00
Gary Wright,C99-42 patent,webResearchSources,https://patentimages.storage.googleapis.com/c7/5c/1e/f1eddc55d2ec46/USPP20695.pdf,True,200,https://patentimages.storage.googleapis.com/c7/5c/1e/f1eddc55d2ec46/USPP20695.pdf,,,http,2026-09-07T16:53:41.960251+00:00
Gabriele Di Gaspero,Primary contact,primaryContactUrl,https://igatechnology.com/igatech/who-we-are/,True,200,https://igatechnology.com/igatech/who-we-are/,,IGATech - Who we are - IGATech,http,2026-09-07T16:53:42.628142+00:00
Gabriele Di Gaspero,Soreli PBR,webResearchSources,https://active.inspection.gc.ca/english/plaveg/pbrpov/cropreport/gra/app00010249e.shtml,True,200,https://active.inspection.gc.ca/english/plaveg/pbrpov/cropreport/gra/app00010249e.shtml,,Canadian Food Inspection Agency - Soreli,http,2026-09-07T16:53:04.662338+00:00
Diego Ioriatti,Primary contact,primaryContactUrl,https://www.berrytech.it/en/,True,200,https://www.berrytech.it/en/,,Berrytech - Hybreeders,http,2026-09-07T16:53:43.051172+00:00
Diego Ioriatti,Fall Creek acquisition,webResearchSources,https://www.fallcreeknursery.com/es/blog/fall-creek-acquires-italy-based-berryplant-and-berrytech-expanding-into-raspberries-and-blackberries,True,200,https://www.fallcreeknursery.com/es/blog/fall-creek-acquires-italy-based-berryplant-and-berrytech-expanding-into-raspberries-and-blackberries,,Fall Creek®,http,2026-09-07T16:53:42.709997+00:00
Diego Ioriatti,Berrytech company,webResearchSources,https://www.berrytech.it/en/azienda/,True,200,https://www.berrytech.it/en/azienda/,,Our history - Berrytech - Hybreeders,http,2026-09-07T16:53:42.959787+00:00
Yossef Ben-Dor,Primary contact,primaryContactUrl,https://bendorfruits.com/,True,200,https://bendorfruits.com/,,BEN DOR FRUITS – Fruit Variety Breeding &amp; Licensing,http,2026-09-07T16:53:43.485530+00:00
Yossef Ben-Dor,Company variety portfolio,webResearchSources,https://bendorfruits.com/varieties/?category=34,True,200,https://bendorfruits.com/varieties/?category=34,,"ruit Varieties – Plums, Apricots, Pears, &amp; More | BEN DOR",http,2026-09-07T16:53:43.577709+00:00
Yossef Ben-Dor,Company registry profile,webResearchSources,https://en.checkid.co.il/company/BEN%2BDOR%2BFRUITS%2B%26%2BNURSERIES%2BLIMITED-XOJYQwG-511666950,True,403,https://en.checkid.co.il/company/BEN%2BDOR%2BFRUITS%2B%26%2BNURSERIES%2BLIMITED-XOJYQwG-511666950,Automated access was blocked or temporarily unavailable; source requires manual browser review.,,manual_browser_required,2026-09-07T16:53:43.072287+00:00
Pierluigi Lucchi,Primary contact,primaryContactUrl,https://www.cavtebano.it/contatti/,True,200,https://www.cavtebano.it/contatti/,,Contatti - CAV Centro attività vivaistiche Tebano,http,2026-09-07T16:53:46.058255+00:00
Pierluigi Lucchi,CREA portfolio,webResearchSources,https://www.crea.gov.it/documents/20126/0/Catalogo_PI_CREA_Aggiornamento_%2B2019-2024.pdf/81afcd0a-dd5d-0df6-4d7d-555c35f12021?download=true&t=1734521330625&version=1.0,True,200,https://www.crea.gov.it/documents/20126/0/Catalogo_PI_CREA_Aggiornamento_%2B2019-2024.pdf/81afcd0a-dd5d-0df6-4d7d-555c35f12021?download=true&t=1734521330625&version=1.0,,,http,2026-09-07T16:53:44.921803+00:00
A. Lillo,Primary contact,primaryContactUrl,https://www.driscolls.com/about,True,200,https://www.driscolls.com/about,,About,http,2026-09-07T16:53:39.206516+00:00
A. Lillo,PBR record,webResearchSources,https://active.inspection.gc.ca/english/plaveg/pbrpov/cropreport/str/app00011969e.shtml,True,200,https://active.inspection.gc.ca/english/plaveg/pbrpov/cropreport/str/app00011969e.shtml,,Canadian Food Inspection Agency - DrisStrawSeventyTwo,http,2026-09-07T16:53:43.313677+00:00
A. Lillo,Patent record,webResearchSources,https://patents.google.com/patent/USPP36911P2/en,True,200,https://patents.google.com/patent/USPP36911P2/en,,USPP36911P2 - Strawberry plant named ‘DrisStrawOneHundredSeven’ - Google Patents,http,2026-09-07T16:53:43.392553+00:00
Shota Ezawa,Primary contact,primaryContactUrl,https://www.miyoshi-agri.co.jp/,True,,https://www.miyoshi-agri.co.jp/,Automated request timed out; source requires manual browser review.,,manual_browser_required,2026-09-07T16:54:03.697331+00:00
Shota Ezawa,Japanese variety record,webResearchSources,https://www.hinshu2.maff.go.jp/vips/cmm/apCMM112.aspx?LANGUAGE=Japanese&TOUROKU_NO=31449,True,200,https://www.hinshu2.maff.go.jp/vips/cmm/apCMM112.aspx?LANGUAGE=Japanese&TOUROKU_NO=31449,,品種登録迅速化総合電子化システム,http,2026-09-07T16:53:44.002952+00:00
Shota Ezawa,Miyoshi cultivars,webResearchSources,https://miyoshi-strawberry.jp/cultivars/,True,,https://miyoshi-strawberry.jp/cultivars/,Automated request timed out; source requires manual browser review.,,manual_browser_required,2026-09-07T16:54:03.652002+00:00
Mattivi Breeding S.S.,Primary contact,primaryContactUrl,https://www.mattivi.it/contact-us/,True,200,https://www.mattivi.it/contact-us/,,Contact us | Mattivi from Genetics to Berries,http,2026-09-07T16:53:44.641983+00:00
Mattivi Breeding S.S.,CFIA PBR,webResearchSources,https://active.inspection.gc.ca/english/plaveg/pbrpov/cropreport/str/app00013382e.shtml,True,200,https://active.inspection.gc.ca/english/plaveg/pbrpov/cropreport/str/app00013382e.shtml,,Canadian Food Inspection Agency - Aurorakarima,http,2026-09-07T16:53:44.277704+00:00
Mattivi Breeding S.S.,UK trademark journal,webResearchSources,https://www.ipo.gov.uk/t-tmj.htm/t-tmj/tm-journals/2025-005/WO0000001815771.html,True,403,https://www.ipo.gov.uk/t-tmj.htm/t-tmj/tm-journals/2025-005/WO0000001815771.html,Automated access was blocked or temporarily unavailable; source requires manual browser review.,,manual_browser_required,2026-09-07T16:53:44.419135+00:00
Gennaro Fazio,Primary contact,primaryContactUrl,https://www.ars.usda.gov/northeast-area/geneva-ny/plant-genetic-resources-unit-pgru/people/gennaro-fazio/,True,200,https://www.ars.usda.gov/northeast-area/geneva-ny/plant-genetic-resources-unit-pgru/people/gennaro-fazio/,,Gennaro Fazio : USDA ARS,http,2026-09-07T16:53:44.740286+00:00
Gennaro Fazio,Cornell rootstock catalog,webResearchSources,https://ctl.cornell.edu/plant-varieties-catalog/rootstocks/,True,403,https://ctl.cornell.edu/plant-varieties-catalog/rootstocks/,Automated access was blocked or temporarily unavailable; source requires manual browser review.,,manual_browser_required,2026-09-07T16:53:44.705789+00:00
Pedro Valverde Caballero,Primary contact,primaryContactUrl,https://www.uco.es/organiza/departamentos/agronomia/es/pedro-valverde-caballero,True,200,https://www.uco.es/organiza/departamentos/agronomia/es/pedro-valverde-caballero,,Pedro Valverde Caballero,http,2026-09-07T16:53:45.567782+00:00
Pedro Valverde Caballero,UCOLIVO,webResearchSources,https://www.uco.es/ucolivo/home/,True,200,https://www.uco.es/ucolivo/home/,,Redirigiendo...,http,2026-09-07T16:53:45.486581+00:00
Bernardini Danilo,Primary contact,primaryContactUrl,https://danilobernardini.it/,True,200,https://danilobernardini.it/,,Danilo Bernardini,http,2026-09-07T16:53:46.387721+00:00
Bernardini Danilo,BerryLAB,webResearchSources,https://berrylab.it/,True,200,https://berrylab.it/,,BerryLAB Strawberry Breeding,http,2026-09-07T16:53:46.590851+00:00
Joan Bonany,Primary contact,primaryContactUrl,https://www.irta.cat/es/personal/joan-bonany-rocas/,True,200,https://www.irta.cat/es/personal/joan-bonany-rocas/,,Joan Bonany Rocas - IRTA,http,2026-09-07T16:53:50.842481+00:00
Joan Bonany,TUTTI announcement,webResearchSources,https://www.irta.cat/en/noticia/tutti-an-alternative-for-apple-cultivation-adapted-to-warm-climates/,True,200,https://www.irta.cat/en/noticia/tutti-an-alternative-for-apple-cultivation-adapted-to-warm-climates/,,"Tutti, an alternative for apple cultivation adapted to warm climates - News - Society - IRTA",http,2026-09-07T16:53:48.580337+00:00
Amy M. Edmondson,Primary contact,primaryContactUrl,https://www.driscolls.com/about,True,200,https://www.driscolls.com/about,,About,http,2026-09-07T16:53:39.206516+00:00
Amy M. Edmondson,CFIA PBR,webResearchSources,https://active.inspection.gc.ca/english/plaveg/pbrpov/cropreport/str/app00012010e.shtml?wbdisable=false,True,200,https://active.inspection.gc.ca/english/plaveg/pbrpov/cropreport/str/app00012010e.shtml?wbdisable=false,,Canadian Food Inspection Agency - DrisStrawEighty,http,2026-09-07T16:53:46.679983+00:00
Amy M. Edmondson,Patent record,webResearchSources,https://patents.google.com/patent/USPP31703P2/en,True,200,https://patents.google.com/patent/USPP31703P2/en,,USPP31703P2 - Strawberry plant named ‘DrisStrawSixtySix’ - Google Patents,http,2026-09-07T16:53:46.880874+00:00
José Ulf Hayler Lopez,Primary contact,primaryContactUrl,https://www.hortifrut.com/,True,200,https://www.hortifrut.com/,,,http,2026-09-07T16:53:47.135073+00:00
José Ulf Hayler Lopez,Patent record,webResearchSources,https://patentimages.storage.googleapis.com/0b/b8/52/00baef3de53227/USPP21153.pdf,True,200,https://patentimages.storage.googleapis.com/0b/b8/52/00baef3de53227/USPP21153.pdf,,,http,2026-09-07T16:53:47.350063+00:00
José Ulf Hayler Lopez,Hortifrut annual report,webResearchSources,https://investor.hortifrut.com/wp-content/uploads/2026/05/260526_Hortifrut_Memoria_INGLES.pdf,True,200,https://investor.hortifrut.com/wp-content/uploads/2026/05/260526_Hortifrut_Memoria_INGLES.pdf,,,http,2026-09-07T16:53:47.723883+00:00
Gerhard Sundermeyer,Primary contact,primaryContactUrl,https://www.fraeulein.de/,True,200,https://www.fraeulein.de/,,Fräulein - Die deutsche Apfelentdeckung aus Deiner Region,http,2026-09-07T16:53:48.449761+00:00
Gerhard Sundermeyer,DOSK,webResearchSources,https://www.dosk.eu/startseite-en/,True,200,https://www.dosk.eu/startseite-en/,,Startseite-EN &#8211; Deutsches Obstsorten Konsortium GmbH,http,2026-09-07T16:53:49.116794+00:00
Gerhard Sundermeyer,GS 66 patent,webResearchSources,https://patents.google.com/patent/USPP30862P3/en,True,200,https://patents.google.com/patent/USPP30862P3/en,,USPP30862P3 - Apple tree named ‘GS-66’ - Google Patents,http,2026-09-07T16:53:48.679164+00:00
Joel Deveson,Primary contact,primaryContactUrl,https://www.moonblue.com.au/contact-us/,True,200,https://www.moonblue.com.au/contact-us/,,Contact Us - Moondarra Blueberries,http,2026-09-07T16:53:50.224148+00:00
Joel Deveson,Moondarra story,webResearchSources,https://www.moonblue.com.au/our-story/,True,200,https://www.moonblue.com.au/our-story/,,Our Story - Moondarra Blueberries,http,2026-09-07T16:53:50.228767+00:00
Joel Deveson,Blueberry patent,webResearchSources,https://patents.google.com/patent/USPP32217P3/en,True,200,https://patents.google.com/patent/USPP32217P3/en,,USPP32217P3 - Blueberry plant named ‘MG07876-15-003’ - Google Patents,http,2026-09-07T16:53:49.351032+00:00
Ellen Thompson,Primary contact,primaryContactUrl,https://www.hortifrut.com/contact-form/,True,200,https://www.hortifrut.com/contact-form/,,Contact Form,http,2026-09-07T16:53:49.680467+00:00
Ellen Thompson,Hortifrut genetics,webResearchSources,https://www.hortifrut.com/innovation/genetic-development/,True,200,https://www.hortifrut.com/innovation/genetic-development/,,Genetic Development,http,2026-09-07T16:53:50.054440+00:00
Ellen Thompson,PBR record,webResearchSources,https://active.inspection.gc.ca/english/plaveg/pbrpov/cropreport/bla/app00013739e.shtml?wbdisable=true,True,200,https://active.inspection.gc.ca/english/plaveg/pbrpov/cropreport/bla/app00013739e.shtml?wbdisable=true,,Canadian Food Inspection Agency - PBB 1616T,http,2026-09-07T16:53:50.048074+00:00
Joseph Ben Dor,Primary contact,primaryContactUrl,https://bendorfruits.com/about-us/,True,200,https://bendorfruits.com/about-us/,,About BEN DOR FRUITS – Premium Fruit Variety Breeders,http,2026-09-07T16:53:50.941325+00:00
Joseph Ben Dor,Trademark owner search,webResearchSources,https://trademarks.justia.com/owners/ben-dor-fruits-and-nurseries-ltd-6186919/,True,403,https://trademarks.justia.com/owners/ben-dor-fruits-and-nurseries-ltd-6186919/,Automated access was blocked or temporarily unavailable; source requires manual browser review.,,manual_browser_required,2026-09-07T16:53:50.122696+00:00
James Cummins,Primary contact,primaryContactUrl,https://www.cumminsnursery.com/contact,True,200,https://www.cumminsnursery.com/contact,,"Contact Cummins Nursery - Cummins Nursery - Fruit Trees, Scions, and Rootstocks for Apples, Pears, Cherries, Plums, Peaches, and Nectarines.",http,2026-09-07T16:53:50.888961+00:00
James Cummins,Cummins history,webResearchSources,https://www.cumminsnursery.com/family-tree/about-dr-jim-cummins/,True,200,https://www.cumminsnursery.com/family-tree/about-dr-jim-cummins/,,"About Dr. Jim Cummins (Dad) - Cummins Nursery - Fruit Trees, Scions, and Rootstocks for Apples, Pears, Cherries, Plums, Peaches, and Nectarines.",http,2026-09-07T16:53:50.882284+00:00
James Cummins,Cornell rootstock licensing,webResearchSources,https://ctl.cornell.edu/plant-varieties-catalog/rootstocks/,True,403,https://ctl.cornell.edu/plant-varieties-catalog/rootstocks/,Automated access was blocked or temporarily unavailable; source requires manual browser review.,,manual_browser_required,2026-09-07T16:53:44.705789+00:00
Mark F. Crusha,Primary contact,primaryContactUrl,https://www.driscolls.com/about/Contact-Us,True,200,https://www.driscolls.com/about/Contact-Us,,Contact Us,http,2026-09-07T16:53:50.653536+00:00
Mark F. Crusha,Inventor portfolio,webResearchSources,https://patents.justia.com/inventor/mark-f-crusha,True,403,https://patents.justia.com/inventor/mark-f-crusha,Automated access was blocked or temporarily unavailable; source requires manual browser review.,,manual_browser_required,2026-09-07T16:53:50.718594+00:00
Mark F. Crusha,Patent record,webResearchSources,https://patents.google.com/patent/USPP36300P2/en,True,200,https://patents.google.com/patent/USPP36300P2/en,,USPP36300P2 - Blackberry plant named ‘DrisBlackThirtyThree’ - Google Patents,http,2026-09-07T16:53:50.997156+00:00
Jessica Scalzo,Primary contact,primaryContactUrl,https://costagroup.com.au/contact-us/,True,200,https://costagroup.com.au/contact-us/,,Contact - Costa Group,http,2026-09-07T16:53:42.751012+00:00
Jessica Scalzo,Costa ownership,webResearchSources,https://costagroup.com.au/2024/02/26/costa-group-enters-new-ownership-phase-as-experienced-consortium-takes-control/,True,200,https://costagroup.com.au/2024/02/26/costa-group-enters-new-ownership-phase-as-experienced-consortium-takes-control/,,Costa Group enters new ownership phase as experienced Consortium takes control - Costa Group,http,2026-09-07T16:53:43.010428+00:00
Jessica Scalzo,PBR journal,webResearchSources,https://www.ipaustralia.gov.au/tools-and-research/professional-resources/ip-rights-journals/~/-/media/Project/IPA/IPAustralia/PDF/PBR-Journals/Volume-34-Number-3.pdf,True,200,https://www.ipaustralia.gov.au/tools-and-research/professional-resources/ip-rights-journals/~/-/media/Project/IPA/IPAustralia/PDF/PBR-Journals/Volume-34-Number-3.pdf,,,http,2026-09-07T16:53:52.809859+00:00
Marta C. Baptista,Primary contact,primaryContactUrl,https://www.driscolls.com/about/Contact-Us,True,200,https://www.driscolls.com/about/Contact-Us,,Contact Us,http,2026-09-07T16:53:50.653536+00:00
Marta C. Baptista,Professional profile,webResearchSources,https://www.linkedin.com/in/marta-carvalhobaptista,True,syntax checked,https://www.linkedin.com/in/marta-carvalhobaptista,,,manual_browser_required,2026-09-07T16:53:50.882344+00:00
Esther J. Kibbe,Primary contact,primaryContactUrl,https://www.driscolls.com/about/Contact-Us,True,200,https://www.driscolls.com/about/Contact-Us,,Contact Us,http,2026-09-07T16:53:50.653536+00:00
Esther J. Kibbe,Inventor portfolio,webResearchSources,https://patents.justia.com/inventor/esther-j-kibbe,True,403,https://patents.justia.com/inventor/esther-j-kibbe,Automated access was blocked or temporarily unavailable; source requires manual browser review.,,manual_browser_required,2026-09-07T16:53:50.950923+00:00
Michele Morgante,Primary contact,primaryContactUrl,https://people.uniud.it/page/michele.morgante,True,200,https://people.uniud.it/page/michele.morgante,,Michele Morgante | People@UniUd,http,2026-09-07T16:53:51.946127+00:00
Abe Kazuyuki,Primary contact,primaryContactUrl,https://tpuaf.ac.jp/university/inquiry/,True,,https://tpuaf.ac.jp/university/inquiry/,Automated request timed out; source requires manual browser review.,,manual_browser_required,2026-09-07T16:54:11.280728+00:00
Abe Kazuyuki,University faculty,webResearchSources,https://tpuaf.ac.jp/university/dept/agri-faculty/,True,,https://tpuaf.ac.jp/university/dept/agri-faculty/,Automated request timed out; source requires manual browser review.,,manual_browser_required,2026-09-07T16:54:11.276860+00:00
Abe Kazuyuki,NARO licensing,webResearchSources,https://www.naro.go.jp/english/research-programs/industry-academia-government/license/index.html,True,200,https://www.naro.go.jp/english/research-programs/industry-academia-government/license/index.html,,English:Licensing procedure for propagation for private cultivation of registered variety bred by NARO (For farmers) | 農研機構,http,2026-09-07T16:53:51.608684+00:00
Cristian Fontich,Primary contact,primaryContactUrl,https://www.irta.cat/personal/cristia-fontich-dolcet/,True,200,https://www.irta.cat/personal/cristia-fontich-dolcet/,,Cristian Fontich Dolcet - IRTA,http,2026-09-07T16:53:54.381750+00:00
Cristian Fontich,IRTA STELLAR announcement,webResearchSources,https://www.irta.cat/en/noticia/stellar-the-hot-climate-partnerships-new-early-apple-variety-adapted-to-warm-climates/,True,200,https://www.irta.cat/en/noticia/stellar-the-hot-climate-partnerships-new-early-apple-variety-adapted-to-warm-climates/,,"STELLAR™, the Hot Climate Partnership's new early apple variety adapted to warm climates - News - Society - IRTA",http,2026-09-07T16:53:54.377297+00:00
Cristian Fontich,US plant patent,webResearchSources,https://patents.google.com/patent/USPP36646P3/en,True,200,https://patents.google.com/patent/USPP36646P3/en,,USPP36646P3 - Apple tree named ‘HOT81A1’ - Google Patents,http,2026-09-07T16:53:53.032544+00:00
Suzuki Katsuyuki,Primary contact,primaryContactUrl,https://www.naro.go.jp/english/research-programs/industry-academia-government/license/index.html,True,200,https://www.naro.go.jp/english/research-programs/industry-academia-government/license/index.html,,English:Licensing procedure for propagation for private cultivation of registered variety bred by NARO (For farmers) | 農研機構,http,2026-09-07T16:53:51.608684+00:00
Suzuki Katsuyuki,NARO research record,webResearchSources,https://www.naro.go.jp/project/research_activities/laboratory/nifts/175441.html,True,200,https://www.naro.go.jp/project/research_activities/laboratory/nifts/175441.html,,令和8年度 園芸学会功労賞 受賞 | 農研機構,http,2026-09-07T16:53:53.661267+00:00
Suzuki Katsuyuki,Akizuki patent,webResearchSources,https://patents.google.com/patent/USPP12373P2/en,True,200,https://patents.google.com/patent/USPP12373P2/en,,USPP12373P2 - Japanese pear tree named ‘Akizuki’ - Google Patents,http,2026-09-07T16:53:53.903291+00:00
Mark Herrington,Primary contact,primaryContactUrl,https://www.dpi.qld.gov.au/,True,403,https://www.dpi.qld.gov.au/,Automated access was blocked or temporarily unavailable; source requires manual browser review.,,manual_browser_required,2026-09-07T16:53:54.158107+00:00
Mark Herrington,Program report,webResearchSources,https://era.dpi.qld.gov.au/id/eprint/7049/1/2019%20Summary%20Report%20to%20DAF%20for%20RDE%20Investments.pdf,True,200,https://era.dpi.qld.gov.au/id/eprint/7049/1/2019%20Summary%20Report%20to%20DAF%20for%20RDE%20Investments.pdf,,,http,2026-09-07T16:53:55.842063+00:00
Mark Herrington,Florida Beauty PBR,webResearchSources,https://active.inspection.gc.ca/english/plaveg/pbrpov/cropreport/str/app00010949e.shtml,True,200,https://active.inspection.gc.ca/english/plaveg/pbrpov/cropreport/str/app00010949e.shtml,,Canadian Food Inspection Agency - Florida Beauty,http,2026-09-07T16:53:54.657161+00:00
Takahashi Chukichi,Primary contact,primaryContactUrl,https://www.f-kankou.jp/pickup/39263,True,200,https://www.f-kankou.jp/pickup/39263,,【ふくしまピーチホリデイ番外編】桃づくりに人生をかける、髙橋忠吉さんに会いに行ってきました（旬のおすすめ） | 福島市観光ノート,http,2026-09-07T16:53:55.249915+00:00
Takahashi Chukichi,MAFF variety record,webResearchSources,https://www.hinshu2.maff.go.jp/vips/cmm/apCMM112.aspx?LANGUAGE=English&TOUROKU_NO=28953,True,200,https://www.hinshu2.maff.go.jp/vips/cmm/apCMM112.aspx?LANGUAGE=English&TOUROKU_NO=28953,,品種登録迅速化総合電子化システム,http,2026-09-07T16:53:55.327364+00:00
Onoue Noriyuki,Primary contact,primaryContactUrl,https://www.naro.go.jp/english/research-programs/industry-academia-government/license/index.html,True,200,https://www.naro.go.jp/english/research-programs/industry-academia-government/license/index.html,,English:Licensing procedure for propagation for private cultivation of registered variety bred by NARO (For farmers) | 農研機構,http,2026-09-07T16:53:51.608684+00:00
Onoue Noriyuki,Researcher record,webResearchSources,https://jglobal.jst.go.jp/detail?JGLOBAL_ID=201601004453870161,True,503,https://jglobal.jst.go.jp/detail?JGLOBAL_ID=201601004453870161,Automated access was blocked or temporarily unavailable; source requires manual browser review.,,manual_browser_required,2026-09-07T16:53:55.763668+00:00
Onoue Noriyuki,MAFF variety record,webResearchSources,https://www.hinshu2.maff.go.jp/vips/cmm/apCMM112.aspx?LANGUAGE=Japanese&TOUROKU_NO=30875,True,200,https://www.hinshu2.maff.go.jp/vips/cmm/apCMM112.aspx?LANGUAGE=Japanese&TOUROKU_NO=30875,,品種登録迅速化総合電子化システム,http,2026-09-07T16:53:55.927711+00:00
Kyle Rak,Primary contact,primaryContactUrl,https://www.driscolls.com/about,True,200,https://www.driscolls.com/about,,About,http,2026-09-07T16:53:39.206516+00:00
Kyle Rak,Inventor portfolio,webResearchSources,https://patents.justia.com/inventor/kyle-rak,True,403,https://patents.justia.com/inventor/kyle-rak,Automated access was blocked or temporarily unavailable; source requires manual browser review.,,manual_browser_required,2026-09-07T16:53:55.829162+00:00
Michael A. Walker,Primary contact,primaryContactUrl,https://wineserver.ucdavis.edu/people/m-walker,True,403,https://wineserver.ucdavis.edu/people/m-walker,Automated access was blocked or temporarily unavailable; source requires manual browser review.,,manual_browser_required,2026-09-07T16:53:55.959849+00:00
Michael A. Walker,Grape licensing,webResearchSources,https://research.ucdavis.edu/industry-support/plant-variety-licensing-program/grape-licensing-program/,True,200,https://research.ucdavis.edu/industry-support/plant-variety-licensing-program/grape-licensing-program/,,Grape Licensing Program - Office of Research,http,2026-09-07T16:53:56.350978+00:00
John N. Fangary,Primary contact,primaryContactUrl,https://www.driscolls.com/about/Contact-Us,True,200,https://www.driscolls.com/about/Contact-Us,,Contact Us,http,2026-09-07T16:53:50.653536+00:00
John N. Fangary,Inventor portfolio,webResearchSources,https://patents.justia.com/inventor/john-fangary,True,403,https://patents.justia.com/inventor/john-fangary,Automated access was blocked or temporarily unavailable; source requires manual browser review.,,manual_browser_required,2026-09-07T16:53:55.996569+00:00
Fudai Tanimura,Primary contact,primaryContactUrl,https://www.miyosi.co.jp/en/contact/form/,True,,https://www.miyosi.co.jp/en/contact/form/,Automated request timed out; source requires manual browser review.,,manual_browser_required,2026-09-07T16:54:16.221301+00:00
Fudai Tanimura,PBR record,webResearchSources,https://active.inspection.gc.ca/english/plaveg/pbrpov/cropreport/str/app00013597e.shtml,True,200,https://active.inspection.gc.ca/english/plaveg/pbrpov/cropreport/str/app00013597e.shtml,,Canadian Food Inspection Agency - MYAGMIE-1,http,2026-09-07T16:53:56.279209+00:00
Fudai Tanimura,Miyoshi business,webResearchSources,https://www.miyosi.co.jp/en/company/miyoshi_business_activities/,True,,https://www.miyosi.co.jp/en/company/miyoshi_business_activities/,Automated request timed out; source requires manual browser review.,,manual_browser_required,2026-09-07T16:54:17.644023+00:00
Iwanami Hiroshi,Primary contact,primaryContactUrl,https://www.naro.go.jp/english/research-programs/industry-academia-government/contact/index.html,True,200,https://www.naro.go.jp/english/research-programs/industry-academia-government/contact/index.html,,English:Contact,http,2026-09-07T16:53:56.960975+00:00
Iwanami Hiroshi,Researcher profile,webResearchSources,https://jglobal.jst.go.jp/en/detail?JGLOBAL_ID=200901086642398776,True,503,https://jglobal.jst.go.jp/en/detail?JGLOBAL_ID=200901086642398776,Automated access was blocked or temporarily unavailable; source requires manual browser review.,,manual_browser_required,2026-09-07T16:53:57.385930+00:00
Uchida Makoto,Primary contact,primaryContactUrl,https://www.naro.go.jp/english/research-programs/industry-academia-government/contact/index.html,True,200,https://www.naro.go.jp/english/research-programs/industry-academia-government/contact/index.html,,English:Contact,http,2026-09-07T16:53:56.960975+00:00
Uchida Makoto,NARO repository,webResearchSources,https://repository.naro.go.jp/records/2428,True,200,https://repository.naro.go.jp/records/2428,,農研機構機関リポジトリ,http,2026-09-07T16:53:59.973507+00:00
Yunwen Wang,Primary contact,primaryContactUrl,https://www.driscolls.com/about/Contact-Us,True,200,https://www.driscolls.com/about/Contact-Us,,Contact Us,http,2026-09-07T16:53:50.653536+00:00
Yunwen Wang,2026 program agenda,webResearchSources,https://www.raspberryblackberry.com/conference/2026-san-luis-obispo/2026-conference-schedule/,True,200,https://www.raspberryblackberry.com/conference/2026-san-luis-obispo/2026-conference-schedule/,,2026 Conference Schedule - NARBA,http,2026-09-07T16:53:59.689897+00:00
Yunwen Wang,PBR record,webResearchSources,https://active.inspection.gc.ca/english/plaveg/pbrpov/cropreport/bla/app00012008e.shtml,True,200,https://active.inspection.gc.ca/english/plaveg/pbrpov/cropreport/bla/app00012008e.shtml,,Canadian Food Inspection Agency - DrisBlackTwentyThree,http,2026-09-07T16:53:57.751389+00:00
Ishiguro Makoto,Primary contact,primaryContactUrl,https://tpuaf.ac.jp/university/dept/agri-faculty/,True,,https://tpuaf.ac.jp/university/dept/agri-faculty/,Automated request timed out; source requires manual browser review.,,manual_browser_required,2026-09-07T16:54:11.276860+00:00
Ishiguro Makoto,PBR record,webResearchSources,https://active.inspection.gc.ca/english/plaveg/pbrpov/cropreport/che/app00011654e.shtml,True,200,https://active.inspection.gc.ca/english/plaveg/pbrpov/cropreport/che/app00011654e.shtml,,Canadian Food Inspection Agency - Yamagata C12 Go,http,2026-09-07T16:53:57.925740+00:00
Hongwen Huang,Primary contact,primaryContactUrl,https://www.lsbg.cn/,True,403,https://www.lsbg.cn/,Automated access was blocked or temporarily unavailable; source requires manual browser review.,,manual_browser_required,2026-09-07T16:53:58.717840+00:00
Hongwen Huang,Wuhan licensing history,webResearchSources,https://english.whb.cas.cn/whbnews/200704/t20070419_32784.html,True,200,https://english.whb.cas.cn/whbnews/200704/t20070419_32784.html,,Italian firm buys propagation right of a kiwifruit pollinator developed by CAS researchers----Wuhan Branch.Chinese Academy of Sciences,http,2026-09-07T16:53:58.833609+00:00
Mitani Nobuhito,Primary contact,primaryContactUrl,https://www.naro.go.jp/english/research-programs/industry-academia-government/contact/index.html,True,200,https://www.naro.go.jp/english/research-programs/industry-academia-government/contact/index.html,,English:Contact,http,2026-09-07T16:53:56.960975+00:00
Mitani Nobuhito,NARO publication,webResearchSources,https://www.naro.go.jp/publicity_report/publication/archive/files/fruit14_Persimmon_Taiten_1.pdf,True,200,https://www.naro.go.jp/publicity_report/publication/archive/files/fruit14_Persimmon_Taiten_1.pdf,,,http,2026-09-07T16:53:59.650049+00:00
Mitani Nobuhito,Research record,webResearchSources,https://cir.nii.ac.jp/crid/1410870850706965892,True,202,https://cir.nii.ac.jp/crid/1410870850706965892,,,http,2026-09-07T16:53:59.413171+00:00
Li Ming Zhang,Primary contact,primaryContactUrl,https://dnr.sc.gov.cn/,False,,https://dnr.sc.gov.cn/,URLError: <urlopen error [Errno 101] Network is unreachable>,,http,2026-09-07T16:54:18.855351+00:00
Li Ming Zhang,HFY01 patent,webResearchSources,https://patents.google.com/patent/US20170295680P1/en,True,200,https://patents.google.com/patent/US20170295680P1/en,,US20170295680P1 - Kiwi plant named &#39;HFY01&#39; - Google Patents,http,2026-09-07T16:53:59.549136+00:00
Li Ming Zhang,HFR18 patent,webResearchSources,https://patents.google.com/patent/USPP28753P2/en,True,200,https://patents.google.com/patent/USPP28753P2/en,,USPP28753P2 - Kiwi plant named ‘HFR18’ - Google Patents,http,2026-09-07T16:53:59.679177+00:00
James Heilig,Primary contact,primaryContactUrl,https://www.huronplanttechnologies.com/about,True,200,https://www.huronplanttechnologies.com/about,,About &mdash; Huron Plant Technologies,http,2026-09-07T16:53:59.771683+00:00
James Heilig,Historical PBR,webResearchSources,https://active.inspection.gc.ca/english/plaveg/pbrpov/cropreport/ra/app00011979e.shtml,True,200,https://active.inspection.gc.ca/english/plaveg/pbrpov/cropreport/ra/app00011979e.shtml,,Canadian Food Inspection Agency - DrisRaspSeventeen,http,2026-09-07T16:53:59.934087+00:00
David C. Smith,Primary contact,primaryContactUrl,https://horticulture.oregonstate.edu/users/david-smith,True,200,https://horticulture.oregonstate.edu/directory/people/david-smith,,David Smith | Horticulture,http,2026-09-07T16:54:00.448431+00:00
David C. Smith,OSU licensing,webResearchSources,https://oregonstate.technologypublisher.com/tech?title=Hazelnut_%27Felix%27_%5BOSU_941.016%5D,True,200,https://oregonstate.technologypublisher.com/tech?title=Hazelnut_%27Felix%27_%5BOSU_941.016%5D,,Technology -Hazelnut 'Felix' [OSU 941.016],http,2026-09-07T16:54:00.018000+00:00
Manuel Tornel Martinez,Primary contact,primaryContactUrl,https://www.imida.es/web/imida/-/uva-de-mesa,True,200,https://validate.perfdrive.com/?ssa=7140dd1a-cb9f-478f-8b79-0db885122355&ssb=44816248060&ssc=https%3A%2F%2Fwww.imida.es%2Fweb%2Fimida%2F-%2Fuva-de-mesa&ssi=13644ba9-dhsu-4b21-830e-c26393288f06&ssk=botmanager_support@radware.com&ssm=68996122142571893109538889231070&ssn=6af70190b26ed8152286c1d3ac19734b724b8d535bc6-417a-4f63-bc902d&sso=44c640ab-0b7c91bce20fd1a9cbc450d68d9e078d50ede74a82c965d5&ssp=88616486671788888106178884122903633&ssq=92504070004064297366600040423672094187563&ssr=NTcuMTUxLjEyOS4zOQ==&sst=Mozilla/5.0%20(Windows%20NT%2010.0;%20Win64;%20x64)&ssu=&ssv=&ssw=&ssx=eyJfX3V6bWYiOiI3ZjkwMDA4ZDUzNWJjNi00MTdhLTRmNjMtYjBhYi0wYjdjOTFiY2UyMGYxLTE3ODg4MDAwNDAxMTQwLTAwMzc1YjQzZWIxOTc5NWUwNTcxMCIsInV6bXgiOiI3ZmMwMDBiZjI0NDAxOC1hNzlkLTRkMzAtYjgwYS1jZDZhNTcxNmE1MjExLTE3ODg4MDAwNDAxMTQwLTAwNDEyMDY4MGEyYzM1ZjU1MWQxMCIsInJkIjoiaW1pZGEuZXMifQ==,,Radware Captcha Page,http,2026-09-07T16:54:00.435524+00:00
Manuel Tornel Martinez,ITUM portfolio,webResearchSources,https://www.itumgrapes.com/,True,200,https://itumgrapes.com/,,ITUM Grapes | Investigación y Tecnología de Uva de Mesa,http,2026-09-07T16:54:03.464925+00:00
Manuel Tornel Martinez,Patent record,webResearchSources,https://patents.google.com/patent/USPP35469P2/en,True,200,https://patents.google.com/patent/USPP35469P2/en,,USPP35469P2 - Seedless table grape (grapevine) named ‘Itumseven’ - Google Patents,http,2026-09-07T16:54:00.249570+00:00
Ben Dor Fruits & Nurseries Ltd,Primary contact,primaryContactUrl,https://bendorfruits.com/?page_id=77,True,200,https://bendorfruits.com/contact/,,Contact BEN DOR FRUITS – Licensing &amp; Varieties,http,2026-09-07T16:54:03.574989+00:00
Ben Dor Fruits & Nurseries Ltd,Trademark evidence,trademarkEvidenceUrl,https://trademarks.justia.com/owners/ben-dor-fruits-and-nurseries-ltd-6186919/,True,403,https://trademarks.justia.com/owners/ben-dor-fruits-and-nurseries-ltd-6186919/,Automated access was blocked or temporarily unavailable; source requires manual browser review.,,manual_browser_required,2026-09-07T16:53:50.122696+00:00
Ben Dor Fruits & Nurseries Ltd,Company history,webResearchSources,https://bendorfruits.com/about-us/,True,200,https://bendorfruits.com/about-us/,,About BEN DOR FRUITS – Premium Fruit Variety Breeders,http,2026-09-07T16:53:50.941325+00:00
Ben Dor Fruits & Nurseries Ltd,Variety portfolio,webResearchSources,https://bendorfruits.com/varieties/?category=34,True,200,https://bendorfruits.com/varieties/?category=34,,"ruit Varieties – Plums, Apricots, Pears, &amp; More | BEN DOR",http,2026-09-07T16:53:43.577709+00:00
Bayerisches Obstzentrum / BayOZ,Primary contact,primaryContactUrl,https://www.bayoz.de/de/kontakt/,True,200,https://www.bayoz.de/de/kontakt/,,Kontakt,http,2026-09-07T16:54:00.718694+00:00
Bayerisches Obstzentrum / BayOZ,BayOZ company,webResearchSources,https://www.bayoz.de/,True,200,https://www.bayoz.de/de/,,"Bayerisches Obstzentrum GmbH, Hallbergmoos - BayOZ",http,2026-09-07T16:54:01.502648+00:00
Bayerisches Obstzentrum / BayOZ,Variety portfolio,webResearchSources,https://www.obstzentrum.de/obstsorten/apfelbaumsorten/,True,200,https://www.obstzentrum.de/obstsorten/apfelbaumsorten/,,Neue Apfelsorten | Bayerisches Obstzentrum,http,2026-09-07T16:54:01.083237+00:00
Miyoshi Agri-Tech Co. Ltd.,Primary contact,primaryContactUrl,https://www.miyoshi-agri.co.jp/,True,,https://www.miyoshi-agri.co.jp/,Automated request timed out; source requires manual browser review.,,manual_browser_required,2026-09-07T16:54:03.697331+00:00
Miyoshi Agri-Tech Co. Ltd.,Strawberry cultivars,webResearchSources,https://miyoshi-strawberry.jp/cultivars/,True,,https://miyoshi-strawberry.jp/cultivars/,Automated request timed out; source requires manual browser review.,,manual_browser_required,2026-09-07T16:54:03.652002+00:00
Miyoshi Agri-Tech Co. Ltd.,Japanese variety record,webResearchSources,https://www.hinshu2.maff.go.jp/vips/cmm/apCMM112.aspx?LANGUAGE=Japanese&TOUROKU_NO=31449,True,200,https://www.hinshu2.maff.go.jp/vips/cmm/apCMM112.aspx?LANGUAGE=Japanese&TOUROKU_NO=31449,,品種登録迅速化総合電子化システム,http,2026-09-07T16:53:44.002952+00:00
University of Cordoba / UCOLIVO,Primary contact,primaryContactUrl,https://www.uco.es/ucolivo/home/,True,200,https://www.uco.es/ucolivo/home/,,Redirigiendo...,http,2026-09-07T16:53:45.486581+00:00
University of Cordoba / UCOLIVO,Breeding group,webResearchSources,https://www.uco.es/ucolivo/bgmo/,True,200,https://www.uco.es/ucolivo/bgmo/,,Redirigiendo...,http,2026-09-07T16:53:39.056928+00:00
CREA Fruit Breeding,Primary contact,primaryContactUrl,https://www.crea.gov.it/contatti,True,200,https://www.crea.gov.it/contatti,,Contatti - CREA,http,2026-09-07T16:54:02.035204+00:00
CREA Fruit Breeding,CREA official site,webResearchSources,https://www.crea.gov.it/,True,200,https://www.crea.gov.it/,,CREA - Consiglio per la ricerca in agricoltura e l&#39;analisi dell&#39;economia agraria - CREA,http,2026-09-07T16:53:41.276939+00:00
NARO Fruit Breeding,Primary contact,primaryContactUrl,https://www.naro.go.jp/english/research-programs/industry-academia-government/contact/index.html,True,200,https://www.naro.go.jp/english/research-programs/industry-academia-government/contact/index.html,,English:Contact,http,2026-09-07T16:53:56.960975+00:00
NARO Fruit Breeding,NARO official site,webResearchSources,https://www.naro.go.jp/english/,True,200,https://www.naro.go.jp/english/,,English | National Agriculture and Food Research Organization,http,2026-09-07T16:54:01.691468+00:00
NARO Fruit Breeding,Licensing program,webResearchSources,https://www.naro.go.jp/english/research-programs/industry-academia-government/license/index.html,True,200,https://www.naro.go.jp/english/research-programs/industry-academia-government/license/index.html,,English:Licensing procedure for propagation for private cultivation of registered variety bred by NARO (For farmers) | 農研機構,http,2026-09-07T16:53:51.608684+00:00
ITUM / IMIDA Table Grape Program,Primary contact,primaryContactUrl,https://www.itumgrapes.com/contact/,True,200,https://itumgrapes.com/contacto/,,Contacto - ITUM grapes,http,2026-09-07T16:54:03.490950+00:00
ITUM / IMIDA Table Grape Program,ITUM portfolio,webResearchSources,https://www.itumgrapes.com/,True,200,https://itumgrapes.com/,,ITUM Grapes | Investigación y Tecnología de Uva de Mesa,http,2026-09-07T16:54:03.464925+00:00
ITUM / IMIDA Table Grape Program,IMIDA table grape program,webResearchSources,https://www.imida.es/web/imida/-/uva-de-mesa,True,200,https://validate.perfdrive.com/?ssa=7140dd1a-cb9f-478f-8b79-0db885122355&ssb=44816248060&ssc=https%3A%2F%2Fwww.imida.es%2Fweb%2Fimida%2F-%2Fuva-de-mesa&ssi=13644ba9-dhsu-4b21-830e-c26393288f06&ssk=botmanager_support@radware.com&ssm=68996122142571893109538889231070&ssn=6af70190b26ed8152286c1d3ac19734b724b8d535bc6-417a-4f63-bc902d&sso=44c640ab-0b7c91bce20fd1a9cbc450d68d9e078d50ede74a82c965d5&ssp=88616486671788888106178884122903633&ssq=92504070004064297366600040423672094187563&ssr=NTcuMTUxLjEyOS4zOQ==&sst=Mozilla/5.0%20(Windows%20NT%2010.0;%20Win64;%20x64)&ssu=&ssv=&ssw=&ssx=eyJfX3V6bWYiOiI3ZjkwMDA4ZDUzNWJjNi00MTdhLTRmNjMtYjBhYi0wYjdjOTFiY2UyMGYxLTE3ODg4MDAwNDAxMTQwLTAwMzc1YjQzZWIxOTc5NWUwNTcxMCIsInV6bXgiOiI3ZmMwMDBiZjI0NDAxOC1hNzlkLTRkMzAtYjgwYS1jZDZhNTcxNmE1MjExLTE3ODg4MDAwNDAxMTQwLTAwNDEyMDY4MGEyYzM1ZjU1MWQxMCIsInJkIjoiaW1pZGEuZXMifQ==,,Radware Captcha Page,http,2026-09-07T16:54:00.435524+00:00
Oregon State University Hazelnut Program,Primary contact,primaryContactUrl,https://horticulture.oregonstate.edu/users/david-smith,True,200,https://horticulture.oregonstate.edu/directory/people/david-smith,,David Smith | Horticulture,http,2026-09-07T16:54:00.448431+00:00
Oregon State University Hazelnut Program,OSU cultivar licensing,webResearchSources,https://oregonstate.technologypublisher.com/tech?title=Hazelnut_%27Felix%27_%5BOSU_941.016%5D,True,200,https://oregonstate.technologypublisher.com/tech?title=Hazelnut_%27Felix%27_%5BOSU_941.016%5D,,Technology -Hazelnut 'Felix' [OSU 941.016],http,2026-09-07T16:54:00.018000+00:00
Huron Plant Technologies LLC,Primary contact,primaryContactUrl,https://www.huronplanttechnologies.com/about,True,200,https://www.huronplanttechnologies.com/about,,About &mdash; Huron Plant Technologies,http,2026-09-07T16:53:59.771683+00:00
Huron Plant Technologies LLC,Historical Driscoll PBR,webResearchSources,https://active.inspection.gc.ca/english/plaveg/pbrpov/cropreport/ra/app00011979e.shtml,True,200,https://active.inspection.gc.ca/english/plaveg/pbrpov/cropreport/ra/app00011979e.shtml,,Canadian Food Inspection Agency - DrisRaspSeventeen,http,2026-09-07T16:53:59.934087+00:00
Rusticas Del Guadalquivir,Primary contact,primaryContactUrl,https://royal.es/contactar-con-royal/,True,200,https://royal.es/contactar-con-royal/,,Contactar - Royal,http,2026-09-07T16:54:02.774330+00:00
Rusticas Del Guadalquivir,Trademark evidence,trademarkEvidenceUrl,https://royal.es/entrevistas/macarena-garcia-otero-sat-royal-nuestro-modelo-de-innovacion-nos-permite-anticipar-tendencias/,True,200,https://royal.es/entrevistas/macarena-garcia-otero-sat-royal-nuestro-modelo-de-innovacion-nos-permite-anticipar-tendencias/,,Macarena García-Otero (SAT Royal): &quot;Nuestro modelo de innovación nos permite anticipar tendencias&quot; - Royal,http,2026-09-07T16:54:03.115910+00:00
Rusticas Del Guadalquivir,Spanish Ministry of Agriculture variety bulletin naming Rusticas as owner and breeder,webResearchSources,https://www.mapa.gob.es/dam/mapa/contenido/agricultura/temas/medios-de-produccion/semillas-y-plantas-de-vivero/registro-de-variedades/boletines/boletines-bimensuales/bolrvp-12025_-0.pdf,True,200,https://www.mapa.gob.es/dam/mapa/contenido/agricultura/temas/medios-de-produccion/semillas-y-plantas-de-vivero/registro-de-variedades/boletines/boletines-bimensuales/bolrvp-12025_-0.pdf,,,http,2026-09-07T16:54:04.470994+00:00
Rusticas Del Guadalquivir,Royal research and breeding program,webResearchSources,https://royal.es/investigacion-royal/,True,200,https://royal.es/investigacion-royal/,,Investigación - Royal,http,2026-09-07T16:54:04.021898+00:00
Rusticas Del Guadalquivir,Royal leadership team,webResearchSources,https://royal.es/equipo/,True,200,https://royal.es/equipo/,,Equipo - Royal,http,2026-09-07T16:54:04.652721+00:00
Jose Martin Charlez Martinez,Primary contact,primaryContactUrl,https://www.vifinternacional.com/contactar/,True,200,https://www.vifinternacional.com/contactar/,,Contactar - VIF International,http,2026-09-07T16:53:08.050538+00:00
Jose Martin Charlez Martinez,Trademark evidence,trademarkEvidenceUrl,https://www.viverosveron.es/downloads/catalogo-general/20/,True,200,https://www.viverosveron.es/downloads/catalogo-general/20/,,Viveros Ver&#243;n,http,2026-09-07T16:54:04.122093+00:00
Jose Martin Charlez Martinez,"Spanish variety registry entries for Proseplan NETIX, MELOX, and REDIX selections",webResearchSources,https://www.mapa.gob.es/ministerio/pags/biblioteca/revistas/pdf_rvc/rvc_2014_1.pdf,True,200,https://www.mapa.gob.es/ministerio/pags/biblioteca/revistas/pdf_rvc/rvc_2014_1.pdf,,,http,2026-09-07T16:54:04.822023+00:00
Jose Martin Charlez Martinez,February 2026 BORME filing for Varietal Innovation Fruit S.L.,webResearchSources,https://www.boe.es/borme/dias/2026/02/19/pdfs/BORME-A-2026-34-50.pdf,True,200,https://www.boe.es/borme/dias/2026/02/19/pdfs/BORME-A-2026-34-50.pdf,,,http,2026-09-07T16:54:04.761887+00:00
Kihara Takeshi,Primary contact,primaryContactUrl,https://www.naro.go.jp/english/research-programs/industry-academia-government/license/index.html,True,200,https://www.naro.go.jp/english/research-programs/industry-academia-government/license/index.html,,English:Licensing procedure for propagation for private cultivation of registered variety bred by NARO (For farmers) | 農研機構,http,2026-09-07T16:53:51.608684+00:00
Kihara Takeshi,Contact source,contactSourceUrl,https://www.naro.go.jp/english/research-programs/industry-academia-government/contact/index.html,True,200,https://www.naro.go.jp/english/research-programs/industry-academia-government/contact/index.html,,English:Contact,http,2026-09-07T16:53:56.960975+00:00
Kihara Takeshi,Akizuki pear patent inventor and assignee record,webResearchSources,https://patents.google.com/patent/USPP12373P2/en,True,200,https://patents.google.com/patent/USPP12373P2/en,,USPP12373P2 - Japanese pear tree named ‘Akizuki’ - Google Patents,http,2026-09-07T16:53:53.903291+00:00
Kihara Takeshi,NARO Hatsumaru cultivar paper identifying Kihara as a former contributor,webResearchSources,https://www.jstage.jst.go.jp/article/naroj/2020/4/2020_41/_pdf/-char/ja,True,200,https://www.jstage.jst.go.jp/article/naroj/2020/4/2020_41/_pdf/-char/ja,,,http,2026-09-07T16:54:05.909375+00:00
Terrance C. Moran,Primary contact,primaryContactUrl,https://www.driscolls.com/about/Contact-Us,True,200,https://www.driscolls.com/about/Contact-Us,,Contact Us,http,2026-09-07T16:53:50.653536+00:00
Terrance C. Moran,Trademark evidence,trademarkEvidenceUrl,https://active.inspection.gc.ca/english/plaveg/pbrpov/cropreport/str/app00008914e.shtml,True,200,https://active.inspection.gc.ca/english/plaveg/pbrpov/cropreport/str/app00008914e.shtml,,Canadian Food Inspection Agency - DrisStrawTwentySeven,http,2026-09-07T16:54:04.297361+00:00
Tupy Jaroslav,Primary contact,primaryContactUrl,https://applebreeding.ueb.cas.cz/team/,True,200,https://applebreeding.ueb.cas.cz/team/,,Team - Station of Apple Breeding for Disease Resistance,http,2026-09-07T16:54:05.662524+00:00
Tupy Jaroslav,Contact source,contactSourceUrl,https://applebreeding.ueb.cas.cz/contact/,True,200,https://applebreeding.ueb.cas.cz/contact/,,Contact - Station of Apple Breeding for Disease Resistance,http,2026-09-07T16:54:06.159479+00:00
Tupy Jaroslav,UEB founder profile for Jaroslav Tupy,webResearchSources,https://applebreeding.ueb.cas.cz/founder-dr-tupy/,True,200,https://applebreeding.ueb.cas.cz/founder-dr-tupy/,,Founder Dr. Tupý - Station of Apple Breeding for Disease Resistance,http,2026-09-07T16:54:06.581400+00:00
Tupy Jaroslav,UEB 3264/2 patent inventor and assignee record,webResearchSources,https://patents.google.com/patent/USPP15963P2/en,True,200,https://patents.google.com/patent/USPP15963P2/en,,USPP15963P2 - Apple tree named ‘UEB 3264/2’ - Google Patents,http,2026-09-07T16:54:04.879125+00:00
Louda Otto,UEB history distinguishing founder Otto Louda Sr. and older private cultivars,webResearchSources,https://applebreeding.ueb.cas.cz/cz/historie/,True,200,https://applebreeding.ueb.cas.cz/cz/historie/,,Historie - Stanice šlechtění jabloně na rezistenci k chorobám,http,2026-09-07T16:54:06.732043+00:00
Louda Otto,Official apple-breeding station history,webResearchSources,https://applebreeding.ueb.cas.cz/about/,True,200,https://applebreeding.ueb.cas.cz/about/,,About - Station of Apple Breeding for Disease Resistance,http,2026-09-07T16:54:06.282133+00:00
Louda Otto,Later UEB patent record naming Otto Louda and the institute as assignee,webResearchSources,https://patents.google.com/patent/USPP15963P2/en,True,200,https://patents.google.com/patent/USPP15963P2/en,,USPP15963P2 - Apple tree named ‘UEB 3264/2’ - Google Patents,http,2026-09-07T16:54:04.879125+00:00
"Jr., Harold A. Johnson",Primary contact,primaryContactUrl,https://www.driscolls.com/about/Contact-Us,True,200,https://www.driscolls.com/about/Contact-Us,,Contact Us,http,2026-09-07T16:53:50.653536+00:00
"Jr., Harold A. Johnson","Commander patent naming Harold A. Johnson, Jr. and recording assignment to Driscoll",webResearchSources,https://patents.google.com/patent/USPP7024P/en,True,200,https://patents.google.com/patent/USPP7024P/en,,USPP7024P - Strawberry plant `Commander` - Google Patents,http,2026-09-07T16:54:05.174451+00:00
Zima Jan,Primary contact,primaryContactUrl,https://applebreeding.ueb.cas.cz/team/,True,200,https://applebreeding.ueb.cas.cz/team/,,Team - Station of Apple Breeding for Disease Resistance,http,2026-09-07T16:54:05.662524+00:00
Zima Jan,UEB 3264/2 patent inventor and assignee record,webResearchSources,https://patents.google.com/patent/USPP15963P2/en,True,200,https://patents.google.com/patent/USPP15963P2/en,,USPP15963P2 - Apple tree named ‘UEB 3264/2’ - Google Patents,http,2026-09-07T16:54:04.879125+00:00
Zima Jan,UEB program history and portfolio,webResearchSources,https://applebreeding.ueb.cas.cz/about/,True,200,https://applebreeding.ueb.cas.cz/about/,,About - Station of Apple Breeding for Disease Resistance,http,2026-09-07T16:54:06.282133+00:00
Mikeal L. Roose,Primary contact,primaryContactUrl,https://profiles.ucr.edu/app/home/profile/roose,True,200,https://profiles.ucr.edu/app/home/profile/roose,,UCR Profiles - Search &amp; Browse,http,2026-09-07T16:54:05.545089+00:00
Mikeal L. Roose,Trademark evidence,trademarkEvidenceUrl,https://news.ucr.edu/articles/2026/01/15/tangos-sweet-legacy-lives,True,200,https://news.ucr.edu/articles/2026/01/15/tangos-sweet-legacy-lives,,Tango’s sweet legacy lives on | UCR News | UC Riverside,http,2026-09-07T16:54:05.931327+00:00
Mikeal L. Roose,UC Riverside Tango licensing and rights page,webResearchSources,https://citrusvariety.ucr.edu/crc4183,True,200,https://citrusvariety.ucr.edu/crc4183,,Tango mandarin | Givaudan Citrus Variety Collection at UCR,http,2026-09-07T16:54:06.092169+00:00
Donato Antonacci,Primary contact,primaryContactUrl,https://innovazioni.crea.gov.it/scheda-392,True,200,https://innovazioni.crea.gov.it/scheda-392,,INNOVAZIONI,http,2026-09-07T16:54:06.443512+00:00
Donato Antonacci,CREA retirement decree for Donato Antonacci,webResearchSources,https://www.crea.gov.it/documents/20126/184841/decreto_19_10_2017.pdf,True,200,https://www.crea.gov.it/documents/20126/184841/decreto_19_10_2017.pdf,,,http,2026-09-07T16:54:06.831253+00:00
Donato Antonacci,CREA table-grape event showing Antonacci's later scientific role,webResearchSources,https://www.crea.gov.it/web/viticoltura-e-enologia/-/uva-da-tavola-apirena-variet%C3%A0-italiane-a-confronto,True,200,https://www.crea.gov.it/web/viticoltura-e-enologia/-/uva-da-tavola-apirena-variet%C3%A0-italiane-a-confronto,,Uva da tavola apirena &#8211; Varietà italiane a confronto - Uva da tavola apirena &#8211; Varietà italiane a confronto - Viticoltura e Enologia - CREA,http,2026-09-07T16:54:07.307534+00:00
James J. Luby,Primary contact,primaryContactUrl,https://license.umn.edu/product/minnesota-first-kiss-apple-mn55-variety,True,200,https://license.umn.edu/product/minnesota-first-kiss-apple-mn55-variety,,Available Technologies | Technology Commercialization,http,2026-09-07T16:54:06.543598+00:00
James J. Luby,University of Minnesota profile for Jim Luby,webResearchSources,https://horticulture.umn.edu/people/jim-luby,True,200,https://horticulture.umn.edu/people/jim-luby,,Jim Luby | Department of Horticultural Science,http,2026-09-07T16:54:06.503684+00:00
James J. Luby,University of Minnesota announcement of Matthew Clark's succession,webResearchSources,https://msi.umn.edu/msi-news/msi-pi-matthew-clark-takes-helm-us-fruit-breeding-program,True,200,https://msi.umn.edu/msi-news/msi-pi-matthew-clark-takes-helm-us-fruit-breeding-program,,MSI PI Matthew Clark Takes Helm of U’s Fruit-Breeding Program | Minnesota Supercomputing Institute,http,2026-09-07T16:54:06.674386+00:00
Gray E. Martin,Primary contact,primaryContactUrl,https://avocado.ucr.edu/variety-list-contributors,True,200,https://avocado.ucr.edu/variety-list-contributors,,Variety List Contributors | Avocado Variety Collection,http,2026-09-07T16:54:06.884464+00:00
Gray E. Martin,Trademark evidence,trademarkEvidenceUrl,https://www.eurekalert.org/news-releases/622815,True,200,https://www.eurekalert.org/news-releases/622815,,UC Riverside licenses leading South African company to market &#039;GEM&#039; avocados | EurekAlert!,http,2026-09-07T16:54:07.137108+00:00
Gray E. Martin,Lamb/Hass patent inventor and Regents assignee record,webResearchSources,https://patents.google.com/patent/USPP9753P/en,True,200,https://patents.google.com/patent/USPP9753P/en,,USPP9753P - Avocado tree called Lamb/Hass - Google Patents,http,2026-09-07T16:54:06.815955+00:00
Stefano Lugli,Primary contact,primaryContactUrl,https://cherrytimes.it/comitato-tecnico-scientifico,True,200,https://cherrytimes.it/comitato-tecnico-scientifico,,Comitato tecnico scientifico,http,2026-09-07T16:54:07.828987+00:00
Stefano Lugli,Contact source,contactSourceUrl,https://www.freshplaza.it/article/9563872/parte-dalla-puglia-la-rivoluzione-della-filiera-dell-uva-da-tavola/,True,200,https://www.freshplaza.it/article/9563872/parte-dalla-puglia-la-rivoluzione-della-filiera-dell-uva-da-tavola/,,Parte dalla Puglia la rivoluzione della filiera dell&#x2019;uva da tavola,http,2026-09-07T16:54:07.560800+00:00
Stefano Lugli,Trademark evidence,trademarkEvidenceUrl,https://distal.unibo.it/en/university-outreach/businesses/the-plant-varieties-rights,True,200,https://distal.unibo.it/en/university-outreach/businesses/the-plant-varieties-rights,,The Plant Variety Rights — Agricultural and Food Sciences,http,2026-09-07T16:54:08.665624+00:00
Nir Carmi,Primary contact,primaryContactUrl,https://www.agri.gov.il/en/author/vhncarmivolcani-agri-gov-il,True,200,https://www.agri.gov.il/en/author/vhncarmivolcani-agri-gov-il,,"ניר כרמי, Author at Volcani Website",http,2026-09-07T16:54:07.844878+00:00
Nir Carmi,ARO Volcani citrus-breeding program and cultivar portfolio,webResearchSources,https://www.agri.gov.il/en/breeding-projects/citrus-breeding/,True,200,https://www.agri.gov.il/en/breeding-projects/citrus-breeding/,,Citrus - Volcani Website,http,2026-09-07T16:54:07.780482+00:00
Nir Carmi,Moroccan PBR bulletin naming Ministry/ARO applicant and Carmi among breeders,webResearchSources,https://www.onssa.gov.ma/wp-content/uploads/2025/06/bulletin-protection-n43-avril-2025-onssa-dcsp.pdf,False,,https://www.onssa.gov.ma/wp-content/uploads/2025/06/bulletin-protection-n43-avril-2025-onssa-dcsp.pdf,URLError: <urlopen error [Errno 111] Connection refused>,,http,2026-09-07T16:53:32.730344+00:00
Nicola Tufaro,Primary contact,primaryContactUrl,https://www.novasirigenetics.com/contatti/,True,200,https://www.novasirigenetics.com/contatti/,,Contatti &#8211; Nova Siri Genetics,http,2026-09-07T16:54:10.124645+00:00
Nicola Tufaro,Trademark evidence,trademarkEvidenceUrl,https://www.novasirigenetics.com/en/home-3/,False,404,https://www.novasirigenetics.com/en/home-3/,HTTP 404,,http,2026-09-07T16:54:09.698504+00:00
Nicola Tufaro,Nova Siri Genetics research program and breeder role,webResearchSources,https://www.novasirigenetics.com/2026/04/08/innovazione-varietale-e-filiera-al-centro-del-quinto-open-day/,True,200,https://www.novasirigenetics.com/2026/04/08/innovazione-varietale-e-filiera-al-centro-del-quinto-open-day/,,Innovazione varietale e filiera al centro del quinto Open Day &#8211; Nova Siri Genetics,http,2026-09-07T16:54:10.328621+00:00
Nicola Tufaro,Melissa patent naming Tufaro and Nova Siri Genetics,webResearchSources,https://patentimages.storage.googleapis.com/c5/3a/64/0d59a6e06c8bf5/US20160029528P1.pdf,True,200,https://patentimages.storage.googleapis.com/c5/3a/64/0d59a6e06c8bf5/US20160029528P1.pdf,,,http,2026-09-07T16:54:08.129432+00:00
Aldo Telch,Primary contact,primaryContactUrl,https://www.vivaimolari.it/,True,200,https://www.vivaimolari.it/,,Vivai Molari - Berries &amp; Breeding |,http,2026-09-07T16:54:11.305868+00:00
Aldo Telch,Lagorai Plus official PBR journal,webResearchSources,https://beta.ipaustralia.gov.au/tools-and-research/professional-resources/ip-rights-journals/~/-/media/Project/IPA/IPAustralia/PDF/PBR-Journals/Volume-30-Number-3.pdf,True,200,https://www.ipaustralia.gov.au/tools-and-research/professional-resources/ip-rights-journals/~/-/media/Project/IPA/IPAustralia/PDF/PBR-Journals/Volume-30-Number-3.pdf,,,http,2026-09-07T16:54:10.343862+00:00
Aldo Telch,Enrosadira patent record,webResearchSources,https://patents.google.com/patent/US20140317798P1/en,True,200,https://patents.google.com/patent/US20140317798P1/en,,US20140317798P1 - Raspberry plant variety named enrosadira - Google Patents,http,2026-09-07T16:54:08.356470+00:00
Bessho Hideo,Primary contact,primaryContactUrl,https://www.naro.go.jp/english/research-programs/industry-academia-government/contact/index.html,True,200,https://www.naro.go.jp/english/research-programs/industry-academia-government/contact/index.html,,English:Contact,http,2026-09-07T16:53:56.960975+00:00
Bessho Hideo,NARO public lecture profile,webResearchSources,https://www.naro.go.jp/english/outreach/public/140946.html,True,200,https://www.naro.go.jp/english/outreach/public/140946.html,,NARO Public Lecture October 2018,http,2026-09-07T16:54:09.385310+00:00
Bessho Hideo,Public researcher profile,webResearchSources,https://researchmap.jp/besshoh007?lang=en,True,200,https://researchmap.jp/besshoh007?lang=en,,Hideo Bessho - My portal - researchmap,http,2026-09-07T16:54:09.854430+00:00
Bessho Hideo,Sansa patent and public assignee,webResearchSources,https://patents.google.com/patent/USPP6519P/en,True,200,https://patents.google.com/patent/USPP6519P/en,,USPP6519P - Apple tree `Sansa` - Google Patents,http,2026-09-07T16:54:09.630424+00:00
Crista Fischer,Primary contact,primaryContactUrl,https://www.julius-kuehn.de/zo,True,200,https://www.julius-kuehn.de/zo,,JKI: Züchtungsforschung an Obst,http,2026-09-07T16:54:10.582741+00:00
Crista Fischer,Official Pillnitz cultivar brochure,webResearchSources,https://www.julius-kuehn.de/media/Veroeffentlichungen/Flyer/PillnitzerObstsortenbroschuere.pdf,True,200,https://www.julius-kuehn.de/media/Veroeffentlichungen/Flyer/PillnitzerObstsortenbroschuere.pdf,,,http,2026-09-07T16:54:11.275655+00:00
Crista Fischer,Current JKI fruit-breeding staff,webResearchSources,https://www.julius-kuehn.de/zo/personal,True,200,https://www.julius-kuehn.de/zo/personal,,JKI: Personal ZO,http,2026-09-07T16:54:10.590653+00:00
Craig Robert Pressler,Primary contact,primaryContactUrl,https://www.futurefoodsystems.com.au/partner/superior-production-company/,True,200,https://www.futurefoodsystems.com.au/partner/superior-production-company/,,Superior Production Company - Future Food Systems,http,2026-09-07T16:54:10.301162+00:00
Craig Robert Pressler,AC41114 official PBR journal,webResearchSources,https://www.ipaustralia.gov.au/tools-and-research/professional-resources/ip-rights-journals/~/-/media/Project/IPA/IPAustralia/PDF/PBR-Journals/Volume-32-Number-3.pdf?rev=da81db5a54d2487f90f098415aa8db2f,True,200,https://www.ipaustralia.gov.au/tools-and-research/professional-resources/ip-rights-journals/~/-/media/Project/IPA/IPAustralia/PDF/PBR-Journals/Volume-32-Number-3.pdf?rev=da81db5a54d2487f90f098415aa8db2f,,,http,2026-09-07T16:54:12.004340+00:00
Craig Robert Pressler,Costa completion of 2PH acquisition,webResearchSources,https://investors.costagroup.com.au/DownloadFile.axd?file=%2FReport%2FComNews%2F20210719%2F02396845.pdf,True,200,https://investors.costagroup.com.au/DownloadFile.axd?file=%2FReport%2FComNews%2F20210719%2F02396845.pdf,,,http,2026-09-07T16:54:11.541033+00:00
Joseph Maranto,Primary contact,primaryContactUrl,https://ucanr.edu/county-office/kern-county/citrus-subtropical-horticulture-pistachios,True,200,https://ucanr.edu/county/kern-county/citrus-subtropical-horticulture-pistachios,,"Citrus, Subtropical Horticulture, Pistachios | Kern County",http,2026-09-07T16:54:12.801561+00:00
Joseph Maranto,UC Davis pistachio program,webResearchSources,https://fps.ucdavis.edu/pistachio.cfm,True,200,https://fps.ucdavis.edu/pistachio.cfm,,Foundation Plant Services,http,2026-09-07T16:54:11.034376+00:00
Joseph Maranto,Cara Seedless patent and assignee,webResearchSources,https://patents.google.com/patent/USPP19429P3/en,True,200,https://patents.google.com/patent/USPP19429P3/en,,USPP19429P3 - Grapevine named ‘Cara Seedless’ - Google Patents,http,2026-09-07T16:54:10.811377+00:00
Ito Yuji,Primary contact,primaryContactUrl,https://www.naro.go.jp/english/research-programs/industry-academia-government/contact/index.html,True,200,https://www.naro.go.jp/english/research-programs/industry-academia-government/contact/index.html,,English:Contact,http,2026-09-07T16:53:56.960975+00:00
Ito Yuji,Official HAREHIME variety record,webResearchSources,https://www.hinshu2.maff.go.jp/vips/cmm/apCMM112.aspx?LANGUAGE=English&TOUROKU_NO=12069,True,200,https://www.hinshu2.maff.go.jp/vips/cmm/apCMM112.aspx?LANGUAGE=English&TOUROKU_NO=12069,,品種登録迅速化総合電子化システム,http,2026-09-07T16:54:11.419336+00:00
Ito Yuji,MAFF public researcher record,webResearchSources,https://agresearcher.maff.go.jp/kenkyuusha/show/134,True,403,https://agresearcher.maff.go.jp/kenkyuusha/show/134,Automated access was blocked or temporarily unavailable; source requires manual browser review.,,manual_browser_required,2026-09-07T16:54:11.141286+00:00
Ito Yuji,NARO retirement and award notice,webResearchSources,https://www.naro.go.jp/project/research_activities/laboratory/nifts/168784.html,True,200,https://www.naro.go.jp/project/research_activities/laboratory/nifts/168784.html,,2025年度園芸功労賞を受賞しました。 | 農研機構,http,2026-09-07T16:54:11.760839+00:00
Yoshiie Kazuo,Official Moon Rouge registration summary,webResearchSources,https://www.hinshu2.maff.go.jp/gazette/touroku/contents/457gaiyou.pdf,True,200,https://www.hinshu2.maff.go.jp/gazette/touroku/contents/457gaiyou.pdf,,,http,2026-09-07T16:54:12.262185+00:00
Yoshiie Kazuo,Official Swiss Kirameki breeder and owner record,webResearchSources,https://www.blw.admin.ch/dam/en/sd-web/jSKJ59x2UJaD/plantvar%20268%20Nov%2021.pdf,True,200,https://www.blw.admin.ch/dam/en/sd-web/jSKJ59x2UJaD/plantvar%20268%20Nov%2021.pdf,,,http,2026-09-07T16:54:13.210910+00:00
Ronald E. Tarailo,Primary contact,primaryContactUrl,https://www.ars.usda.gov/pacific-west-area/parlier/sjvasc/,True,200,https://www.ars.usda.gov/pacific-west-area/parlier/sjvasc/,,San Joaquin Valley Agricultural Sciences Center : USDA ARS,http,2026-09-07T16:54:11.651998+00:00
Ronald E. Tarailo,USDA Scarlet Royal release,webResearchSources,https://www.ars.usda.gov/news-events/news/research-news/2006/quotscarlet-royalquot-grapes-delicious/,True,200,https://www.ars.usda.gov/news-events/news/research-news/2006/quotscarlet-royalquot-grapes-delicious/,,&amp;quot;Scarlet Royal&amp;quot; Grapes: Delicious! : USDA ARS,http,2026-09-07T16:54:11.586961+00:00
Ronald E. Tarailo,Autumn King patent and federal assignee,webResearchSources,https://patents.google.com/patent/USPP16284P2/en,True,200,https://patents.google.com/patent/USPP16284P2/en,,USPP16284P2 - Grapevine denominated ‘Autumn King’ - Google Patents,http,2026-09-07T16:54:11.667507+00:00
Joseph Stephens,Primary contact,primaryContactUrl,https://www.bioeconomyscience.co.nz/contact-us,True,403,https://www.bioeconomyscience.co.nz/contact-us,Automated access was blocked or temporarily unavailable; source requires manual browser review.,,manual_browser_required,2026-09-07T16:53:05.995942+00:00
Joseph Stephens,NN08002 patent assignment history,webResearchSources,https://patents.google.com/patent/US20170172037P1/en,True,200,https://patents.google.com/patent/US20170172037P1/en,,US20170172037P1 - Raspberry plant named &#39;NN08002&#39; - Google Patents,http,2026-09-07T16:54:11.765489+00:00
Joseph Stephens,Official NN08002 PBR record,webResearchSources,https://active.inspection.gc.ca/english/plaveg/pbrpov/cropreport/ra/app00010991e.shtml,True,200,https://active.inspection.gc.ca/english/plaveg/pbrpov/cropreport/ra/app00010991e.shtml,,Canadian Food Inspection Agency - NN08002,http,2026-09-07T16:54:11.862411+00:00
Joseph Stephens,Official Bioeconomy Science succession announcement,webResearchSources,https://www.plantandfood.com/en-nz/article/new-bioeconomy-science-institute-to-be-formed,True,200,https://www.plantandfood.com/en-nz/article/new-bioeconomy-science-institute-to-be-formed,,New Bioeconomy Science Institute to be formed · Plant &amp; Food Research,http,2026-09-07T16:54:12.082110+00:00
Bermudo Antonio A. Alamo,Primary contact,primaryContactUrl,https://www.fallcreeknursery.com/commercial-fruit-growers/varieties/inquire,True,200,https://www.fallcreeknursery.com/commercial-fruit-growers/varieties/inquire,,Inquire Variety | Fall Creek,http,2026-09-07T16:54:13.154779+00:00
Bermudo Antonio A. Alamo,Inventor portfolio and assignees,webResearchSources,https://patents.justia.com/inventor/antonio-a-alamo-bermudo,True,403,https://patents.justia.com/inventor/antonio-a-alamo-bermudo,Automated access was blocked or temporarily unavailable; source requires manual browser review.,,manual_browser_required,2026-09-07T16:54:11.826174+00:00
Bermudo Antonio A. Alamo,Recent FCE18-015 filing,webResearchSources,https://patents.justia.com/patent/20250280745,True,403,https://patents.justia.com/patent/20250280745,Automated access was blocked or temporarily unavailable; source requires manual browser review.,,manual_browser_required,2026-09-07T16:54:11.829955+00:00
Bermudo Antonio A. Alamo,Fall Creek official locations and contacts,webResearchSources,https://www.fallcreeknursery.com/careers/our-locations,True,200,https://www.fallcreeknursery.com/careers/our-locations,,Our Locations | Fall Creek Farm & Nursery,http,2026-09-07T16:54:13.231043+00:00
Renae R. Robertson,Primary contact,primaryContactUrl,https://www.driscolls.com/about/Contact-Us,True,200,https://www.driscolls.com/about/Contact-Us,,Contact Us,http,2026-09-07T16:53:50.653536+00:00
Renae R. Robertson,Official DrisStrawSeventyNine PBR record,webResearchSources,https://active.inspection.gc.ca/english/plaveg/pbrpov/cropreport/str/app00011980e.shtml,True,200,https://active.inspection.gc.ca/english/plaveg/pbrpov/cropreport/str/app00011980e.shtml,,Canadian Food Inspection Agency - DrisStrawSeventyNine,http,2026-09-07T16:54:12.106127+00:00
Renae R. Robertson,Official DrisStrawSixtySix PBR record,webResearchSources,https://active.inspection.gc.ca/english/plaveg/pbrpov/cropreport/str/app00011532e.shtml,True,200,https://active.inspection.gc.ca/english/plaveg/pbrpov/cropreport/str/app00011532e.shtml,,Canadian Food Inspection Agency - DrisStrawSixtySix,http,2026-09-07T16:54:12.143149+00:00
Renae R. Robertson,DrisStrawFortyOne patent assignment,webResearchSources,https://patents.google.com/patent/USPP25699/en,True,200,https://patents.google.com/patent/USPP25699/en,,USPP25699P3 - Strawberry plant named ‘DrisStrawFortyOne’ - Google Patents,http,2026-09-07T16:54:12.314240+00:00
Vardi Aliza,Primary contact,primaryContactUrl,https://www.agri.gov.il/en/contact-us/,True,200,https://www.agri.gov.il/en/contact-us/,,Contact Us - Volcani Website,http,2026-09-07T16:54:13.031236+00:00
Vardi Aliza,Official Volcani biography,webResearchSources,https://www.agri.gov.il/en/golden-researchers/aliza-vardi/,True,200,https://www.agri.gov.il/en/golden-researchers/aliza-vardi/,,Aliza Vardi - Volcani Website,http,2026-09-07T16:54:13.135117+00:00
Vardi Aliza,Shani patent and state assignee,webResearchSources,https://patents.google.com/patent/USPP13634P2/en,True,200,https://patents.google.com/patent/USPP13634P2/en,,USPP13634P2 - Citrus tree named ‘Shani’ - Google Patents,http,2026-09-07T16:54:12.391714+00:00
Vardi Aliza,Current Volcani leadership,webResearchSources,https://www.agri.gov.il/en/leadership/,True,200,https://www.agri.gov.il/en/leadership/,,Leadership - Volcani Website,http,2026-09-07T16:54:13.270699+00:00
Michelangelo Grandi,Primary contact,primaryContactUrl,https://distal.unibo.it/en/university-outreach/businesses/the-plant-varieties-rights,True,200,https://distal.unibo.it/en/university-outreach/businesses/the-plant-varieties-rights,,The Plant Variety Rights — Agricultural and Food Sciences,http,2026-09-07T16:54:08.665624+00:00
Michelangelo Grandi,University PA8UNIBO Sweet Dave record,webResearchSources,https://www.unibo.it/it/con-societa-e-impresa/imprese-e-non-profit/brevetti-ateneo/brevetti-ateneo/scheda/2384,True,200,https://www.unibo.it/it/con-societa-e-impresa/imprese-e-non-profit/brevetti-ateneo/brevetti-ateneo/scheda/2384,,Varietà di Ciliegio: PA8UNIBO* Sweet Dave® — Università di Bologna,http,2026-09-07T16:54:14.796520+00:00
Michelangelo Grandi,University Sweet-series portfolio brochure,webResearchSources,https://distal.unibo.it/en/university-outreach/businesses/the-plant-varieties-rights/unibo.tiles.multi.links_attachments/3b95d53123164cd285067e02cc7b5051/%40%40objects-download/6f10731b4370425a96d9530f3faff4b1/file/ciliegie%20pieghevole%20A5%20%20ENG_2023_pagina%20singola%20per%20web.pdf,True,200,https://distal.unibo.it/en/university-outreach/businesses/the-plant-varieties-rights/unibo.tiles.multi.links_attachments/3b95d53123164cd285067e02cc7b5051/%40%40objects-download/6f10731b4370425a96d9530f3faff4b1/file/ciliegie%20pieghevole%20A5%20%20ENG_2023_pagina%20singola%20per%20web.pdf,,,http,2026-09-07T16:54:13.757910+00:00
Michelangelo Grandi,Sweet Aryana patent record,webResearchSources,https://patents.google.com/patent/US20130326772P1/en,True,200,https://patents.google.com/patent/US20130326772P1/en,,US20130326772P1 - Cherry tree named &#39;SWEET ARYANA&#39; - Google Patents,http,2026-09-07T16:54:13.048242+00:00
Berthold O. Bergh,Primary contact,primaryContactUrl,https://avocado.ucr.edu/variety-list-contributors,True,200,https://avocado.ucr.edu/variety-list-contributors,,Variety List Contributors | Avocado Variety Collection,http,2026-09-07T16:54:06.884464+00:00
Berthold O. Bergh,UC ANR memorial,webResearchSources,https://ucanr.edu/blog/topics-subtropics/article/avocado-great-has-passed-bob-bergh,True,200,https://ucanr.edu/blog/topics-subtropics/article/avocado-great-has-passed-bob-bergh,,Avocado Great Has Passed - Bob Bergh | Topics in Subtropics,http,2026-09-07T16:54:14.530130+00:00
Berthold O. Bergh,UCR avocado release and program succession,webResearchSources,https://avocado.ucr.edu/news/2023/07/10/ucr-releases-new-avocado-tree-world-marketplace,True,200,https://avocado.ucr.edu/news/2023/07/10/ucr-releases-new-avocado-tree-world-marketplace,,UCR releases a new avocado tree to the world marketplace | Avocado Variety Collection,http,2026-09-07T16:54:13.250909+00:00
Berthold O. Bergh,BL5-552 patent and Regents assignment,webResearchSources,https://patents.google.com/patent/USPP33534P3/en,True,200,https://patents.google.com/patent/USPP33534P3/en,,USPP33534P3 - Avocado tree named ‘BL 5-552’ - Google Patents,http,2026-09-07T16:54:13.376311+00:00
Craig Chandler,Primary contact,primaryContactUrl,https://gcrec.ifas.ufl.edu/,True,200,https://gcrec.ifas.ufl.edu/,,"Gulf Coast Research and Education Center - University of Florida, Institute of Food and Agricultural Sciences - UF/IFAS",http,2026-09-07T16:54:13.944350+00:00
Craig Chandler,UF strawberry breeding program history,webResearchSources,https://blogs.ifas.ufl.edu/news/2016/02/17/national-strawberry-day-time-to-recognize-ufifas-breeding-program/,True,200,https://blogs.ifas.ufl.edu/news/2016/02/17/national-strawberry-day-time-to-recognize-ufifas-breeding-program/,,National Strawberry Day: Time to Recognize UF/IFAS Breeding Program - News,http,2026-09-07T16:54:14.355448+00:00
Craig Chandler,UF breeder succession,webResearchSources,https://blogs.ifas.ufl.edu/news/2013/09/12/new-uf-developed-strawberry-varieties-are-bred-with-a-focus-on-flavor/,True,200,https://blogs.ifas.ufl.edu/news/2013/09/12/new-uf-developed-strawberry-varieties-are-bred-with-a-focus-on-flavor/,,New UF-developed strawberry varieties are bred with a focus on flavor - News,http,2026-09-07T16:54:14.398092+00:00
Craig Chandler,UF Florida Radiance licensing reference,webResearchSources,https://blogs.ifas.ufl.edu/news/2011/05/20/florida-agricultural-experiment-station-holds-fourth-annual-awards-event/,True,200,https://blogs.ifas.ufl.edu/error404/,,404 - UF/IFAS Blogs,http,2026-09-07T16:54:14.358188+00:00
Timothy E. Williams,Primary contact,primaryContactUrl,https://citrusvariety.ucr.edu/citrus-varieties/category-or-type/ucr-varieties,True,200,https://citrusvariety.ucr.edu/citrus-varieties/category-or-type/ucr-varieties,,Varieties developed at UCR | Givaudan Citrus Variety Collection at UCR,http,2026-09-07T16:54:13.965191+00:00
Timothy E. Williams,Tango patent and Regents assignment,webResearchSources,https://patents.google.com/patent/USPP17863P3/en,True,200,https://patents.google.com/patent/USPP17863P3/en,,USPP17863P3 - Mandarin tree named ‘Tango’ - Google Patents,http,2026-09-07T16:54:13.644107+00:00
Timothy E. Williams,UCR Tango legacy and patent-expiration update,webResearchSources,https://news.ucr.edu/articles/2026/01/15/tangos-sweet-legacy-lives,True,200,https://news.ucr.edu/articles/2026/01/15/tangos-sweet-legacy-lives,,Tango’s sweet legacy lives on | UCR News | UC Riverside,http,2026-09-07T16:54:05.931327+00:00
Yoshioka Terutaka,Primary contact,primaryContactUrl,https://www.naro.go.jp/english/research-programs/industry-academia-government/license/index.html,True,200,https://www.naro.go.jp/english/research-programs/industry-academia-government/license/index.html,,English:Licensing procedure for propagation for private cultivation of registered variety bred by NARO (For farmers) | 農研機構,http,2026-09-07T16:53:51.608684+00:00
Yoshioka Terutaka,NARO cultivar repository record,webResearchSources,https://repository.naro.go.jp/records/2259,True,200,https://repository.naro.go.jp/records/2259,,農研機構機関リポジトリ,http,2026-09-07T16:54:16.111895+00:00
Yoshioka Terutaka,NARO citrus genomic-selection research,webResearchSources,https://www.naro.go.jp/english/topics/laboratory/fruit/076256.html,True,200,https://www.naro.go.jp/english/topics/laboratory/fruit/076256.html,,Predicting fruit trait with high accuracy at young seedling stage of citrus,http,2026-09-07T16:54:14.382027+00:00
David H. Byrne,Primary contact,primaryContactUrl,https://ipc.agrilife.org/for-industry/licensing/,True,200,https://ipc.agrilife.org/for-industry/licensing/,,Licensing - Intellectual Property &amp; Commercialization,http,2026-09-07T16:54:14.847169+00:00
David H. Byrne,Texas A&M Byrne profile,webResearchSources,https://roses.tamu.edu/dr-byrne/,True,200,https://roses.tamu.edu/dr-byrne/,,Dr. David Byrne &#8211; Rose Genetics and Breeding,http,2026-09-07T16:54:15.552636+00:00
David H. Byrne,Royal Zest Two patent and Texas A&M assignment,webResearchSources,https://patents.google.com/patent/USPP28172P3/en,True,200,https://patents.google.com/patent/USPP28172P3/en,,USPP28172P3 - Peach tree named ‘Royal Zest Two’ - Google Patents,http,2026-09-07T16:54:14.599219+00:00
Katalin M. Pakozdi,Primary contact,primaryContactUrl,https://www.driscolls.com/about/Contact-Us,True,200,https://www.driscolls.com/about/Contact-Us,,Contact Us,http,2026-09-07T16:53:50.653536+00:00
Katalin M. Pakozdi,CFIA DrisStrawSixtyFive PBR record,webResearchSources,https://active.inspection.gc.ca/english/plaveg/pbrpov/cropreport/str/app00011185e.shtml,True,200,https://active.inspection.gc.ca/english/plaveg/pbrpov/cropreport/str/app00011185e.shtml,,Canadian Food Inspection Agency - DrisStrawSixtyFive,http,2026-09-07T16:54:14.620072+00:00
Katalin M. Pakozdi,DrisStrawEightyEight patent,webResearchSources,https://patents.google.com/patent/USPP34241P2/en,True,200,https://patents.google.com/patent/USPP34241P2/en,,USPP34241P2 - Strawberry plant named ‘DrisStrawEightyEight’ - Google Patents,http,2026-09-07T16:54:14.800104+00:00
Haniuda Tadayuki,Primary contact,primaryContactUrl,https://www.naro.go.jp/english/research-programs/industry-academia-government/license/index.html,True,200,https://www.naro.go.jp/english/research-programs/industry-academia-government/license/index.html,,English:Licensing procedure for propagation for private cultivation of registered variety bred by NARO (For farmers) | 農研機構,http,2026-09-07T16:53:51.608684+00:00
Haniuda Tadayuki,Sansa patent and Fruit Tree Research Station assignment,webResearchSources,https://patents.google.com/patent/USPP6519P/en,True,200,https://patents.google.com/patent/USPP6519P/en,,USPP6519P - Apple tree `Sansa` - Google Patents,http,2026-09-07T16:54:09.630424+00:00
Haniuda Tadayuki,NARO Santaro repository record,webResearchSources,https://repository.naro.go.jp/records/2140,True,200,https://repository.naro.go.jp/records/2140,,農研機構機関リポジトリ,http,2026-09-07T16:54:16.804329+00:00
Boches Peter Stefan,Primary contact,primaryContactUrl,https://www.fallcreeknursery.com/nurseries/nursery-industry-inquiries,True,200,https://www.fallcreeknursery.com/nurseries/nursery-industry-inquiries,,Nursery Industry Inquiries | Fall Creek Farm & Nursery,http,2026-09-07T16:54:16.014576+00:00
Boches Peter Stefan,Fall Creek breeder appointment,webResearchSources,https://www.fallcreeknursery.com/blog/peter_boches_just_named_as_breeder_at_fall_creek,True,200,https://www.fallcreeknursery.com/blog/peter_boches_just_named_as_breeder_at_fall_creek,,Fall Creek®,http,2026-09-07T16:54:15.455299+00:00
Boches Peter Stefan,CFIA FC14-062 PBR report,webResearchSources,https://active.inspection.gc.ca/english/plaveg/pbrpov/cropreport/bl/bl126e.pdf,True,200,https://active.inspection.gc.ca/english/plaveg/pbrpov/cropreport/bl/bl126e.pdf,,,http,2026-09-07T16:54:16.111336+00:00
Boches Peter Stefan,Boches patent portfolio and applicants,webResearchSources,https://patents.justia.com/inventor/peter-stefan-boches,True,403,https://patents.justia.com/inventor/peter-stefan-boches,Automated access was blocked or temporarily unavailable; source requires manual browser review.,,manual_browser_required,2026-09-07T16:54:14.864538+00:00
Okada Makoto,MAFF Kogane Meigetsu registration 29466,webResearchSources,https://www.hinshu2.maff.go.jp/vips/cmm/apCMM112.aspx?LANGUAGE=Japanese&TOUROKU_NO=29466,True,200,https://www.hinshu2.maff.go.jp/vips/cmm/apCMM112.aspx?LANGUAGE=Japanese&TOUROKU_NO=29466,,品種登録迅速化総合電子化システム,http,2026-09-07T16:54:15.378684+00:00
Okada Makoto,MAFF Beni Rich registration 26327,webResearchSources,https://www.hinshu2.maff.go.jp/vips/cmm/apCMM112.aspx?LANGUAGE=Japanese&TOUROKU_NO=26327,True,200,https://www.hinshu2.maff.go.jp/vips/cmm/apCMM112.aspx?LANGUAGE=Japanese&TOUROKU_NO=26327,,品種登録迅速化総合電子化システム,http,2026-09-07T16:54:15.417630+00:00
Gaec des Pepinieres Gromolard,Primary contact,primaryContactUrl,https://www.pepinieres-gromolard.com/qui-sommes-nous,True,200,https://www.pepinieres-gromolard.com/qui-sommes-nous,,Qui sommes-nous ?,http,2026-09-07T16:54:15.597880+00:00
Gaec des Pepinieres Gromolard,Official 2025-2026 fruit catalog,webResearchSources,https://www.pepinieres-gromolard.com/uploads/tarif_25_26.pdf,True,200,https://www.pepinieres-gromolard.com/uploads/tarif_25_26.pdf,,,http,2026-09-07T16:54:16.789263+00:00
Gaec des Pepinieres Gromolard,French company record,webResearchSources,https://entreprises.lefigaro.fr/gaec-des-pepinieres-gromolard-69/entreprise-347807331,True,200,https://entreprises.lefigaro.fr/gaec-des-pepinieres-gromolard-69/entreprise-347807331,,"GAEC Des Pepinieres Gromolard (69510) : siret, siren, TVA, adresse...",http,2026-09-07T16:54:16.220207+00:00
Yaegaki Hideaki,Primary contact,primaryContactUrl,https://www.naro.go.jp/english/research-programs/industry-academia-government/license/index.html,True,200,https://www.naro.go.jp/english/research-programs/industry-academia-government/license/index.html,,English:Licensing procedure for propagation for private cultivation of registered variety bred by NARO (For farmers) | 農研機構,http,2026-09-07T16:53:51.608684+00:00
Yaegaki Hideaki,NARO Sakuhime breeder recognition,webResearchSources,https://www.naro.go.jp/english/topics/laboratory/fruit/076097.html,True,200,https://www.naro.go.jp/english/topics/laboratory/fruit/076097.html,,Early maturing peach cultivar 'Sakuhime' suitable for cultivation in warm regions,http,2026-09-07T16:54:16.082977+00:00
Yaegaki Hideaki,2024 NARO stone-fruit research,webResearchSources,https://www.jstage.jst.go.jp/browse/naroj/2024/17/_contents/-char/en,True,200,https://www.jstage.jst.go.jp/browse/naroj/2024/17/_contents/-char/en,,Journal of the NARO Research and Development,http,2026-09-07T16:54:16.321943+00:00
Aurelio Hernández Bautista,Primary contact,primaryContactUrl,https://splendorproduce.com/actualmente/,True,200,https://splendorproduce.com/actualmente/,,Actualmente - Splendor Produce,http,2026-09-07T16:54:16.035581+00:00
Aurelio Hernández Bautista,ONSSA Morocco PBR bulletin 42,webResearchSources,https://www.onssa.gov.ma/wp-content/uploads/2024/11/bulletin-protection-n42-septembre-2024-onssa-dcsp-1.pdf,False,,https://www.onssa.gov.ma/wp-content/uploads/2024/11/bulletin-protection-n42-septembre-2024-onssa-dcsp-1.pdf,URLError: <urlopen error [Errno 111] Connection refused>,,http,2026-09-07T16:54:16.788620+00:00
Aurelio Hernández Bautista,Mexican government variety-registration data,webResearchSources,https://www.gob.mx/cms/uploads/attachment/file/768107/Base_de_datos_de_Registro_de_Variedades_3er_trimestre.pdf,True,200,https://www.gob.mx/cms/uploads/attachment/file/768107/Base_de_datos_de_Registro_de_Variedades_3er_trimestre.pdf,,,http,2026-09-07T16:54:16.391605+00:00
Lluvia V. Gutierrez,Primary contact,primaryContactUrl,https://www.driscolls.com/about/Contact-Us,True,200,https://www.driscolls.com/about/Contact-Us,,Contact Us,http,2026-09-07T16:53:50.653536+00:00
Lluvia V. Gutierrez,Gutierrez raspberry patent portfolio,webResearchSources,https://patents.justia.com/inventor/lluvia-v-gutierrez,True,403,https://patents.justia.com/inventor/lluvia-v-gutierrez,Automated access was blocked or temporarily unavailable; source requires manual browser review.,,manual_browser_required,2026-09-07T16:54:16.155722+00:00
Lluvia V. Gutierrez,Driscoll headquarters,webResearchSources,https://www.driscolls.com/about/careers/why-work-here,True,200,https://www.driscolls.com/about/careers/why-work-here,,Why Work Here,http,2026-09-07T16:54:16.574680+00:00
Miguel H. Ahumada,Primary contact,primaryContactUrl,https://www.driscolls.com/about/Contact-Us,True,200,https://www.driscolls.com/about/Contact-Us,,Contact Us,http,2026-09-07T16:53:50.653536+00:00
Miguel H. Ahumada,DrisRaspOne patent,webResearchSources,https://uspto.report/patent/grant/PP19656,True,403,https://uspto.report/patent/grant/PP19656,Automated access was blocked or temporarily unavailable; source requires manual browser review.,,manual_browser_required,2026-09-07T16:54:16.393094+00:00
Miguel H. Ahumada,DrisRaspSix patent,webResearchSources,https://patents.justia.com/patent/PP25044,True,403,https://patents.justia.com/patent/PP25044,Automated access was blocked or temporarily unavailable; source requires manual browser review.,,manual_browser_required,2026-09-07T16:54:16.228447+00:00
Marvin L. Nies,Primary contact,primaryContactUrl,https://medacherry.com/en/home-en/,True,200,https://medacherry.com/en/home-en/,,Home – en - Meda Cherry,http,2026-09-07T16:53:25.235263+00:00
Marvin L. Nies,Giant Red patent and individual assignment,webResearchSources,https://patents.google.com/patent/USPP9659P/en,True,200,https://patents.google.com/patent/USPP9659P/en,,USPP9659P - Cherry tree `Giant Red` - Google Patents,http,2026-09-07T16:54:16.460423+00:00
Marvin L. Nies,Swiss 2025 PBR notice for IVU selections,webResearchSources,https://www.blw.admin.ch/dam/de/sd-web/cj5wi2vaY7K7/290%20Juli%2025.pdf,True,200,https://www.blw.admin.ch/dam/de/sd-web/cj5wi2vaY7K7/290%20Juli%2025.pdf,,,http,2026-09-07T16:54:17.735537+00:00
Marvin L. Nies,Meda and IVU succession history,webResearchSources,https://medacherry.com/en/our-history/,True,200,https://medacherry.com/en/our-history/,,Our History - Meda Cherry,http,2026-09-07T16:54:16.884293+00:00
Hirabayashi Toshio,Primary contact,primaryContactUrl,https://www.naro.go.jp/english/research-programs/industry-academia-government/contact/index.html,True,200,https://www.naro.go.jp/english/research-programs/industry-academia-government/contact/index.html,,English:Contact,http,2026-09-07T16:53:56.960975+00:00
Hirabayashi Toshio,NARO repository: Sunny Rouge (Toshiro romanization),webResearchSources,https://repository.naro.go.jp/records/1697,True,200,https://repository.naro.go.jp/records/1697,,農研機構機関リポジトリ,http,2026-09-07T16:54:18.643957+00:00
Hirabayashi Toshio,NARO fruit bulletin (Toshio romanization),webResearchSources,https://www.naro.go.jp/publicity_report/publication/files/naro-se/fruit9_02.pdf,True,200,https://www.naro.go.jp/publicity_report/publication/files/naro-se/fruit9_02.pdf,,,http,2026-09-07T16:54:18.090046+00:00
Hirabayashi Toshio,NARO cultivar page: Narumi,webResearchSources,https://www.naro.go.jp/collab/breed/0400/0415/060813.html,True,200,https://www.naro.go.jp/collab/breed/0400/0415/060813.html,,なるみ | 農研機構,http,2026-09-07T16:53:41.894880+00:00
Sone Kazuyoshi,Primary contact,primaryContactUrl,https://www.naro.go.jp/english/research-programs/industry-academia-government/contact/index.html,True,200,https://www.naro.go.jp/english/research-programs/industry-academia-government/contact/index.html,,English:Contact,http,2026-09-07T16:53:56.960975+00:00
Sone Kazuyoshi,MAFF variety registration: Yotsuboshi,webResearchSources,https://www.hinshu2.maff.go.jp/vips/cmm/apCMM112.aspx?LANGUAGE=English&TOUROKU_NO=25605,True,200,https://www.hinshu2.maff.go.jp/vips/cmm/apCMM112.aspx?LANGUAGE=English&TOUROKU_NO=25605,,品種登録迅速化総合電子化システム,http,2026-09-07T16:54:16.961106+00:00
Sone Kazuyoshi,NARO Research Prize: Koiminori,webResearchSources,https://www.naro.go.jp/english/research-programs/researchprize/2019/index.html,True,200,https://www.naro.go.jp/english/research-programs/researchprize/2019/index.html,,English:NARO Research Prize 2019,http,2026-09-07T16:54:17.118942+00:00
Yoshida Toshio,Primary contact,primaryContactUrl,https://www.naro.go.jp/english/research-programs/industry-academia-government/contact/index.html,True,200,https://www.naro.go.jp/english/research-programs/industry-academia-government/contact/index.html,,English:Contact,http,2026-09-07T16:53:56.960975+00:00
Yoshida Toshio,MAFF variety registration: Asumi,webResearchSources,https://www.hinshu2.maff.go.jp/vips/cmm/apCMM112.aspx?LANGUAGE=English&TOUROKU_NO=23723,True,200,https://www.hinshu2.maff.go.jp/vips/cmm/apCMM112.aspx?LANGUAGE=English&TOUROKU_NO=23723,,品種登録迅速化総合電子化システム,http,2026-09-07T16:54:17.275524+00:00
Yoshida Toshio,MAFF variety registration: Harehime,webResearchSources,https://www.hinshu2.maff.go.jp/vips/cmm/apCMM112.aspx?LANGUAGE=English&TOUROKU_NO=12069,True,200,https://www.hinshu2.maff.go.jp/vips/cmm/apCMM112.aspx?LANGUAGE=English&TOUROKU_NO=12069,,品種登録迅速化総合電子化システム,http,2026-09-07T16:54:11.419336+00:00
Yoshida Toshio,NARO bulletin: Minimyrtle No. 1 and former affiliation,webResearchSources,https://www.naro.go.jp/publicity_report/publication/archive/files/fruit12_1.pdf,True,200,https://www.naro.go.jp/publicity_report/publication/archive/files/fruit12_1.pdf,,,http,2026-09-07T16:54:17.773142+00:00
Esther J. Pullen,Primary contact,primaryContactUrl,https://www.driscolls.com/about/Contact-Us,True,200,https://www.driscolls.com/about/Contact-Us,,Contact Us,http,2026-09-07T16:53:50.653536+00:00
Esther J. Pullen,CFIA PBR record: DrisStrawTwentyFour / Driscoll's Pilgrim,webResearchSources,https://active.inspection.gc.ca/english/plaveg/pbrpov/cropreport/str/app00008916e.shtml,True,200,https://active.inspection.gc.ca/english/plaveg/pbrpov/cropreport/str/app00008916e.shtml,,Canadian Food Inspection Agency - DrisStrawTwentyFour,http,2026-09-07T16:54:17.057013+00:00
Esther J. Pullen,US plant patent record: DrisStrawTwentyFour,webResearchSources,https://patents.google.com/patent/USPP23378P2/en,True,200,https://patents.google.com/patent/USPP23378P2/en,,USPP23378P2 - Strawberry plant named ‘DrisStrawTwentyFour’ - Google Patents,http,2026-09-07T16:54:17.109013+00:00
Klymenko Svitlana Valentynivna,Primary contact,primaryContactUrl,https://nbg.kyiv.ua/ua/contacts.html,True,200,https://nbg.kyiv.ua/ua/contacts.html,,Контакти,http,2026-09-07T16:54:18.487218+00:00
Klymenko Svitlana Valentynivna,NAS Ukraine department and staff,webResearchSources,https://www.old.nas.gov.ua/UA/Department/Pages/default.aspx?DepartmentID=0001507,True,200,https://www.old.nas.gov.ua/UA/Department/Pages/default.aspx?DepartmentID=0001507,,Сайт підрозділу,http,2026-09-07T16:54:18.293808+00:00
Klymenko Svitlana Valentynivna,Ukraine 2022 variety-certificate bulletin,webResearchSources,https://sops.gov.ua/uploads/page/buleten/2022/2022.5.pdf,True,200,https://sops.gov.ua/uploads/page/buleten/2022/2022.5.pdf,,,http,2026-09-07T16:54:20.096553+00:00
Klymenko Svitlana Valentynivna,State-register mirror: Darunok Valerii holder,webResearchSources,https://agrarii-razom.com.ua/culture-variety/darunok-valerii,True,403,https://agrarii-razom.com.ua/culture-variety/darunok-valerii,Automated access was blocked or temporarily unavailable; source requires manual browser review.,,manual_browser_required,2026-09-07T16:54:17.429375+00:00
Tereshcenko Tamara Petrivna,Primary contact,primaryContactUrl,https://nbg.kyiv.ua/ua/contacts.html,True,200,https://nbg.kyiv.ua/ua/contacts.html,,Контакти,http,2026-09-07T16:54:18.487218+00:00
Tereshcenko Tamara Petrivna,Ukraine 2022 bulletin using Tereshchenko spelling,webResearchSources,https://sops.gov.ua/uploads/page/buleten/2022/2022.5.pdf,True,200,https://sops.gov.ua/uploads/page/buleten/2022/2022.5.pdf,,,http,2026-09-07T16:54:20.096553+00:00
Tereshcenko Tamara Petrivna,State-register mirror: Darunok Valerii holder,webResearchSources,https://agrarii-razom.com.ua/culture-variety/darunok-valerii,True,403,https://agrarii-razom.com.ua/culture-variety/darunok-valerii,Automated access was blocked or temporarily unavailable; source requires manual browser review.,,manual_browser_required,2026-09-07T16:54:17.429375+00:00
Tereshcenko Tamara Petrivna,Current NAS Ukraine department and staff,webResearchSources,https://www.old.nas.gov.ua/UA/Department/Pages/default.aspx?DepartmentID=0001507,True,200,https://www.old.nas.gov.ua/UA/Department/Pages/default.aspx?DepartmentID=0001507,,Сайт підрозділу,http,2026-09-07T16:54:18.293808+00:00
Kuznetsov Volodymyr Viktorovych,Primary contact,primaryContactUrl,https://nbg.kyiv.ua/ua/contacts.html,True,200,https://nbg.kyiv.ua/ua/contacts.html,,Контакти,http,2026-09-07T16:54:18.487218+00:00
Kuznetsov Volodymyr Viktorovych,NAS Ukraine department and staff,webResearchSources,https://www.old.nas.gov.ua/UA/Department/Pages/default.aspx?DepartmentID=0001507,True,200,https://www.old.nas.gov.ua/UA/Department/Pages/default.aspx?DepartmentID=0001507,,Сайт підрозділу,http,2026-09-07T16:54:18.293808+00:00
Kuznetsov Volodymyr Viktorovych,Ukraine 2022 variety-certificate bulletin,webResearchSources,https://sops.gov.ua/uploads/page/buleten/2022/2022.5.pdf,True,200,https://sops.gov.ua/uploads/page/buleten/2022/2022.5.pdf,,,http,2026-09-07T16:54:20.096553+00:00
Kuznetsov Volodymyr Viktorovych,State-register mirror: Darunok Valerii holder,webResearchSources,https://agrarii-razom.com.ua/culture-variety/darunok-valerii,True,403,https://agrarii-razom.com.ua/culture-variety/darunok-valerii,Automated access was blocked or temporarily unavailable; source requires manual browser review.,,manual_browser_required,2026-09-07T16:54:17.429375+00:00
Honcharovska Inna Valeriivna,Primary contact,primaryContactUrl,https://nbg.kyiv.ua/ua/contacts.html,True,200,https://nbg.kyiv.ua/ua/contacts.html,,Контакти,http,2026-09-07T16:54:18.487218+00:00
Honcharovska Inna Valeriivna,NAS Ukraine role history,webResearchSources,https://old.nas.gov.ua/UA/PersonalSite/Statuses/Pages/default.aspx?PersonID=0000023179,True,200,https://old.nas.gov.ua/UA/PersonalSite/Statuses/Pages/default.aspx?PersonID=0000023179,,Статуси,http,2026-09-07T16:54:18.361992+00:00
Honcharovska Inna Valeriivna,Ukraine 2022 variety-certificate bulletin,webResearchSources,https://sops.gov.ua/uploads/page/buleten/2022/2022.5.pdf,True,200,https://sops.gov.ua/uploads/page/buleten/2022/2022.5.pdf,,,http,2026-09-07T16:54:20.096553+00:00
Honcharovska Inna Valeriivna,State-register mirror: Darunok Valerii holder,webResearchSources,https://agrarii-razom.com.ua/culture-variety/darunok-valerii,True,403,https://agrarii-razom.com.ua/culture-variety/darunok-valerii,Automated access was blocked or temporarily unavailable; source requires manual browser review.,,manual_browser_required,2026-09-07T16:54:17.429375+00:00
Daniele Bassi,Primary contact,primaryContactUrl,https://www.unimi.it/it/ugov/person/daniele-bassi,True,200,https://www.unimi.it/it/ugov/person/daniele-bassi,,Bassi Daniele | Università degli Studi di Milano Statale,http,2026-09-07T16:54:19.012791+00:00
Daniele Bassi,Ri.Nova cultivar sheet: Nirosa 1,webResearchSources,https://rinova.eu/media/lbckggir/albicocca-nirosa-1.pdf,True,200,https://rinova.eu/media/lbckggir/albicocca-nirosa-1.pdf,,,http,2026-09-07T16:54:18.752843+00:00
Daniele Bassi,Ri.Nova MAS.PES program and commercialization structure,webResearchSources,https://rinova.eu/media/xu4plo15/sette-variet%C3%A0-di-albicocco-studiate-per-il-mercato-italiano.pdf,True,200,https://rinova.eu/media/xu4plo15/sette-variet%C3%A0-di-albicocco-studiate-per-il-mercato-italiano.pdf,,,http,2026-09-07T16:54:19.081865+00:00
Kotobuki Kazuo,Primary contact,primaryContactUrl,https://www.naro.go.jp/english/research-programs/industry-academia-government/contact/index.html,True,200,https://www.naro.go.jp/english/research-programs/industry-academia-government/contact/index.html,,English:Contact,http,2026-09-07T16:53:56.960975+00:00
Kotobuki Kazuo,NARO repository: Akizuki,webResearchSources,https://repository.naro.go.jp/records/1667,True,200,https://repository.naro.go.jp/records/1667,,農研機構機関リポジトリ,http,2026-09-07T16:54:20.236558+00:00
Kotobuki Kazuo,NARO repository: Shuurei,webResearchSources,https://repository.naro.go.jp/records/1815,True,200,https://repository.naro.go.jp/records/1815,,農研機構機関リポジトリ,http,2026-09-07T16:54:20.982798+00:00
Kotobuki Kazuo,NARO fruit bulletin showing former affiliation,webResearchSources,https://www.naro.go.jp/publicity_report/publication/files/naro-se/fruit9_02.pdf,True,200,https://www.naro.go.jp/publicity_report/publication/files/naro-se/fruit9_02.pdf,,,http,2026-09-07T16:54:18.090046+00:00
Soejima Junichi,Primary contact,primaryContactUrl,https://www.naro.go.jp/english/research-programs/industry-academia-government/contact/index.html,True,200,https://www.naro.go.jp/english/research-programs/industry-academia-government/contact/index.html,,English:Contact,http,2026-09-07T16:53:56.960975+00:00
Soejima Junichi,NARO bulletin: JM2/JM5 and later affiliation,webResearchSources,https://www.naro.go.jp/publicity_report/publication/archive/files/fruit16_Apple_Cultivar_JM2_JM5.pdf,True,200,https://www.naro.go.jp/publicity_report/publication/archive/files/fruit16_Apple_Cultivar_JM2_JM5.pdf,,,http,2026-09-07T16:54:19.596257+00:00
Soejima Junichi,NARO repository: Santaro,webResearchSources,https://repository.naro.go.jp/records/2140,True,200,https://repository.naro.go.jp/records/2140,,農研機構機関リポジトリ,http,2026-09-07T16:54:16.804329+00:00
Soejima Junichi,NARO repository: Ruby Sweet,webResearchSources,https://repository.naro.go.jp/records/291,True,200,https://repository.naro.go.jp/records/291,,農研機構機関リポジトリ,http,2026-09-07T16:54:21.100851+00:00
Olivier Grard,Primary contact,primaryContactUrl,https://gradilis.com/mentions-legales/,True,200,https://gradilis.com/mentions-legales/,,Mentions légales | Gradilis,http,2026-09-07T16:54:21.366548+00:00
Olivier Grard,Gradisca patent and assignment chain,webResearchSources,https://patents.google.com/patent/USPP30008P3/en,True,200,https://patents.google.com/patent/USPP30008P3/en,,USPP30008P3 - Apple tree named ‘Gradisca’ - Google Patents,http,2026-09-07T16:54:18.709774+00:00
Olivier Grard,CFIA PBR record: Gradisca current holder,webResearchSources,https://active.inspection.gc.ca/english/plaveg/pbrpov/cropreport/app/app00012957e.shtml,True,200,https://active.inspection.gc.ca/english/plaveg/pbrpov/cropreport/app/app00012957e.shtml,,Canadian Food Inspection Agency - Gradisca,http,2026-09-07T16:54:18.962848+00:00
Tsuchiya Shichiro,Primary contact,primaryContactUrl,https://www.naro.go.jp/english/research-programs/industry-academia-government/contact/index.html,True,200,https://www.naro.go.jp/english/research-programs/industry-academia-government/contact/index.html,,English:Contact,http,2026-09-07T16:53:56.960975+00:00
Tsuchiya Shichiro,NARO bulletin: JM2/JM5 and retired status,webResearchSources,https://www.naro.go.jp/publicity_report/publication/archive/files/fruit16_Apple_Cultivar_JM2_JM5.pdf,True,200,https://www.naro.go.jp/publicity_report/publication/archive/files/fruit16_Apple_Cultivar_JM2_JM5.pdf,,,http,2026-09-07T16:54:19.596257+00:00
Tsuchiya Shichiro,NARO repository: Kotaro,webResearchSources,https://repository.naro.go.jp/records/2120,True,200,https://repository.naro.go.jp/records/2120,,農研機構機関リポジトリ,http,2026-09-07T16:54:21.019282+00:00
Tsuchiya Shichiro,NARO bulletin: Kotaro,webResearchSources,https://www.naro.go.jp/publicity_report/publication/archive/files/fruit14_Apple_Kotaro_1.pdf,True,200,https://www.naro.go.jp/publicity_report/publication/archive/files/fruit14_Apple_Kotaro_1.pdf,,,http,2026-09-07T16:54:20.368696+00:00
Antonio Carrillo Navarro,Primary contact,primaryContactUrl,https://www.imida.es/contacto,True,200,https://validate.perfdrive.com/?ssa=79f4ee70-f5ae-4cbf-819c-dd53bc5d6b78&ssb=10633214053&ssc=https%3A%2F%2Fwww.imida.es%2Fcontacto&ssi=bd9d0a4a-dhsu-4b75-a2e8-8fde029def7f&ssk=botmanager_support@radware.com&ssm=63982371748298223101501762844914&ssn=79e315b068102e6ec887972343aaf76beafe9789ff15-576d-4ca5-b0d2bf&sso=ef883a1f-99fb56abc2fbdef39a60574dc07a9745286133ad85978d7f&ssp=79240714661788859184178889990298818&ssq=03433700005905274963000059201419873185921&ssr=NTcuMTUxLjEyOS4zOQ==&sst=Mozilla/5.0%20(Windows%20NT%2010.0;%20Win64;%20x64)&ssu=&ssv=&ssw=&ssx=eyJfX3V6bWYiOiI3ZjkwMDA5Nzg5ZmYxNS01NzZkLTRjYTUtYmExZi05OWZiNTZhYmMyZmIxLTE3ODg4MDAwNTkyMDEwLTAwMzg0N2ZiMjczMjZmMTM1NzkxMCIsInV6bXgiOiI3ZmMwMDA5MTY5MzE4OS0yMDliLTQ1MDMtYTdkYS1hMTA1NjE3OWU2NjExLTE3ODg4MDAwNTkyMDEwLTAwNDdkMWY3MTBmNDk1YjkwY2IxMCIsInJkIjoiaW1pZGEuZXMifQ==,,Radware Captcha Page,http,2026-09-07T16:54:19.514455+00:00
Antonio Carrillo Navarro,IMIDA active fruit-breeding project,webResearchSources,https://www.imida.es/-/mg-frutales,True,200,https://validate.perfdrive.com/?ssa=1d83d673-ff83-4fc4-92a4-de98191e706b&ssb=10633214053&ssc=https%3A%2F%2Fwww.imida.es%2F-%2Fmg-frutales&ssi=6a65cf92-dhsu-4db7-8657-f1a77ad4b93a&ssk=botmanager_support@radware.com&ssm=63982371748298223101501762844914&ssn=79e315b06824feae6f1276234e2df76beafee517ecaa-6720-4eba-90d2bf&sso=ef883bb8-8f04ba6e8b93def39a60a67c74c25186826c52d885978d7f&ssp=79240714661788859184178889990298818&ssq=03433700005905274963000059201419873185921&ssr=NTcuMTUxLjEyOS4zOQ==&sst=Mozilla/5.0%20(Windows%20NT%2010.0;%20Win64;%20x64)&ssu=&ssv=&ssw=&ssx=eyJfX3V6bWYiOiI3ZjkwMDBlNTE3ZWNhYS02NzIwLTRlYmEtOWJiOC04ZjA0YmE2ZThiOTMxLTE3ODg4MDAwNTkyODcwLTAwMzM1MzBmOTkxYTdiM2YyODMxMCIsInV6bXgiOiI3ZmMwMDBmYjM3NWExNS1hYjQxLTRjYmYtYjhlYi03YmU3MjQ5OWZlYjQxLTE3ODg4MDAwNTkyODcwLTAwNGU2M2FlNzM0NjZmZThhYmYxMCIsInJkIjoiaW1pZGEuZXMifQ==,,Radware Captcha Page,http,2026-09-07T16:54:19.586093+00:00
Antonio Carrillo Navarro,IMIDA 2025 researcher presentation,webResearchSources,https://www.imida.es/-/diversificacion-de-cultivos-y-actividades-de-demostracion-en-proyectos-de-transferencia-del-conociminento-dentro-de-los-objetivos-pepac,True,200,https://validate.perfdrive.com/?ssa=c19173a5-06db-4516-a20b-ea5ec3164e4f&ssb=10633214053&ssc=https%3A%2F%2Fwww.imida.es%2F-%2Fdiversificacion-de-cultivos-y-actividades-de-demostracion-en-proyectos-de-transferencia-del-conociminento-dentro-de-los-objetivos-pepac&ssi=a6db5b53-dhsu-4c9d-8205-22096d111412&ssk=botmanager_support@radware.com&ssm=63982371748298223101501762844914&ssn=79e315b07107d3836de5ab479d99f76beafe7092d66d-fc2d-4609-a0d2bf&sso=ef883fef-417efe2df4c4def39a607497e5ad2fc883e0cde785978d7f&ssp=79240714661788859184178889990298818&ssq=03433700005905274963000059201419873185921&ssr=NTcuMTUxLjEyOS4zOQ==&sst=Mozilla/5.0%20(Windows%20NT%2010.0;%20Win64;%20x64)&ssu=&ssv=&ssw=&ssx=eyJfX3V6bWYiOiI3ZjkwMDA3MDkyZDY2ZC1mYzJkLTQ2MDktYWZlZi00MTdlZmUyZGY0YzQxLTE3ODg4MDAwNTkzMzcwLTAwMzUxMDMxZjU3MjUwYzc0MGIxMCIsInJkIjoiaW1pZGEuZXMiLCJ1em14IjoiN2ZjMDAwYTk4OGNhZWYtYjE0YS00NWMzLWFiZGItZDE2ZDY5MTRiMzNmMS0xNzg4ODAwMDU5MzM3MC0wMDQ0NzBlNGEwODljMGNjNjI2MTAifQ==,,Radware Captcha Page,http,2026-09-07T16:54:19.683441+00:00
Antonio Carrillo Navarro,"Spanish title grant for Alisio25, Bora20, and Levante45",webResearchSources,https://www.boe.es/diario_boe/txt.php?id=BOE-A-2021-11659,True,200,https://www.boe.es/diario_boe/txt.php?id=BOE-A-2021-11659,,"BOE-A-2021-11659 Orden APA/736/2021, de 30 de junio, por la que se dispone la concesión de títulos de obtención vegetal en el Registro de Variedades Protegidas.",http,2026-09-07T16:54:19.910319+00:00
Alfonso Guevara Gazquez,Primary contact,primaryContactUrl,https://www.imida.es/contacto,True,200,https://validate.perfdrive.com/?ssa=79f4ee70-f5ae-4cbf-819c-dd53bc5d6b78&ssb=10633214053&ssc=https%3A%2F%2Fwww.imida.es%2Fcontacto&ssi=bd9d0a4a-dhsu-4b75-a2e8-8fde029def7f&ssk=botmanager_support@radware.com&ssm=63982371748298223101501762844914&ssn=79e315b068102e6ec887972343aaf76beafe9789ff15-576d-4ca5-b0d2bf&sso=ef883a1f-99fb56abc2fbdef39a60574dc07a9745286133ad85978d7f&ssp=79240714661788859184178889990298818&ssq=03433700005905274963000059201419873185921&ssr=NTcuMTUxLjEyOS4zOQ==&sst=Mozilla/5.0%20(Windows%20NT%2010.0;%20Win64;%20x64)&ssu=&ssv=&ssw=&ssx=eyJfX3V6bWYiOiI3ZjkwMDA5Nzg5ZmYxNS01NzZkLTRjYTUtYmExZi05OWZiNTZhYmMyZmIxLTE3ODg4MDAwNTkyMDEwLTAwMzg0N2ZiMjczMjZmMTM1NzkxMCIsInV6bXgiOiI3ZmMwMDA5MTY5MzE4OS0yMDliLTQ1MDMtYTdkYS1hMTA1NjE3OWU2NjExLTE3ODg4MDAwNTkyMDEwLTAwNDdkMWY3MTBmNDk1YjkwY2IxMCIsInJkIjoiaW1pZGEuZXMifQ==,,Radware Captcha Page,http,2026-09-07T16:54:19.514455+00:00
Alfonso Guevara Gazquez,IMIDA active fruit-breeding project,webResearchSources,https://www.imida.es/-/mg-frutales,True,200,https://validate.perfdrive.com/?ssa=1d83d673-ff83-4fc4-92a4-de98191e706b&ssb=10633214053&ssc=https%3A%2F%2Fwww.imida.es%2F-%2Fmg-frutales&ssi=6a65cf92-dhsu-4db7-8657-f1a77ad4b93a&ssk=botmanager_support@radware.com&ssm=63982371748298223101501762844914&ssn=79e315b06824feae6f1276234e2df76beafee517ecaa-6720-4eba-90d2bf&sso=ef883bb8-8f04ba6e8b93def39a60a67c74c25186826c52d885978d7f&ssp=79240714661788859184178889990298818&ssq=03433700005905274963000059201419873185921&ssr=NTcuMTUxLjEyOS4zOQ==&sst=Mozilla/5.0%20(Windows%20NT%2010.0;%20Win64;%20x64)&ssu=&ssv=&ssw=&ssx=eyJfX3V6bWYiOiI3ZjkwMDBlNTE3ZWNhYS02NzIwLTRlYmEtOWJiOC04ZjA0YmE2ZThiOTMxLTE3ODg4MDAwNTkyODcwLTAwMzM1MzBmOTkxYTdiM2YyODMxMCIsInV6bXgiOiI3ZmMwMDBmYjM3NWExNS1hYjQxLTRjYmYtYjhlYi03YmU3MjQ5OWZlYjQxLTE3ODg4MDAwNTkyODcwLTAwNGU2M2FlNzM0NjZmZThhYmYxMCIsInJkIjoiaW1pZGEuZXMifQ==,,Radware Captcha Page,http,2026-09-07T16:54:19.586093+00:00
Alfonso Guevara Gazquez,IMIDA Myrtea commercialization project,webResearchSources,https://www.imida.es/proyectos-imida/-/asset_publisher/Baf6t6ar33Wn/content/21667-pdc-21?inheritRedirect=false,True,200,https://validate.perfdrive.com/?ssa=516661f1-2d6a-4365-afa5-d91c99a33861&ssb=10633214053&ssc=https%3A%2F%2Fwww.imida.es%2Fproyectos-imida%2F-%2Fasset_publisher%2FBaf6t6ar33Wn%2Fcontent%2F21667-pdc-21%3FinheritRedirect%3Dfalse&ssi=5645ee42-dhsu-47aa-9331-665b1f75eff7&ssk=botmanager_support@radware.com&ssm=63982371748298223101501762844914&ssn=79e315b0cfc2669ed5588c18c729f76beafe254a0199-86d1-4dd5-a0d2bf&sso=ef883fa1-8ba9cb903348def39a60a7bed6c6b02b42ae169185978d7f&ssp=79240714661788859184178889990298818&ssq=03433700005905274963000059201419873185921&ssr=NTcuMTUxLjEyOS4zOQ==&sst=Mozilla/5.0%20(Windows%20NT%2010.0;%20Win64;%20x64)&ssu=&ssv=&ssw=&ssx=eyJfX3V6bWYiOiI3ZjkwMDAyNTRhMDE5OS04NmQxLTRkZDUtYWZhMS04YmE5Y2I5MDMzNDgxLTE3ODg4MDAwNTk4NDAwLTAwMzAwMDFhZjQ0NDhkMjA1NmYxMCIsInV6bXgiOiI3ZmMwMDBmODY1MmE4Ni1iZDlkLTRhMTQtYjhjZi05YzNiZTBjYzEyMjYxLTE3ODg4MDAwNTk4NDAwLTAwNGEwMTQ5NmFhNWNhZGExODQxMCIsInJkIjoiaW1pZGEuZXMifQ==,,Radware Captcha Page,http,2026-09-07T16:54:20.161091+00:00
Alfonso Guevara Gazquez,"Spanish title grant for Alisio25, Bora20, and Levante45",webResearchSources,https://www.boe.es/diario_boe/txt.php?id=BOE-A-2021-11659,True,200,https://www.boe.es/diario_boe/txt.php?id=BOE-A-2021-11659,,"BOE-A-2021-11659 Orden APA/736/2021, de 30 de junio, por la que se dispone la concesión de títulos de obtención vegetal en el Registro de Variedades Protegidas.",http,2026-09-07T16:54:19.910319+00:00
Kashimura Yoshiki,Primary contact,primaryContactUrl,https://www.naro.go.jp/laboratory/brain/english/introduction/access/,True,200,https://www.naro.go.jp/laboratory/brain/english/introduction/access/,,Access | BRAIN,http,2026-09-07T16:54:20.083148+00:00
Kashimura Yoshiki,Research source,webResearchSources,https://researchmap.jp/y-ka,True,200,https://researchmap.jp/y-ka,,樫村 芳記 (Yoshiki Kashimura) - マイポータル - researchmap,http,2026-09-07T16:54:20.697901+00:00
Kashimura Yoshiki,Research source,webResearchSources,https://repository.naro.go.jp/records/3364,True,200,https://repository.naro.go.jp/records/3364,,農研機構機関リポジトリ,http,2026-09-07T16:54:22.287770+00:00
Craig E. Kallsen,Primary contact,primaryContactUrl,https://ucanr.edu/people/craig-e-kallsen,True,200,https://ucanr.edu/people/craig-e-kallsen,,Craig E Kallsen | UC Agriculture and Natural Resources,http,2026-09-07T16:54:20.647279+00:00
Craig E. Kallsen,Research source,webResearchSources,https://ucanr.edu/blog/food-blog/article/gift-extends-uc-davis-pistachio-research-new-scions-rootstocks,True,200,https://ucanr.edu/blog/food-blog/article/gift-extends-uc-davis-pistachio-research-new-scions-rootstocks,,"Gift extends UC Davis pistachio research on new scions, rootstocks | Food Blog",http,2026-09-07T16:54:21.443876+00:00
Craig E. Kallsen,Research source,webResearchSources,https://patents.google.com/patent/USPP28953P3/en,True,200,https://patents.google.com/patent/USPP28953P3/en,,USPP28953P3 - Female pistachio tree named ‘Gumdrop’ - Google Patents,http,2026-09-07T16:54:20.393553+00:00
Masuda Tetsuo,Primary contact,primaryContactUrl,https://prd.form.naro.go.jp/form/pub/naro01/hinshu,True,200,https://prd.form.naro.go.jp/form/pub/naro01/hinshu,,品種についてのお問い合わせ | 農研機構,http,2026-09-07T16:54:20.932346+00:00
Masuda Tetsuo,Contact source,contactSourceUrl,https://www.naro.go.jp/english/research-programs/industry-academia-government/license/index.html,True,200,https://www.naro.go.jp/english/research-programs/industry-academia-government/license/index.html,,English:Licensing procedure for propagation for private cultivation of registered variety bred by NARO (For farmers) | 農研機構,http,2026-09-07T16:53:51.608684+00:00
Masuda Tetsuo,Research source,webResearchSources,https://www.jstage.jst.go.jp/article/naroj/2023/16/2023_15/_article/-char/en,True,200,https://www.jstage.jst.go.jp/article/naroj/2023/16/2023_15/_article/-char/en,,New apple cultivar ‘Beniminori’,http,2026-09-07T16:54:21.163637+00:00
Masuda Tetsuo,Research source,webResearchSources,https://www.naro.go.jp/publicity_report/publication/archive/files/fruit16_Apple_Cultivar_JM2_JM5.pdf,True,200,https://www.naro.go.jp/publicity_report/publication/archive/files/fruit16_Apple_Cultivar_JM2_JM5.pdf,,,http,2026-09-07T16:54:19.596257+00:00
Masuda Tetsuo,Research source,webResearchSources,https://www.maff.go.jp/j/syouan/syokubo/keneki/ippc_kokunai/pdf/h24_1st_s2.pdf,True,200,https://www.maff.go.jp/j/syouan/syokubo/keneki/ippc_kokunai/pdf/h24_1st_s2.pdf,,,http,2026-09-07T16:54:20.972984+00:00
Laurent Chausset,Primary contact,primaryContactUrl,https://www.marionnet-label.com/contactez-nous/,True,200,https://www.marionnet-label.com/contactez-nous/,,Formulaire de contact - Marionnet Label,http,2026-09-07T16:54:21.174188+00:00
Laurent Chausset,Parent evidence,candidateParentEvidenceUrl,https://www.marionnet-label.com/a-propos-le-criv/,True,200,https://www.marionnet-label.com/a-propos-le-criv/,,À propos - Découvrez le site du CRIV - Marionnet Label,http,2026-09-07T16:54:21.525659+00:00
Laurent Chausset,Research source,webResearchSources,https://www.marionnet-label.com/a-propos-notre-equipe/,True,200,https://www.marionnet-label.com/a-propos-notre-equipe/,,À propos de Marionnet Label - Notre équipe du CRIV et d&#039;ABT,http,2026-09-07T16:54:21.575468+00:00
Iana Kostina,Primary contact,primaryContactUrl,https://www.driscolls.com/about/Contact-Us,True,200,https://www.driscolls.com/about/Contact-Us,,Contact Us,http,2026-09-07T16:53:50.653536+00:00
Iana Kostina,Parent evidence,candidateParentEvidenceUrl,https://patents.google.com/patent/USPP35093P2/en,True,200,https://patents.google.com/patent/USPP35093P2/en,,USPP35093P2 - Strawberry plant named ‘DrisStrawOneHundredThree’ - Google Patents,http,2026-09-07T16:54:21.221596+00:00
Iana Kostina,Research source,webResearchSources,https://patents.justia.com/inventor/iana-kostina,True,403,https://patents.justia.com/inventor/iana-kostina,Automated access was blocked or temporarily unavailable; source requires manual browser review.,,manual_browser_required,2026-09-07T16:54:21.037542+00:00
F.G.Gmitter Jr.,Primary contact,primaryContactUrl,https://directory.ifas.ufl.edu/searchdir?B2=Search&SearchEmp=gmitter&m=0&pageID=0&selectID=1,True,200,https://directory.ifas.ufl.edu/searchdir?B2=Search&SearchEmp=gmitter&m=0&pageID=0&selectID=1,,UF/IFAS Directory,http,2026-09-07T16:54:21.635295+00:00
F.G.Gmitter Jr.,Research source,webResearchSources,https://ffsp.net/varieties/citrus/,True,200,https://ffsp.net/varieties/citrus/,,Citrus,http,2026-09-07T16:54:21.369672+00:00
F.G.Gmitter Jr.,Research source,webResearchSources,https://patents.justia.com/patent/PP36742,True,403,https://patents.justia.com/patent/PP36742,Automated access was blocked or temporarily unavailable; source requires manual browser review.,,manual_browser_required,2026-09-07T16:54:21.107208+00:00
Okimura Makoto,Primary contact,primaryContactUrl,https://prd.form.naro.go.jp/form/pub/naro01/hinshu,True,200,https://prd.form.naro.go.jp/form/pub/naro01/hinshu,,品種についてのお問い合わせ | 農研機構,http,2026-09-07T16:54:20.932346+00:00
Okimura Makoto,Contact source,contactSourceUrl,https://www.naro.go.jp/english/research-programs/industry-academia-government/license/index.html,True,200,https://www.naro.go.jp/english/research-programs/industry-academia-government/license/index.html,,English:Licensing procedure for propagation for private cultivation of registered variety bred by NARO (For farmers) | 農研機構,http,2026-09-07T16:53:51.608684+00:00
Okimura Makoto,Research source,webResearchSources,https://www.naro.go.jp/laboratory/karc/director/030454.html,True,200,https://www.naro.go.jp/laboratory/karc/director/030454.html,,九州沖縄農業研究センター:所長室から:研究チーム長の抱負 | 農研機構,http,2026-09-07T16:54:21.727679+00:00
Okimura Makoto,Research source,webResearchSources,https://agresearcher.maff.go.jp/kenkyuusha/show/560,True,403,https://agresearcher.maff.go.jp/kenkyuusha/show/560,Automated access was blocked or temporarily unavailable; source requires manual browser review.,,manual_browser_required,2026-09-07T16:54:21.164576+00:00
Okimura Makoto,Research source,webResearchSources,https://www.naro.go.jp/publicity_report/season/138292.html,True,200,https://www.naro.go.jp/publicity_report/season/138292.html,,世界が恋する、日本のいちご「恋みのり」 | 農研機構,http,2026-09-07T16:54:21.789228+00:00
Walter Hartmann,Primary contact,primaryContactUrl,https://www.uni-hohenheim.de/en,True,200,https://www.uni-hohenheim.de/en,,University of Hohenheim: Study and research in Stuttgart,http,2026-09-07T16:54:22.643297+00:00
Walter Hartmann,Research source,webResearchSources,https://www.blw.admin.ch/dam/de/sd-web/FA-U2vAjU4ll/287%20Jan%2025.pdf,True,200,https://www.blw.admin.ch/dam/de/sd-web/FA-U2vAjU4ll/287%20Jan%2025.pdf,,,http,2026-09-07T16:54:22.581642+00:00
Walter Hartmann,Research source,webResearchSources,https://www.kiefer-obstwelt.de/zuechtungsarbeit/,True,200,https://www.kiefer-obstwelt.de/zuechtungsarbeit/,,Züchtungsarbeit - Kiefer Obstwelt,http,2026-09-07T16:54:22.794739+00:00
Walter Hartmann,Research source,webResearchSources,https://www.lwg.bayern.de/gartenbau/obstbau/208260/index.php,True,200,https://www.lwg.bayern.de/gartenbau/obstbau/208260/index.php,,Zwetschgen,http,2026-09-07T16:54:22.970233+00:00
Reinhard Kaneppele,Primary contact,primaryContactUrl,https://feno.it/en/contacts/,True,200,https://www.feno.it/en/contacts/,,Contacts | Feno Srl,http,2026-09-07T16:54:23.187853+00:00
Reinhard Kaneppele,Parent evidence,candidateParentEvidenceUrl,https://active.inspection.gc.ca/english/plaveg/pbrpov/cropreport/app/app00011956e.shtml,True,200,https://active.inspection.gc.ca/english/plaveg/pbrpov/cropreport/app/app00011956e.shtml,,Canadian Food Inspection Agency - Fengapi,http,2026-09-07T16:54:21.697140+00:00
Reinhard Kaneppele,Research source,webResearchSources,https://patents.google.com/patent/USPP30863,True,200,https://patents.google.com/patent/USPP30863,,USPP30863P2 - Apple tree named ‘Fengapi’ - Google Patents,http,2026-09-07T16:54:21.782318+00:00
David Ruiz González,Primary contact,primaryContactUrl,https://cebasfruit.com/en/apricot-tree-license-nurseries/,True,200,https://cebasfruit.com/en/apricot-tree-license-nurseries/,,Apricot tree license nurseries &#8211; CebasFruit,http,2026-09-07T16:54:23.426209+00:00
David Ruiz González,Research source,webResearchSources,https://www.mapa.gob.es/ministerio/pags/Biblioteca/Revistas/pdf_RVC%2FRVC-4-2021.pdf,True,200,https://www.mapa.gob.es/ministerio/pags/Biblioteca/Revistas/pdf_RVC%2FRVC-4-2021.pdf,,,http,2026-09-07T16:54:22.800636+00:00
Doud David,Primary contact,primaryContactUrl,https://maiaapples.com/contact-us/,True,200,https://maiaapples.com/contact-us/,,Contact Us - Midwest Apple Improvement Association,http,2026-09-07T16:53:12.788435+00:00
Doud David,Parent evidence,candidateParentEvidenceUrl,https://patents.justia.com/inventor/david-doud,True,403,https://patents.justia.com/inventor/david-doud,Automated access was blocked or temporarily unavailable; source requires manual browser review.,,manual_browser_required,2026-09-07T16:54:21.759080+00:00
Doud David,Research source,webResearchSources,https://maiaapples.com/member-directory/,True,200,https://maiaapples.com/member-directory/,,Member Directory - Midwest Apple Improvement Association,http,2026-09-07T16:54:22.295787+00:00
Javier Velo Prieto,Primary contact,primaryContactUrl,https://www.berryneo.com/contacto/,True,200,https://www.berryneo.com/contacto/,,Contacto - Berryum,http,2026-09-07T16:54:24.523912+00:00
Javier Velo Prieto,Contact source,contactSourceUrl,https://www.berryneo.com/en/legal-notice/,True,200,https://www.berryneo.com/en/legal-notice/,,Legal Notice - Berryum,http,2026-09-07T16:54:24.350394+00:00
Javier Velo Prieto,Parent evidence,candidateParentEvidenceUrl,https://www.onssa.gov.ma/wp-content/uploads/2025/12/bulletin-protection-n44-septembre-2025-onssa-dcsp.pdf,False,,https://www.onssa.gov.ma/wp-content/uploads/2025/12/bulletin-protection-n44-septembre-2025-onssa-dcsp.pdf,URLError: <urlopen error [Errno 111] Connection refused>,,http,2026-09-07T16:54:21.926561+00:00
Javier Velo Prieto,Research source,webResearchSources,https://www.berryneo.com/en/varieties-berryum/,True,200,https://www.berryneo.com/en/varieties-berryum/,,Varieties BerrYum - Berryum,http,2026-09-07T16:54:24.226469+00:00
Adachi Eisuke,Primary contact,primaryContactUrl,https://www.pref.yamagata.jp/documents/50169/beniohtorimatomenituite.pdf,True,200,https://www.pref.yamagata.jp/documents/50169/beniohtorimatomenituite.pdf,,,http,2026-09-07T16:54:23.000682+00:00
Adachi Eisuke,Research source,webResearchSources,https://www.hinshu2.maff.go.jp/vips/cmm/apCMM112.aspx?LANGUAGE=Japanese&TOUROKU_NO=27866,True,200,https://www.hinshu2.maff.go.jp/vips/cmm/apCMM112.aspx?LANGUAGE=Japanese&TOUROKU_NO=27866,,品種登録迅速化総合電子化システム,http,2026-09-07T16:54:22.990366+00:00
Adachi Eisuke,Research source,webResearchSources,https://www.naro.go.jp/publicity_report/publication/archive/files/fruit15_Summary_2nd_Japanese_Apricot_National_Trial.pdf,True,200,https://www.naro.go.jp/publicity_report/publication/archive/files/fruit15_Summary_2nd_Japanese_Apricot_National_Trial.pdf,,,http,2026-09-07T16:54:23.716690+00:00
Russell G. Lowe,Primary contact,primaryContactUrl,https://www.plantandfood.com/en-nz/article/new-kiwifruit-breeding-centre-launches-to-boost-innovation,True,200,https://www.plantandfood.com/en-nz/article/new-kiwifruit-breeding-centre-launches-to-boost-innovation,,New Kiwifruit Breeding Centre launches to boost innovation · Plant &amp; Food Research,http,2026-09-07T16:54:23.095045+00:00
Russell G. Lowe,Parent evidence,candidateParentEvidenceUrl,https://patents.google.com/patent/USPP32076P2/en,True,200,https://patents.google.com/patent/USPP32076P2/en,,USPP32076P2 - Kiwifruit plant named ‘ZES008’ - Google Patents,http,2026-09-07T16:54:23.042931+00:00
Russell G. Lowe,Research source,webResearchSources,https://www.zespri.com/content/dam/zespri/nz/publications/Kiwiflier/kiwiflier-2025/KF-472-July-25.pdf,True,200,https://www.zespri.com/content/dam/zespri/nz/publications/Kiwiflier/kiwiflier-2025/KF-472-July-25.pdf,,,http,2026-09-07T16:54:24.341321+00:00
Keith S. Warren,Primary contact,primaryContactUrl,https://jfschmidt.com/about/,True,403,https://jfschmidt.com/about/,Automated access was blocked or temporarily unavailable; source requires manual browser review.,,manual_browser_required,2026-09-07T16:54:23.126786+00:00
Keith S. Warren,Parent evidence,candidateParentEvidenceUrl,https://patents.google.com/patent/USPP24442/en,True,200,https://patents.google.com/patent/USPP24442/en,,USPP24442P2 - Hybrid oak tree named ‘JFS-KW2QX’ - Google Patents,http,2026-09-07T16:54:23.439089+00:00
Kotoda Nobuhiro,Primary contact,primaryContactUrl,https://prd.form.naro.go.jp/form/pub/naro01/hinshu,True,200,https://prd.form.naro.go.jp/form/pub/naro01/hinshu,,品種についてのお問い合わせ | 農研機構,http,2026-09-07T16:54:20.932346+00:00
Kotoda Nobuhiro,Contact source,contactSourceUrl,https://www.naro.go.jp/english/research-programs/industry-academia-government/license/index.html,True,200,https://www.naro.go.jp/english/research-programs/industry-academia-government/license/index.html,,English:Licensing procedure for propagation for private cultivation of registered variety bred by NARO (For farmers) | 農研機構,http,2026-09-07T16:53:51.608684+00:00
Kotoda Nobuhiro,J-GLOBAL current Saga University role and work history,webResearchSources,https://jglobal.jst.go.jp/en/detail?JGLOBAL_ID=200901036616986611,True,503,https://jglobal.jst.go.jp/en/detail?JGLOBAL_ID=200901036616986611,Automated access was blocked or temporarily unavailable; source requires manual browser review.,,manual_browser_required,2026-09-07T16:54:23.430910+00:00
Kimura Takashi,Primary contact,primaryContactUrl,https://prd.form.naro.go.jp/form/pub/naro01/hinshu,True,200,https://prd.form.naro.go.jp/form/pub/naro01/hinshu,,品種についてのお問い合わせ | 農研機構,http,2026-09-07T16:54:20.932346+00:00
Kimura Takashi,Contact source,contactSourceUrl,https://www.naro.go.jp/english/research-programs/industry-academia-government/license/index.html,True,200,https://www.naro.go.jp/english/research-programs/industry-academia-government/license/index.html,,English:Licensing procedure for propagation for private cultivation of registered variety bred by NARO (For farmers) | 農研機構,http,2026-09-07T16:53:51.608684+00:00
Kimura Takashi,NARO Koiminori breeder profile,webResearchSources,https://www.naro.go.jp/publicity_report/season/138292.html,True,200,https://www.naro.go.jp/publicity_report/season/138292.html,,世界が恋する、日本のいちご「恋みのり」 | 農研機構,http,2026-09-07T16:54:21.789228+00:00
Kimura Takashi,2025 Koiminori cultivar paper and NARO affiliation,webResearchSources,https://www.jstage.jst.go.jp/article/hrj/24/4/24_331/_article/-char/en,True,200,https://www.jstage.jst.go.jp/article/hrj/24/4/24_331/_article/-char/en,,New Strawberry Cultivar ‘Koiminori’ with Large Fruit Size and Labor-saving Potential,http,2026-09-07T16:54:24.037654+00:00
Takahara Toshio,Primary contact,primaryContactUrl,https://prd.form.naro.go.jp/form/pub/naro01/hinshu,True,200,https://prd.form.naro.go.jp/form/pub/naro01/hinshu,,品種についてのお問い合わせ | 農研機構,http,2026-09-07T16:54:20.932346+00:00
Takahara Toshio,Contact source,contactSourceUrl,https://www.naro.go.jp/english/research-programs/industry-academia-government/license/index.html,True,200,https://www.naro.go.jp/english/research-programs/industry-academia-government/license/index.html,,English:Licensing procedure for propagation for private cultivation of registered variety bred by NARO (For farmers) | 農研機構,http,2026-09-07T16:53:51.608684+00:00
Takahara Toshio,"Tsunokaori patent, inventor list, and public-station assignment",webResearchSources,https://patents.google.com/patent/USPP8559P/en,True,200,https://patents.google.com/patent/USPP8559P/en,,USPP8559P - Citrus tree &#34;Tsunokaori&#34; - Google Patents,http,2026-09-07T16:54:23.368669+00:00
Takahara Toshio,NARO citrus cultivar repository record naming Takahara,webResearchSources,https://repository.naro.go.jp/records/2432,True,200,https://repository.naro.go.jp/records/2432,,農研機構機関リポジトリ,http,2026-09-07T16:54:25.638245+00:00
M. Ivanov,Primary contact,primaryContactUrl,https://ive.bg/en/kontakti/,True,200,https://ive.bg/en/kontakti/,,Contacts - Institute of Vine and Wine - Pleven,http,2026-09-07T16:54:28.835545+00:00
M. Ivanov,Contact source,contactSourceUrl,https://ive.bg/en/sortove/trapezitsa/,True,200,https://ive.bg/en/sortove/trapezitsa/,,Trapezitsa - Institute of Vine and Wine - Pleven,http,2026-09-07T16:54:24.290994+00:00
M. Ivanov,Agricultural Academy article identifying Miroslav Ivanov and institute,webResearchSources,https://agriacad.eu/ojs/index.php/bjcs/article/view/2346,True,200,https://agriacad.eu/ojs/index.php/bjcs/article/view/2346,,Establishing the degree of resistance to low winter temperatures under laboratory conditions of wine varieties from the Pleven area | Bulgarian Journal of Crop Science,http,2026-09-07T16:54:24.952520+00:00
Ibergen Frutales,Primary contact,primaryContactUrl,https://ibergen.es/,True,200,https://ibergen.es/,,Ibergen,http,2026-09-07T16:54:24.254126+00:00
Ibergen Frutales,Trademark evidence,trademarkEvidenceUrl,https://www.freshplaza.com/europe/article/9372156/our-goal-is-to-fill-the-gap-in-the-plum-market-with-flavors-firmness-and-diversity/,True,200,https://www.freshplaza.com/europe/article/9372156/our-goal-is-to-fill-the-gap-in-the-plum-market-with-flavors-firmness-and-diversity/,,"&quot;Our goal is to fill the gap in the plum market with flavors, firmness and diversity&quot;",http,2026-09-07T16:54:23.515587+00:00
Ibergen Frutales,Spanish official grants for IBP ONE and IBP TEN,webResearchSources,https://www.boe.es/diario_boe/txt.php?id=BOE-A-2024-1553,True,200,https://www.boe.es/diario_boe/txt.php?id=BOE-A-2024-1553,,"BOE-A-2024-1553 Orden APA/48/2024, de 22 de enero, por la que se dispone la concesión de Títulos de Obtención Vegetal en el Registro de Variedades Protegidas.",http,2026-09-07T16:54:24.344246+00:00
Jean-Luc Carrieres,Primary contact,primaryContactUrl,https://www.redmoon-apple.com/en/,True,200,https://www.redmoon-apple.com/en/,,RedMoon® Suprise Inside! &#8211; RedMoon® Apple | RedMoon® Sparkling | RedMoon® Premium,http,2026-09-07T16:54:25.704463+00:00
Jean-Luc Carrieres,Parent evidence,candidateParentEvidenceUrl,https://patents.google.com/patent/USPP28247P3/en,True,200,https://patents.google.com/patent/USPP28247P3/en,,USPP28247P3 - Apple tree named ‘RM-1’ - Google Patents,http,2026-09-07T16:54:24.265358+00:00
Jean-Luc Carrieres,Official Australian PBR journal naming Carrieres and Red Moon holder,webResearchSources,https://www.ipaustralia.gov.au/tools-and-research/professional-resources/ip-rights-journals/~/-/media/Project/IPA/IPAustralia/PDF/PBR-Journals/Volume-36-Number-1.pdf,True,200,https://www.ipaustralia.gov.au/tools-and-research/professional-resources/ip-rights-journals/~/-/media/Project/IPA/IPAustralia/PDF/PBR-Journals/Volume-36-Number-1.pdf,,,http,2026-09-07T16:54:25.866511+00:00
Giuseppe Russo,Primary contact,primaryContactUrl,https://www.crea.gov.it/contatti,True,200,https://www.crea.gov.it/contatti,,Contatti - CREA,http,2026-09-07T16:54:02.035204+00:00
Giuseppe Russo,Contact source,contactSourceUrl,https://www.crea.gov.it/en/web/olivicoltura-frutticoltura-e-agrumicoltura/laboratorio-di-conservazione-caratterizzazione-e-valorizzazione-della-biodiversita-frutticola-olivicola-e-agrumicola,True,200,https://www.crea.gov.it/en/web/olivicoltura-frutticoltura-e-agrumicoltura/laboratorio-di-conservazione-caratterizzazione-e-valorizzazione-della-biodiversita-frutticola-olivicola-e-agrumicola,,"Laboratorio di Conservazione, Caratterizzazione e Valorizzazione della Biodiversità Frutticola, Olivicola e Agrumicola (Acireale, Caserta, Forlì, Rende, Roma, Spoleto) - Olive, Fruit and Citrus Crops - CREA",http,2026-09-07T16:54:25.190601+00:00
Giuseppe Russo,CREA board resolution describing Russo as retired and associated,webResearchSources,https://www.crea.gov.it/documents/20126/0/Delibera%2BCdA%2Bn.%2B4-2023.pdf/ebfee611-e597-8319-5b66-6fe706f3e3fd?download=true&t=1675248660896,True,200,https://www.crea.gov.it/documents/20126/0/Delibera%2BCdA%2Bn.%2B4-2023.pdf/ebfee611-e597-8319-5b66-6fe706f3e3fd?download=true&t=1675248660896,,,http,2026-09-07T16:54:25.273487+00:00
Giuseppe Russo,CREA plant-innovation catalog with SUN RED ownership and breeders,webResearchSources,https://innovazioni.crea.gov.it/download/2024__Catalogo_PI_CREA_Aggiornamento3.pdf,True,200,https://innovazioni.crea.gov.it/download/2024__Catalogo_PI_CREA_Aggiornamento3.pdf,,,http,2026-09-07T16:54:25.506477+00:00
S.L. Viveros,Primary contact,primaryContactUrl,https://www.cotevisa.es/,True,200,https://www.cotevisa.es/,,Cultivo in vitro en Valencia | COTEVISA,http,2026-09-07T16:54:25.339613+00:00
S.L. Viveros,Spanish Ministry entity record for the full company,webResearchSources,https://servicio.mapa.gob.es/germenwai/DetalleEntidad.aspx?IDSolicitante=100678&id=es,True,200,https://servicio.mapa.gob.es/germenwai/DetalleEntidad.aspx?IDSolicitante=100678&id=es,,[Catálogos nacionales y comunitarios] - Agricultura - mapa.gob.es,http,2026-09-07T16:54:26.312744+00:00
S.L. Viveros,Spanish variety bulletin naming the full company and Del Pilar,webResearchSources,https://www.mapa.gob.es/ministerio/pags/biblioteca/revistas/pdf_RVC/RVC_2016_2.pdf,True,200,https://www.mapa.gob.es/ministerio/pags/biblioteca/revistas/pdf_RVC/RVC_2016_2.pdf,,,http,2026-09-07T16:54:25.558960+00:00
Jonathan R. Nelson,Primary contact,primaryContactUrl,https://active.inspection.gc.ca/english/plaveg/pbrpov/cropreport/str/app00013296e.shtml,True,200,https://active.inspection.gc.ca/english/plaveg/pbrpov/cropreport/str/app00013296e.shtml,,Canadian Food Inspection Agency - Opalita,http,2026-09-07T16:54:24.793948+00:00
Jonathan R. Nelson,Parent evidence,candidateParentEvidenceUrl,https://patents.google.com/patent/USPP36113P2/en,True,200,https://patents.google.com/patent/USPP36113P2/en,,USPP36113P2 - Strawberry plant named ‘FPS-15.2016-31’ - Google Patents,http,2026-09-07T16:54:25.050496+00:00
Jonathan R. Nelson,Fragaria Plant Sciences B.V. assigned-patent portfolio,webResearchSources,https://patents.justia.com/assignee/fragaria-plant-sciences-b-v,True,403,https://patents.justia.com/assignee/fragaria-plant-sciences-b-v,Automated access was blocked or temporarily unavailable; source requires manual browser review.,,manual_browser_required,2026-09-07T16:54:25.016194+00:00
J. McLaren,Primary contact,primaryContactUrl,https://app.companiesoffice.govt.nz/companies/app/ui/pages/companies/854376,True,200,https://app.companiesoffice.govt.nz/companies/app/ui/pages/companies/854376,,View All Details,http,2026-09-07T16:54:27.551882+00:00
J. McLaren,Contact source,contactSourceUrl,https://www.companyhub.nz/companyDetails.cfm?nzbn=9429038101977,True,403,https://www.companyhub.nz/companyDetails.cfm?nzbn=9429038101977,Automated access was blocked or temporarily unavailable; source requires manual browser review.,,manual_browser_required,2026-09-07T16:53:23.390758+00:00
J. McLaren,Parent evidence,candidateParentEvidenceUrl,https://patents.google.com/patent/USPP12415P2/en,True,200,https://patents.google.com/patent/USPP12415P2/en,,USPP12415P2 - Apple tree named ‘Nevson’ - Google Patents,http,2026-09-07T16:53:23.576790+00:00
J. McLaren,"Canadian Nevson PBR naming John McLaren, Southern Trees, and Nevis holder",webResearchSources,https://active.inspection.gc.ca/english/plaveg/pbrpov/cropreport/app/app00002782e.shtml,True,200,https://active.inspection.gc.ca/english/plaveg/pbrpov/cropreport/app/app00002782e.shtml,,Canadian Food Inspection Agency - Nevson,http,2026-09-07T16:53:23.460983+00:00
Shimura Tomio,Primary contact,primaryContactUrl,https://dr-tomio.com/pages/about,True,200,https://dr-tomio.com/pages/about,,志村葡萄研究所について &ndash; 志村葡萄研究所〜Shimura Grape Research Institute〜,http,2026-09-07T16:54:25.450609+00:00
Shimura Tomio,Trademark evidence,trademarkEvidenceUrl,https://dr-tomio.com/collections/all,True,200,https://dr-tomio.com/collections/all,,商品 &ndash; 志村葡萄研究所〜Shimura Grape Research Institute〜,http,2026-09-07T16:54:26.164619+00:00
Shimura Tomio,Father-son succession and March 2023 incorporation,webResearchSources,https://nihonmono.jp/en/article/30716/,True,200,https://nihonmono.jp/en/article/30716/,,Grapes grown by farmers for farmers. Shimura Grape Research Institute” Connecting “Soil for the Future - NIHONMONO,http,2026-09-07T16:54:26.643658+00:00
Hwang Hae-Sung,Primary contact,primaryContactUrl,https://www.nihhs.go.kr/eng/main/mainView.do,True,200,https://www.nihhs.go.kr/eng/main/mainView.do,,RURAL DEVELOPMENT ADMINISTRATION :: National Institute of Horticultural and Herbal Science,http,2026-09-07T16:54:26.531119+00:00
Hwang Hae-Sung,Canadian Hanareum PBR naming RDA holder and Hwang breeder,webResearchSources,https://active.inspection.gc.ca/english/plaveg/pbrpov/cropreport/par/app00003918e.shtml?wbdisable=true,True,200,https://active.inspection.gc.ca/english/plaveg/pbrpov/cropreport/par/app00003918e.shtml?wbdisable=true,,Canadian Food Inspection Agency - Hanareum,http,2026-09-07T16:54:25.719450+00:00
Hwang Hae-Sung,AGRIS pear-breeding publication record,webResearchSources,https://agris.fao.org/search/en/providers/122535/records/65defb0cb766d82b18ffa06b,True,200,https://agris.fao.org/search/en/providers/122535/records/65defb0cb766d82b18ffa06b,,Characteristics of new Asian pear varieties released over the last few years in Korea,http,2026-09-07T16:54:26.022537+00:00
Donald A. Skelton,Primary contact,primaryContactUrl,https://www.snzi.kiwi/contact,True,200,https://www.snzi.kiwi/contact,,Contact SNZI,http,2026-09-07T16:54:25.643578+00:00
Donald A. Skelton,Contact source,contactSourceUrl,https://www.snzi.kiwi/about,True,200,https://www.snzi.kiwi/about,,About Sino-NZ Innovation (SNZI),http,2026-09-07T16:54:25.751351+00:00
Donald A. Skelton,Skelton A19 patent and assignment to Enza/Enzafruit,webResearchSources,https://patents.google.com/patent/USPP20671P3/en,True,200,https://patents.google.com/patent/USPP20671P3/en,,USPP20671P3 - Kiwi plant named ‘Skelton A19’ - Google Patents,http,2026-09-07T16:54:25.873783+00:00
Donald A. Skelton,Public report identifying the late Don Skelton,webResearchSources,https://www.racingnews.co.nz/complicate-earns-gold-cup-tilt/,True,200,https://www.racingnews.co.nz/complicate-earns-gold-cup-tilt/,,Complicate earns Gold Cup tilt | NZ Racing News,http,2026-09-07T16:54:26.390716+00:00
Zouk B.V.,Primary contact,primaryContactUrl,https://www.zoukbv.be/contact,True,200,https://www.zoukbv.be/contact,,Contact us | Zouk,http,2026-09-07T16:54:27.219427+00:00
Zouk B.V.,Trademark evidence,trademarkEvidenceUrl,https://www.zoukbv.be/apples,True,200,https://www.zoukbv.be/apples,,Our apples | Zouk,http,2026-09-07T16:54:27.221986+00:00
Zouk B.V.,"Zouk official company scope, family-company status, scale, and contact",webResearchSources,https://www.zoukbv.be/,True,200,https://www.zoukbv.be/,,Creating new apple varieties | Zouk,http,2026-09-07T16:54:27.317971+00:00
Zouk B.V.,Nicolai third-generation leadership and sister-company relationship,webResearchSources,https://www.boerenbond.be/nieuws/ons-proefveld-met-appelbomen-als-een-speeltuin-voor-mij,True,200,https://www.boerenbond.be/nieuws/ons-proefveld-met-appelbomen-als-een-speeltuin-voor-mij,,Laura Nicolaï: “Ons proefveld met appelbomen is als een speeltuin voor mij” | Boerenbond,http,2026-09-07T16:54:28.477190+00:00
Teszlak Peter,Primary contact,primaryContactUrl,https://projects.pte.hu/hu/accessible-contents/472,True,200,https://projects.pte.hu/hu/accessible-contents/472,,Accessible contents | University of Pécs,http,2026-09-07T16:54:28.322416+00:00
Teszlak Peter,Hungarian IP Office plant-variety gazette - University of Pecs applicant and breeder listings,webResearchSources,https://www.sztnh.gov.hu/sw/static/file/SZKV_10_2505.pdf,True,200,https://sztnh.gov.hu/sw/static/file/SZKV_10_2505.pdf,,,http,2026-09-07T16:54:30.205846+00:00
Teszlak Peter,University of Pecs - institute leadership and research organization,webResearchSources,https://international.pte.hu/news/commemoration-and-new-wines,True,200,https://international.pte.hu/news/commemoration-and-new-wines,,Commemoration and new wines,http,2026-09-07T16:54:28.056265+00:00
Kitadani Emi,Primary contact,primaryContactUrl,https://www.naro.go.jp/english/research-programs/industry-academia-government/contact/index.html,True,200,https://www.naro.go.jp/english/research-programs/industry-academia-government/contact/index.html,,English:Contact,http,2026-09-07T16:53:56.960975+00:00
Kitadani Emi,MAFF Koiminori title record - NARO holder and Emi Kitadani breeder,webResearchSources,https://www.hinshu2.maff.go.jp/vips/cmm/apCMM112.aspx?LANGUAGE=Japanese&TOUROKU_NO=28183,True,200,https://www.hinshu2.maff.go.jp/vips/cmm/apCMM112.aspx?LANGUAGE=Japanese&TOUROKU_NO=28183,,品種登録迅速化総合電子化システム,http,2026-09-07T16:54:26.956434+00:00
Kitadani Emi,NARO official Koiminori cultivar page,webResearchSources,https://www.naro.go.jp/collab/breed/0300/0301/073701.html,True,200,https://www.naro.go.jp/collab/breed/0300/0301/073701.html,,恋みのり | 農研機構,http,2026-09-07T16:54:27.162473+00:00
Kitadani Emi,2025 Horticultural Research paper - current NARO affiliation,webResearchSources,https://www.jstage.jst.go.jp/article/hrj/24/4/24_331/_article/-char/en,True,200,https://www.jstage.jst.go.jp/article/hrj/24/4/24_331/_article/-char/en,,New Strawberry Cultivar ‘Koiminori’ with Large Fruit Size and Labor-saving Potential,http,2026-09-07T16:54:24.037654+00:00
Kaylan M. Roberts,Primary contact,primaryContactUrl,https://www.arableag.com/our-team,True,200,https://www.arableag.com/our-team,,Our Team &mdash; Arable Advisory Group,http,2026-09-07T16:54:27.256345+00:00
Kaylan M. Roberts,"Wapeachone patent - inventors, original assignee and recorded assignment chain",webResearchSources,https://patents.google.com/patent/USPP32431P2/en,True,200,https://patents.google.com/patent/USPP32431P2/en,,USPP32431P2 - Peach tree named ‘Wapeachone’ - Google Patents,http,2026-09-07T16:54:27.207409+00:00
Kaylan M. Roberts,USPTO Threefoldpeachone patent grant - Threefold assignee,webResearchSources,https://patentsgazette.uspto.gov/week11/OG/html/1544-3/USPP037329-20260317.html,True,200,https://patentsgazette.uspto.gov/week11/OG/html/1544-3/USPP037329-20260317.html,,,http,2026-09-07T16:54:27.434482+00:00
Hortplant Jerzy Dominikowski,Primary contact,primaryContactUrl,https://hortplant.pl/,True,200,https://hortplant.pl/,,Home - Hortplant,http,2026-09-07T16:54:28.390774+00:00
Hortplant Jerzy Dominikowski,Contact source,contactSourceUrl,https://hortplant.pl/polityka-prywatnosci/,True,200,https://hortplant.pl/polityka-prywatnosci/,,Polityka prywatności - Hortplant,http,2026-09-07T16:54:30.132772+00:00
Hortplant Jerzy Dominikowski,Hossa commercial variety record - Hortplant identified as rights holder,webResearchSources,https://niewczas.co/en/offer/hossa,True,200,https://niewczas.co/en/offer/hossa,,Hossa | Niewczas Strawberry Plant Nursery,http,2026-09-07T16:54:28.408852+00:00
Hanan Bazak,Primary contact,primaryContactUrl,https://patentsgazette.uspto.gov/week17/OG/html/1545-4/USPP037390-20260428.html,True,200,https://patentsgazette.uspto.gov/week17/OG/html/1545-4/USPP037390-20260428.html,,,http,2026-09-07T16:54:27.477426+00:00
Hanan Bazak,Sweet Jasper patent - State/ARO assignment and Hanan Bazak inventor,webResearchSources,https://patents.google.com/patent/USPP23023,True,200,https://patents.google.com/patent/USPP23023,,USPP23023P3 - Grapevine named ‘SWEET JASPER’ - Google Patents,http,2026-09-07T16:54:27.601134+00:00
Hanan Bazak,Israel Plant Breeders' Rights Gazette 92 - VARO holder and breeder codes,webResearchSources,https://www.gov.il/BlobFolder/dynamiccollectorresultitem/gazette92/he/plant_breeders_IL_GAZETTE_92.pdf,True,200,https://www.gov.il/BlobFolder/dynamiccollectorresultitem/gazette92/he/plant_breeders_IL_GAZETTE_92.pdf,,,http,2026-09-07T16:54:30.587497+00:00
Madaras Zoltan,Primary contact,primaryContactUrl,https://projektek.pte.hu/hu/hazai/emva/vp1-121-23,True,200,https://projektek.pte.hu/hu/hazai/emva/vp1-121-23,,"Pécsi Tudományegyetem Szőlészeti és Borászati Kutatóintézete bemutató üzemi tevékenységének fejlesztése, | Pécsi Tudományegyetem",http,2026-09-07T16:54:29.107092+00:00
Madaras Zoltan,Hungarian IP Office plant-variety gazette - University of Pecs applicant and breeder listings,webResearchSources,https://www.sztnh.gov.hu/sw/static/file/SZKV_10_2505.pdf,True,200,https://sztnh.gov.hu/sw/static/file/SZKV_10_2505.pdf,,,http,2026-09-07T16:54:30.205846+00:00
Madaras Zoltan,University of Pecs - current institute leadership,webResearchSources,https://szbki.pte.hu/en/summa,True,200,https://szbki.pte.hu/en/summa,,SUMMA | szbki.pte.hu,http,2026-09-07T16:54:29.992583+00:00
Nonomura Mutsuko,Primary contact,primaryContactUrl,https://www.naro.go.jp/english/research-programs/industry-academia-government/contact/index.html,True,200,https://www.naro.go.jp/english/research-programs/industry-academia-government/contact/index.html,,English:Contact,http,2026-09-07T16:53:56.960975+00:00
Nonomura Mutsuko,MAFF Harehime title record - NARO holder and Nonomura breeder,webResearchSources,https://www.hinshu2.maff.go.jp/vips/cmm/apCMM112.aspx?LANGUAGE=English&TOUROKU_NO=12069,True,200,https://www.hinshu2.maff.go.jp/vips/cmm/apCMM112.aspx?LANGUAGE=English&TOUROKU_NO=12069,,品種登録迅速化総合電子化システム,http,2026-09-07T16:54:11.419336+00:00
Nonomura Mutsuko,MAFF Asumi title record - NARO holder and Nonomura breeder,webResearchSources,https://www.hinshu2.maff.go.jp/vips/cmm/apCMM112.aspx?LANGUAGE=English&TOUROKU_NO=23723,True,200,https://www.hinshu2.maff.go.jp/vips/cmm/apCMM112.aspx?LANGUAGE=English&TOUROKU_NO=23723,,品種登録迅速化総合電子化システム,http,2026-09-07T16:54:17.275524+00:00
Nonomura Mutsuko,NARO repository identity record - Mutsuko Nonomura/Nakano name history,webResearchSources,https://repository.naro.go.jp/records/7110,True,200,https://repository.naro.go.jp/records/7110,,農研機構機関リポジトリ,http,2026-09-07T16:54:29.790206+00:00
Takishita Fumitaka,Primary contact,primaryContactUrl,https://www.naro.go.jp/english/research-programs/industry-academia-government/contact/index.html,True,200,https://www.naro.go.jp/english/research-programs/industry-academia-government/contact/index.html,,English:Contact,http,2026-09-07T16:53:56.960975+00:00
Takishita Fumitaka,MAFF Harehime title record - NARO holder and Takishita breeder,webResearchSources,https://www.hinshu2.maff.go.jp/vips/cmm/apCMM112.aspx?LANGUAGE=English&TOUROKU_NO=12069,True,200,https://www.hinshu2.maff.go.jp/vips/cmm/apCMM112.aspx?LANGUAGE=English&TOUROKU_NO=12069,,品種登録迅速化総合電子化システム,http,2026-09-07T16:54:11.419336+00:00
Takishita Fumitaka,MAFF Asumi title record - NARO holder and Takishita breeder,webResearchSources,https://www.hinshu2.maff.go.jp/vips/cmm/apCMM112.aspx?LANGUAGE=English&TOUROKU_NO=23723,True,200,https://www.hinshu2.maff.go.jp/vips/cmm/apCMM112.aspx?LANGUAGE=English&TOUROKU_NO=23723,,品種登録迅速化総合電子化システム,http,2026-09-07T16:54:17.275524+00:00
Takishita Fumitaka,Research paper - NARO citrus affiliation,webResearchSources,https://www.jstage.jst.go.jp/article/hrj/20/4/20_407/_pdf,True,200,https://www.jstage.jst.go.jp/article/hrj/20/4/20_407/_pdf,,,http,2026-09-07T16:54:30.018272+00:00
Nir Dai,Primary contact,primaryContactUrl,https://www.agri.gov.il/en/research-center/department/business-unit-kidum/,True,200,https://www.agri.gov.il/en/research-center/department/business-unit-kidum/,,Technology Transfer - Kidum Archives - Volcani Website,http,2026-09-07T16:54:29.327923+00:00
Nir Dai,Tamir patent - Nir Dai inventor and State of Israel assignee,webResearchSources,https://patents.google.com/patent/US20080256672P1/en,True,200,https://patents.google.com/patent/US20080256672P1/en,,US20080256672P1 - Strawberry plant named &#39;Tamir&#39; - Google Patents,http,2026-09-07T16:54:28.636548+00:00
Nir Dai,Barak patent - State of Israel assignee,webResearchSources,https://patentimages.storage.googleapis.com/0a/18/bf/ed31e34bb2e019/US20110107483P1.pdf,True,200,https://patentimages.storage.googleapis.com/0a/18/bf/ed31e34bb2e019/US20110107483P1.pdf,,,http,2026-09-07T16:54:28.719944+00:00
Andrew Walker,Primary contact,primaryContactUrl,https://wineserver.ucdavis.edu/people/m-walker,True,403,https://wineserver.ucdavis.edu/people/m-walker,Automated access was blocked or temporarily unavailable; source requires manual browser review.,,manual_browser_required,2026-09-07T16:53:55.959849+00:00
Andrew Walker,Camminare Noir patent - Regents of the University of California assignee,webResearchSources,https://patents.google.com/patent/USPP32929P2/en,True,200,https://patents.google.com/patent/USPP32929P2/en,,USPP32929P2 - Grapevine plant named ‘Camminare Noir’ - Google Patents,http,2026-09-07T16:54:28.745431+00:00
Andrew Walker,UC Davis - Luis Diaz-Garcia succession to the grape breeding program,webResearchSources,https://news.bftv.ucdavis.edu/viticulture-and-enology/research-profile-luis-diaz-garcia,True,403,https://news.bftv.ucdavis.edu/viticulture-and-enology/research-profile-luis-diaz-garcia,Automated access was blocked or temporarily unavailable; source requires manual browser review.,,manual_browser_required,2026-09-07T16:54:28.849115+00:00
Lorenzo Burgos Ortiz,Primary contact,primaryContactUrl,https://www.cebas.csic.es/,True,,https://www.cebas.csic.es/,Automated request timed out; source requires manual browser review.,,manual_browser_required,2026-09-07T16:54:49.681117+00:00
Lorenzo Burgos Ortiz,CSIC institute profile - CEBAS organization and protected plant outputs,webResearchSources,https://www.csic.es/es/el-csic/organizacion/institutos-centros-y-unidades/centro-de-edafologia-y-biologia-aplicada-del-segura,True,,https://www.csic.es/es/el-csic/organizacion/institutos-centros-y-unidades/centro-de-edafologia-y-biologia-aplicada-del-segura,Automated request timed out; source requires manual browser review.,,manual_browser_required,2026-09-07T16:54:48.961260+00:00
Lorenzo Burgos Ortiz,CSIC journal profile - CEBAS affiliation and public business email,webResearchSources,https://sjar.revistas.csic.es/index.php/sjar/article/download/12451/3558/,True,200,https://sjar.revistas.csic.es/index.php/sjar/article/download/12451/3558/,,,http,2026-09-07T16:54:29.706627+00:00
Robinson Terence Lee,Primary contact,primaryContactUrl,https://cals.cornell.edu/people/terence-lee-robinson,True,200,https://cals.cornell.edu/people/terence-lee-robinson,,Terence Lee Robinson | CALS,http,2026-09-07T16:53:40.320058+00:00
Robinson Terence Lee,G.969 patent - Cornell University assignee and Robinson co-inventor,webResearchSources,https://patentimages.storage.googleapis.com/ce/04/78/cba4ed4804170a/US20120096609P1.pdf,True,200,https://patentimages.storage.googleapis.com/ce/04/78/cba4ed4804170a/US20120096609P1.pdf,,,http,2026-09-07T16:54:29.184340+00:00
Robinson Terence Lee,Cornell technology licensing catalog - rootstocks,webResearchSources,https://ctl.cornell.edu/plant-varieties-catalog/rootstocks/,True,403,https://ctl.cornell.edu/plant-varieties-catalog/rootstocks/,Automated access was blocked or temporarily unavailable; source requires manual browser review.,,manual_browser_required,2026-09-07T16:53:44.705789+00:00
Benoit Escande,Primary contact,primaryContactUrl,https://www.pepinieres-escande.com/contact/,True,200,https://www.pepinieres-escande.com/contact/,,06 Contact &#8211; Pépinières Escande,http,2026-09-07T16:54:29.924659+00:00
Benoit Escande,Escande official site - family history and integrated breeding group,webResearchSources,https://www.pepinieres-escande.com/,True,200,https://www.pepinieres-escande.com/,,Pépinières Escande,http,2026-09-07T16:54:29.947384+00:00
Benoit Escande,French official journal - Benoit Escande Editions breeder and SCEA maintainer,webResearchSources,https://www.legifrance.gouv.fr/jorf/id/JORFTEXT000035505478,True,403,https://www.legifrance.gouv.fr/jorf/id/JORFTEXT000035505478,Automated access was blocked or temporarily unavailable; source requires manual browser review.,,manual_browser_required,2026-09-07T16:54:29.965382+00:00
Benoit Escande,EU trademark record - live ESCANDE mark owned by Benoit Escande Editions,webResearchSources,https://euipo.europa.eu/eSearch/#details/trademarks/015034242,True,200,https://euipo.europa.eu/eSearch/#details/trademarks/015034242,,EUIPO - eSearch,http,2026-09-07T16:54:30.592836+00:00
Umberto Almeida Camargo,Primary contact,primaryContactUrl,https://www.embrapa.br/busca-de-noticias/-/noticia/18302631/umberto-camargo-e-eleito-curador-do-ano,True,200,https://www.embrapa.br/busca-de-noticias/-/noticia/18302631/umberto-camargo-e-eleito-curador-do-ano,,Umberto Camargo é eleito “Curador do Ano” - Umberto Camargo é eleito “Curador do Ano” - Portal Embrapa,http,2026-09-07T16:54:31.270350+00:00
Umberto Almeida Camargo,Parent evidence,candidateParentEvidenceUrl,https://www.alice.cnptia.embrapa.br/alice/bitstream/doc/866567/1/ID12611.pdf,True,200,https://www.alice.cnptia.embrapa.br/alice/bitstream/doc/866567/1/ID12611.pdf,,,http,2026-09-07T16:54:31.834693+00:00
Umberto Almeida Camargo,Brazilian Ministry cultivar protection record - BRS Carmem breeder record,webResearchSources,https://sistemas.agricultura.gov.br/snpc/cultivarweb/detalhe_protecao.php?codsr=2810,True,200,https://sistemas.agricultura.gov.br/snpc/cultivarweb/detalhe_protecao.php?codsr=2810,,"Minist&eacute;rio da Agricultura, Pecu&aacute;ria e Abastecimento",http,2026-09-07T16:54:30.960565+00:00
Manuel Rubio Angulo,Primary contact,primaryContactUrl,https://www.cebas.csic.es/,True,,https://www.cebas.csic.es/,Automated request timed out; source requires manual browser review.,,manual_browser_required,2026-09-07T16:54:49.681117+00:00
Manuel Rubio Angulo,CSIC institute profile - CEBAS organization and protected plant outputs,webResearchSources,https://www.csic.es/es/el-csic/organizacion/institutos-centros-y-unidades/centro-de-edafologia-y-biologia-aplicada-del-segura,True,,https://www.csic.es/es/el-csic/organizacion/institutos-centros-y-unidades/centro-de-edafologia-y-biologia-aplicada-del-segura,Automated request timed out; source requires manual browser review.,,manual_browser_required,2026-09-07T16:54:48.961260+00:00
Manuel Rubio Angulo,CSIC journal paper - Manuel Rubio's CEBAS-CSIC affiliation,webResearchSources,https://sjar.revistas.csic.es/index.php/sjar/article/download/8638/2992?inline=1,True,200,https://sjar.revistas.csic.es/index.php/sjar/article/download/8638/2992?inline=1,,,http,2026-09-07T16:54:30.784899+00:00
Shoda Moriyuki,Primary contact,primaryContactUrl,https://www.pref.okinawa.jp/kensei/kencho/1000011/1017655/1017659.html,True,200,https://www.pref.okinawa.jp/kensei/kencho/1000011/1017655/1017659.html,,農業研究センター名護支所｜沖縄県公式ホームページ,http,2026-09-07T16:54:30.674083+00:00
Shoda Moriyuki,MAFF OKINO P19 title record,webResearchSources,https://www.hinshu2.maff.go.jp/vips/cmm/apCMM112.aspx?LANGUAGE=English&TOUROKU_NO=28709,True,200,https://www.hinshu2.maff.go.jp/vips/cmm/apCMM112.aspx?LANGUAGE=English&TOUROKU_NO=28709,,品種登録迅速化総合電子化システム,http,2026-09-07T16:54:30.591833+00:00
Shoda Moriyuki,NARO Narumi record,webResearchSources,https://repository.naro.go.jp/records/6771,True,200,https://repository.naro.go.jp/records/6771,,農研機構機関リポジトリ,http,2026-09-07T16:54:32.390175+00:00
Lee Youn Do,Parent evidence,candidateParentEvidenceUrl,https://view.asiae.co.kr/en/article/2022121609511218360,True,200,https://view.asiae.co.kr/en/article/2022121609511218360,,Mr. Lee Yundo of Gyeongsan Selected as Master Agricultural Technician in Fruit Farming... 29 Years of Peach Cultivation in Namsan-myeon - The Asia Business Daily,http,2026-09-07T16:54:32.171622+00:00
Oded Degani,Primary contact,primaryContactUrl,https://www.agri.gov.il/en/author/odegani/,True,200,https://www.agri.gov.il/en/author/odegani/,,"odegani, Author at Volcani Website",http,2026-09-07T16:54:31.456665+00:00
Oded Degani,ARO Fruit Tree Sciences department,webResearchSources,https://www.agri.gov.il/en/research-center/department/fruit-trees-sciences/,True,200,https://www.agri.gov.il/en/research-center/department/fruit-trees-sciences/,,The Department of Fruit Tree Sciences Archives - Volcani Website,http,2026-09-07T16:54:31.686906+00:00
Oded Degani,Black Glory patent and assignment,webResearchSources,https://patents.google.com/patent/USPP23021,True,200,https://patents.google.com/patent/USPP23021,,USPP23021P3 - Grapevine named ‘BLACK GLORY’ - Google Patents,http,2026-09-07T16:54:30.851729+00:00
Tatiana Okun,Primary contact,primaryContactUrl,https://www.agri.gov.il/en/research-center/department/fruit-trees-sciences/,True,200,https://www.agri.gov.il/en/research-center/department/fruit-trees-sciences/,,The Department of Fruit Tree Sciences Archives - Volcani Website,http,2026-09-07T16:54:31.686906+00:00
Tatiana Okun,Black Glory patent and assignment,webResearchSources,https://patents.google.com/patent/USPP23021,True,200,https://patents.google.com/patent/USPP23021,,USPP23021P3 - Grapevine named ‘BLACK GLORY’ - Google Patents,http,2026-09-07T16:54:30.851729+00:00
Tatiana Okun,Green Onyx patent and assignment,webResearchSources,https://patents.google.com/patent/USPP23199P3/en,True,200,https://patents.google.com/patent/USPP23199P3/en,,USPP23199P3 - Grapevine named ‘Green Onyx’ - Google Patents,http,2026-09-07T16:54:30.916273+00:00
Miller Gregory,Primary contact,primaryContactUrl,https://maiaapples.com/contact-us/,True,200,https://maiaapples.com/contact-us/,,Contact Us - Midwest Apple Improvement Association,http,2026-09-07T16:53:12.788435+00:00
Miller Gregory,MAIA1 patent and assignment,webResearchSources,https://patents.google.com/patent/US20140053301P1/en,True,200,https://patents.google.com/patent/US20140053301P1/en,,US20140053301P1 - Apple tree named MAIA1 - Google Patents,http,2026-09-07T16:54:31.041232+00:00
Miller Gregory,MAIA member directory,webResearchSources,https://maiaapples.com/member-directory/,True,200,https://maiaapples.com/member-directory/,,Member Directory - Midwest Apple Improvement Association,http,2026-09-07T16:54:22.295787+00:00
Z. Nakov,Primary contact,primaryContactUrl,https://ive.bg/en/kontakti/,True,200,https://ive.bg/en/kontakti/,,Contacts - Institute of Vine and Wine - Pleven,http,2026-09-07T16:54:28.835545+00:00
Z. Nakov,Parent evidence,candidateParentEvidenceUrl,https://conf.uni-ruse.bg/bg/docs/cp23/10.2/10.2-15.pdf,True,200,https://conf.uni-ruse.bg/bg/docs/cp23/10.2/10.2-15.pdf,,,http,2026-09-07T16:54:32.799868+00:00
Z. Nakov,Peer-reviewed grape breeding study,webResearchSources,https://www.tandfonline.com/doi/full/10.1080/13102818.2016.1259019,True,403,https://www.tandfonline.com/doi/full/10.1080/13102818.2016.1259019,Automated access was blocked or temporarily unavailable; source requires manual browser review.,,manual_browser_required,2026-09-07T16:54:31.051575+00:00
Paolo Sbrighi,Primary contact,primaryContactUrl,https://www.crea.gov.it/web/olivicoltura-frutticoltura-e-agrumicoltura/-/incontro-tecnico-la-fragola-elod%C3%AC-in-coltura-protetta-1,True,200,https://www.crea.gov.it/web/olivicoltura-frutticoltura-e-agrumicoltura/-/incontro-tecnico-la-fragola-elod%C3%AC-in-coltura-protetta-1,,"Incontro tecnico “La fragola Elodì in coltura protetta” - Incontro tecnico “La fragola Elodì in coltura protetta” - Olivicoltura, Frutticoltura e Agrumicoltura - CREA",http,2026-09-07T16:54:31.877485+00:00
Paolo Sbrighi,CREA strawberry team profile,webResearchSources,https://creafuturo.crea.gov.it/10583/?cat=184,True,200,https://creafuturo.crea.gov.it/10583/?cat=184,,Cibo che si (r)innova/11: fragole italiane da gustare tutto l’anno | CREA futuro,http,2026-09-07T16:54:33.589797+00:00
Paolo Sbrighi,CREA plant-IP catalog,webResearchSources,https://www.crea.gov.it/documents/20126/0/Catalogo_PI_CREA_Aggiornamento_%2B2019-2024.pdf/81afcd0a-dd5d-0df6-4d7d-555c35f12021?download=true&t=1734521330625&version=1.0,True,200,https://www.crea.gov.it/documents/20126/0/Catalogo_PI_CREA_Aggiornamento_%2B2019-2024.pdf/81afcd0a-dd5d-0df6-4d7d-555c35f12021?download=true&t=1734521330625&version=1.0,,,http,2026-09-07T16:53:44.921803+00:00
Junjie Gong,Primary contact,primaryContactUrl,https://english.wbg.cas.cn/sourcedb/rckyw/Professor/202311/t20231103_546840.html,True,200,https://english.wbg.cas.cn/sourcedb/rckyw/Professor/202311/t20231103_546840.html,,Yanchang Wang Wuhan Botanical Garden The Chinese Academy of Sciences</< /,http,2026-09-07T16:54:33.013257+00:00
Junjie Gong,Australian PBR title records,webResearchSources,https://www.ipaustralia.gov.au/tools-and-research/professional-resources/ip-rights-journals/~/-/media/Project/IPA/IPAustralia/PDF/PBR-Journals/Volume-33-Number-1.pdf?rev=ac1f26bf099d4d278c4600adfc6878e5,True,200,https://www.ipaustralia.gov.au/tools-and-research/professional-resources/ip-rights-journals/~/-/media/Project/IPA/IPAustralia/PDF/PBR-Journals/Volume-33-Number-1.pdf?rev=ac1f26bf099d4d278c4600adfc6878e5,,,http,2026-09-07T16:54:33.032301+00:00
Junjie Gong,CAS kiwifruit licensing record,webResearchSources,https://english.whb.cas.cn/whbnews/200704/t20070419_32784.html,True,200,https://english.whb.cas.cn/whbnews/200704/t20070419_32784.html,,Italian firm buys propagation right of a kiwifruit pollinator developed by CAS researchers----Wuhan Branch.Chinese Academy of Sciences,http,2026-09-07T16:53:58.833609+00:00
Shengmei Wang,Primary contact,primaryContactUrl,https://english.wbg.cas.cn/sourcedb/rckyw/Professor/202311/t20231103_546840.html,True,200,https://english.wbg.cas.cn/sourcedb/rckyw/Professor/202311/t20231103_546840.html,,Yanchang Wang Wuhan Botanical Garden The Chinese Academy of Sciences</< /,http,2026-09-07T16:54:33.013257+00:00
Shengmei Wang,Australian PBR title records,webResearchSources,https://www.ipaustralia.gov.au/tools-and-research/professional-resources/ip-rights-journals/~/-/media/Project/IPA/IPAustralia/PDF/PBR-Journals/Volume-33-Number-1.pdf?rev=ac1f26bf099d4d278c4600adfc6878e5,True,200,https://www.ipaustralia.gov.au/tools-and-research/professional-resources/ip-rights-journals/~/-/media/Project/IPA/IPAustralia/PDF/PBR-Journals/Volume-33-Number-1.pdf?rev=ac1f26bf099d4d278c4600adfc6878e5,,,http,2026-09-07T16:54:33.032301+00:00
Shengmei Wang,CAS kiwifruit licensing record,webResearchSources,https://english.whb.cas.cn/whbnews/200704/t20070419_32784.html,True,200,https://english.whb.cas.cn/whbnews/200704/t20070419_32784.html,,Italian firm buys propagation right of a kiwifruit pollinator developed by CAS researchers----Wuhan Branch.Chinese Academy of Sciences,http,2026-09-07T16:53:58.833609+00:00
Shengmei Wang,Moshan No. 4 breeder-affiliation record,webResearchSources,https://cnki.istiz.org.cn/kcms/detail/detail.aspx?dbcode=CJFD&dbname=cjfd2006&filename=YYXB200605057,True,,https://cnki.istiz.org.cn/kcms/detail/detail.aspx?dbcode=CJFD&dbname=cjfd2006&filename=YYXB200605057,Automated request timed out; source requires manual browser review.,,manual_browser_required,2026-09-07T16:54:57.642789+00:00
Takano Takao,Primary contact,primaryContactUrl,https://patents.google.com/patent/USPP33995P3/en,True,200,https://patents.google.com/patent/USPP33995P3/en,,USPP33995P3 - Apple tree named ‘Takano 6’ - Google Patents,http,2026-09-07T16:54:31.927181+00:00
Takano Takao,MAFF Takano 6 variety record,webResearchSources,https://www.hinshu2.maff.go.jp/vips/cmm/apCMM112.aspx?LANGUAGE=English&TOUROKU_NO=27547,True,200,https://www.hinshu2.maff.go.jp/vips/cmm/apCMM112.aspx?LANGUAGE=English&TOUROKU_NO=27547,,品種登録迅速化総合電子化システム,http,2026-09-07T16:54:32.541408+00:00
Takano Takao,Takano 7go U.S. application,webResearchSources,https://patents.google.com/patent/US20190150337P1/en,True,200,https://patents.google.com/patent/US20190150337P1/en,,US20190150337P1 - Apple tree named `TAKANO 7GO&#39; - Google Patents,http,2026-09-07T16:54:32.127998+00:00
Carlo Bergamini,Primary contact,primaryContactUrl,https://creafuturo.crea.gov.it/10590/,True,200,https://creafuturo.crea.gov.it/10590/,,Cibo che si (r)innova/10: uva da tavola senza semi italiana | CREA futuro,http,2026-09-07T16:54:40.401550+00:00
Carlo Bergamini,CREA plant-IP catalog,webResearchSources,https://innovazioni.crea.gov.it/download/2024__Catalogo_PI_CREA_Aggiornamento3.pdf,True,200,https://innovazioni.crea.gov.it/download/2024__Catalogo_PI_CREA_Aggiornamento3.pdf,,,http,2026-09-07T16:54:25.506477+00:00
Z. Zankov,Parent evidence,candidateParentEvidenceUrl,https://old-2014-2020.greece-bulgaria.eu/gallery/Files/PROJECT%20DELIVERABLES/VineSOS/D_4_3_3_Ampelographic-book_BG_EN.pdf,True,200,https://old-2014-2020.greece-bulgaria.eu/gallery/Files/PROJECT%20DELIVERABLES/VineSOS/D_4_3_3_Ampelographic-book_BG_EN.pdf,,,http,2026-09-07T16:54:33.730415+00:00
Z. Zankov,OIV historical breeding record,webResearchSources,https://pandor.u-bourgogne.fr/pleade/functions/ead/detached/BOIV/BOIV_1981_07-08_n605-n606.pdf,True,200,https://pandor.u-bourgogne.fr/pleade/functions/ead/detached/BOIV/BOIV_1981_07-08_n605-n606.pdf,,,http,2026-09-07T16:54:33.987264+00:00
Angelo Minguzzi,Primary contact,primaryContactUrl,https://www.ufficiocamerale.it/3560/minguzzi-angelo,True,403,https://www.ufficiocamerale.it/3560/minguzzi-angelo,Automated access was blocked or temporarily unavailable; source requires manual browser review.,,manual_browser_required,2026-09-07T16:54:32.637660+00:00
Angelo Minguzzi,Protected-variety holder list,webResearchSources,https://www.aragon.es/documents/20127/29807078/26-11-2021%2BListado%2Bde%2Bvariedades%2Bincluidas%2Ben%2Bel%2BRegistro%2Bde%2BVariedades%2BProtegidas%2B%28nacional%2By%2Beuropeo%29.pdf/3ac63592-2fea-2c20-5fbc-1d59a4f1bc5a?t=1637923343275,True,200,https://www.aragon.es/documents/20127/29807078/26-11-2021%2BListado%2Bde%2Bvariedades%2Bincluidas%2Ben%2Bel%2BRegistro%2Bde%2BVariedades%2BProtegidas%2B%28nacional%2By%2Beuropeo%29.pdf/3ac63592-2fea-2c20-5fbc-1d59a4f1bc5a?t=1637923343275,,,http,2026-09-07T16:54:34.517491+00:00
Angelo Minguzzi,Official AL119 maintainer record,webResearchSources,https://portal.nebih.gov.hu/documents/10182/725497/hatalapZ-GY-D-GY190220.pdf/77f0b8d4-283f-ffac-5e13-8c7d0ccebd42,True,200,https://portal.nebih.gov.hu/documents/10182/725497/hatalapZ-GY-D-GY190220.pdf/77f0b8d4-283f-ffac-5e13-8c7d0ccebd42,,,http,2026-09-07T16:54:35.505943+00:00
Angelo Minguzzi,Albinova exclusive-license report,webResearchSources,https://agronotizie.imagelinenetwork.com/agronomia/2015/07/22/albinovasupsup-l-albicocca-dal-gusto-unico/45105,True,200,https://agronotizie.imagelinenetwork.com/agronomia/2015/07/22/albinovasupsup-l-albicocca-dal-gusto-unico/45105,,"Albinova*, l'albicocca dal gusto unico - Agronomia - AgroNotizie",http,2026-09-07T16:54:34.596470+00:00
Rusticas del Guadalquivir S.L.,Primary contact,primaryContactUrl,https://royal.es/contactar-con-royal/,True,200,https://royal.es/contactar-con-royal/,,Contactar - Royal,http,2026-09-07T16:54:02.774330+00:00
Rusticas del Guadalquivir S.L.,Royal breeding program,webResearchSources,https://royal.es/investigacion-royal/,True,200,https://royal.es/investigacion-royal/,,Investigación - Royal,http,2026-09-07T16:54:04.021898+00:00
Rusticas del Guadalquivir S.L.,Royal leadership,webResearchSources,https://royal.es/equipo/,True,200,https://royal.es/equipo/,,Equipo - Royal,http,2026-09-07T16:54:04.652721+00:00
Rusticas del Guadalquivir S.L.,Spanish variety bulletin,webResearchSources,https://www.mapa.gob.es/dam/mapa/contenido/agricultura/temas/medios-de-produccion/semillas-y-plantas-de-vivero/registro-de-variedades/boletines/boletines-bimensuales/bolrvp-12025_-0.pdf,True,200,https://www.mapa.gob.es/dam/mapa/contenido/agricultura/temas/medios-de-produccion/semillas-y-plantas-de-vivero/registro-de-variedades/boletines/boletines-bimensuales/bolrvp-12025_-0.pdf,,,http,2026-09-07T16:54:04.470994+00:00
Nova Siri Genetics S.r.l.,Primary contact,primaryContactUrl,https://www.novasirigenetics.com/contatti/,True,200,https://www.novasirigenetics.com/contatti/,,Contatti &#8211; Nova Siri Genetics,http,2026-09-07T16:54:10.124645+00:00
Nova Siri Genetics S.r.l.,Research program and breeder role,webResearchSources,https://www.novasirigenetics.com/2026/04/08/innovazione-varietale-e-filiera-al-centro-del-quinto-open-day/,True,200,https://www.novasirigenetics.com/2026/04/08/innovazione-varietale-e-filiera-al-centro-del-quinto-open-day/,,Innovazione varietale e filiera al centro del quinto Open Day &#8211; Nova Siri Genetics,http,2026-09-07T16:54:10.328621+00:00
Nova Siri Genetics S.r.l.,Melissa patent,webResearchSources,https://patentimages.storage.googleapis.com/c5/3a/64/0d59a6e06c8bf5/US20160029528P1.pdf,True,200,https://patentimages.storage.googleapis.com/c5/3a/64/0d59a6e06c8bf5/US20160029528P1.pdf,,,http,2026-09-07T16:54:08.129432+00:00
Gradilis Holding SAS,Primary contact,primaryContactUrl,https://gradilis.com/mentions-legales/,True,200,https://gradilis.com/mentions-legales/,,Mentions légales | Gradilis,http,2026-09-07T16:54:21.366548+00:00
Gradilis Holding SAS,Gradisca assignment chain,webResearchSources,https://patents.google.com/patent/USPP30008P3/en,True,200,https://patents.google.com/patent/USPP30008P3/en,,USPP30008P3 - Apple tree named ‘Gradisca’ - Google Patents,http,2026-09-07T16:54:18.709774+00:00
Gradilis Holding SAS,Current Canadian holder,webResearchSources,https://active.inspection.gc.ca/english/plaveg/pbrpov/cropreport/app/app00012957e.shtml,True,200,https://active.inspection.gc.ca/english/plaveg/pbrpov/cropreport/app/app00012957e.shtml,,Canadian Food Inspection Agency - Gradisca,http,2026-09-07T16:54:18.962848+00:00
Institute of Experimental Botany Apple Breeding,Primary contact,primaryContactUrl,https://applebreeding.ueb.cas.cz/team/,True,200,https://applebreeding.ueb.cas.cz/team/,,Team - Station of Apple Breeding for Disease Resistance,http,2026-09-07T16:54:05.662524+00:00
Institute of Experimental Botany Apple Breeding,Program history,webResearchSources,https://applebreeding.ueb.cas.cz/about/,True,200,https://applebreeding.ueb.cas.cz/about/,,About - Station of Apple Breeding for Disease Resistance,http,2026-09-07T16:54:06.282133+00:00
Institute of Experimental Botany Apple Breeding,Institute-assigned patent,webResearchSources,https://patents.google.com/patent/USPP15963P2/en,True,200,https://patents.google.com/patent/USPP15963P2/en,,USPP15963P2 - Apple tree named ‘UEB 3264/2’ - Google Patents,http,2026-09-07T16:54:04.879125+00:00
University of Minnesota Fruit Breeding,Primary contact,primaryContactUrl,https://license.umn.edu/product/minnesota-first-kiss-apple-mn55-variety,True,200,https://license.umn.edu/product/minnesota-first-kiss-apple-mn55-variety,,Available Technologies | Technology Commercialization,http,2026-09-07T16:54:06.543598+00:00
University of Minnesota Fruit Breeding,Jim Luby profile,webResearchSources,https://horticulture.umn.edu/people/jim-luby,True,200,https://horticulture.umn.edu/people/jim-luby,,Jim Luby | Department of Horticultural Science,http,2026-09-07T16:54:06.503684+00:00
University of Minnesota Fruit Breeding,Leadership succession,webResearchSources,https://msi.umn.edu/msi-news/msi-pi-matthew-clark-takes-helm-us-fruit-breeding-program,True,200,https://msi.umn.edu/msi-news/msi-pi-matthew-clark-takes-helm-us-fruit-breeding-program,,MSI PI Matthew Clark Takes Helm of U’s Fruit-Breeding Program | Minnesota Supercomputing Institute,http,2026-09-07T16:54:06.674386+00:00
ARO Volcani Citrus Breeding,Primary contact,primaryContactUrl,https://www.agri.gov.il/en/author/vhncarmivolcani-agri-gov-il,True,200,https://www.agri.gov.il/en/author/vhncarmivolcani-agri-gov-il,,"ניר כרמי, Author at Volcani Website",http,2026-09-07T16:54:07.844878+00:00
ARO Volcani Citrus Breeding,Citrus breeding program,webResearchSources,https://www.agri.gov.il/en/breeding-projects/citrus-breeding/,True,200,https://www.agri.gov.il/en/breeding-projects/citrus-breeding/,,Citrus - Volcani Website,http,2026-09-07T16:54:07.780482+00:00
M.M. Gryshko National Botanical Garden,Primary contact,primaryContactUrl,https://nbg.kyiv.ua/ua/contacts.html,True,200,https://nbg.kyiv.ua/ua/contacts.html,,Контакти,http,2026-09-07T16:54:18.487218+00:00
M.M. Gryshko National Botanical Garden,Department and staff,webResearchSources,https://www.old.nas.gov.ua/UA/Department/Pages/default.aspx?DepartmentID=0001507,True,200,https://www.old.nas.gov.ua/UA/Department/Pages/default.aspx?DepartmentID=0001507,,Сайт підрозділу,http,2026-09-07T16:54:18.293808+00:00
M.M. Gryshko National Botanical Garden,Ukraine variety bulletin,webResearchSources,https://sops.gov.ua/uploads/page/buleten/2022/2022.5.pdf,True,200,https://sops.gov.ua/uploads/page/buleten/2022/2022.5.pdf,,,http,2026-09-07T16:54:20.096553+00:00
IMIDA Fruit Breeding,Primary contact,primaryContactUrl,https://www.imida.es/contacto,True,200,https://validate.perfdrive.com/?ssa=79f4ee70-f5ae-4cbf-819c-dd53bc5d6b78&ssb=10633214053&ssc=https%3A%2F%2Fwww.imida.es%2Fcontacto&ssi=bd9d0a4a-dhsu-4b75-a2e8-8fde029def7f&ssk=botmanager_support@radware.com&ssm=63982371748298223101501762844914&ssn=79e315b068102e6ec887972343aaf76beafe9789ff15-576d-4ca5-b0d2bf&sso=ef883a1f-99fb56abc2fbdef39a60574dc07a9745286133ad85978d7f&ssp=79240714661788859184178889990298818&ssq=03433700005905274963000059201419873185921&ssr=NTcuMTUxLjEyOS4zOQ==&sst=Mozilla/5.0%20(Windows%20NT%2010.0;%20Win64;%20x64)&ssu=&ssv=&ssw=&ssx=eyJfX3V6bWYiOiI3ZjkwMDA5Nzg5ZmYxNS01NzZkLTRjYTUtYmExZi05OWZiNTZhYmMyZmIxLTE3ODg4MDAwNTkyMDEwLTAwMzg0N2ZiMjczMjZmMTM1NzkxMCIsInV6bXgiOiI3ZmMwMDA5MTY5MzE4OS0yMDliLTQ1MDMtYTdkYS1hMTA1NjE3OWU2NjExLTE3ODg4MDAwNTkyMDEwLTAwNDdkMWY3MTBmNDk1YjkwY2IxMCIsInJkIjoiaW1pZGEuZXMifQ==,,Radware Captcha Page,http,2026-09-07T16:54:19.514455+00:00
IMIDA Fruit Breeding,Active fruit breeding project,webResearchSources,https://www.imida.es/-/mg-frutales,True,200,https://validate.perfdrive.com/?ssa=1d83d673-ff83-4fc4-92a4-de98191e706b&ssb=10633214053&ssc=https%3A%2F%2Fwww.imida.es%2F-%2Fmg-frutales&ssi=6a65cf92-dhsu-4db7-8657-f1a77ad4b93a&ssk=botmanager_support@radware.com&ssm=63982371748298223101501762844914&ssn=79e315b06824feae6f1276234e2df76beafee517ecaa-6720-4eba-90d2bf&sso=ef883bb8-8f04ba6e8b93def39a60a67c74c25186826c52d885978d7f&ssp=79240714661788859184178889990298818&ssq=03433700005905274963000059201419873185921&ssr=NTcuMTUxLjEyOS4zOQ==&sst=Mozilla/5.0%20(Windows%20NT%2010.0;%20Win64;%20x64)&ssu=&ssv=&ssw=&ssx=eyJfX3V6bWYiOiI3ZjkwMDBlNTE3ZWNhYS02NzIwLTRlYmEtOWJiOC04ZjA0YmE2ZThiOTMxLTE3ODg4MDAwNTkyODcwLTAwMzM1MzBmOTkxYTdiM2YyODMxMCIsInV6bXgiOiI3ZmMwMDBmYjM3NWExNS1hYjQxLTRjYmYtYjhlYi03YmU3MjQ5OWZlYjQxLTE3ODg4MDAwNTkyODcwLTAwNGU2M2FlNzM0NjZmZThhYmYxMCIsInJkIjoiaW1pZGEuZXMifQ==,,Radware Captcha Page,http,2026-09-07T16:54:19.586093+00:00
IMIDA Fruit Breeding,Spanish title grants,webResearchSources,https://www.boe.es/diario_boe/txt.php?id=BOE-A-2021-11659,True,200,https://www.boe.es/diario_boe/txt.php?id=BOE-A-2021-11659,,"BOE-A-2021-11659 Orden APA/736/2021, de 30 de junio, por la que se dispone la concesión de títulos de obtención vegetal en el Registro de Variedades Protegidas.",http,2026-09-07T16:54:19.910319+00:00
Splendor Produce,Primary contact,primaryContactUrl,https://splendorproduce.com/actualmente/,True,200,https://splendorproduce.com/actualmente/,,Actualmente - Splendor Produce,http,2026-09-07T16:54:16.035581+00:00
Splendor Produce,Moroccan PBR bulletin,webResearchSources,https://www.onssa.gov.ma/wp-content/uploads/2025/06/bulletin-protection-n43-avril-2025-onssa-dcsp.pdf,False,,https://www.onssa.gov.ma/wp-content/uploads/2025/06/bulletin-protection-n43-avril-2025-onssa-dcsp.pdf,URLError: <urlopen error [Errno 111] Connection refused>,,http,2026-09-07T16:53:32.730344+00:00
COTEVISA,Primary contact,primaryContactUrl,https://www.cotevisa.es/,True,200,https://www.cotevisa.es/,,Cultivo in vitro en Valencia | COTEVISA,http,2026-09-07T16:54:25.339613+00:00
COTEVISA,Spanish Ministry entity record,webResearchSources,https://servicio.mapa.gob.es/germenwai/DetalleEntidad.aspx?IDSolicitante=100678&id=es,True,200,https://servicio.mapa.gob.es/germenwai/DetalleEntidad.aspx?IDSolicitante=100678&id=es,,[Catálogos nacionales y comunitarios] - Agricultura - mapa.gob.es,http,2026-09-07T16:54:26.312744+00:00
Sino-NZ Innovation Limited,Primary contact,primaryContactUrl,https://www.snzi.kiwi/contact,True,200,https://www.snzi.kiwi/contact,,Contact SNZI,http,2026-09-07T16:54:25.643578+00:00
Sino-NZ Innovation Limited,SNZI acquisition and portfolio review,webResearchSources,https://www.snzi.kiwi/about,True,200,https://www.snzi.kiwi/about,,About Sino-NZ Innovation (SNZI),http,2026-09-07T16:54:25.751351+00:00
Sino-NZ Innovation Limited,Skelton A19 prior assignment,webResearchSources,https://patents.google.com/patent/USPP20671P3/en,True,200,https://patents.google.com/patent/USPP20671P3/en,,USPP20671P3 - Kiwi plant named ‘Skelton A19’ - Google Patents,http,2026-09-07T16:54:25.873783+00:00
Feno Scarl,Primary contact,primaryContactUrl,https://feno.it/en/contacts/,True,200,https://www.feno.it/en/contacts/,,Contacts | Feno Srl,http,2026-09-07T16:54:23.187853+00:00
Feno Scarl,Canadian Fengapi holder record,webResearchSources,https://active.inspection.gc.ca/english/plaveg/pbrpov/cropreport/app/app00011956e.shtml,True,200,https://active.inspection.gc.ca/english/plaveg/pbrpov/cropreport/app/app00011956e.shtml,,Canadian Food Inspection Agency - Fengapi,http,2026-09-07T16:54:21.697140+00:00
Feno Scarl,Fengapi patent assignment,webResearchSources,https://patents.google.com/patent/USPP30863,True,200,https://patents.google.com/patent/USPP30863,,USPP30863P2 - Apple tree named ‘Fengapi’ - Google Patents,http,2026-09-07T16:54:21.782318+00:00
Berryneo S.L.,Primary contact,primaryContactUrl,https://www.berryneo.com/contacto/,True,200,https://www.berryneo.com/contacto/,,Contacto - Berryum,http,2026-09-07T16:54:24.523912+00:00
Berryneo S.L.,Contact source,contactSourceUrl,https://www.berryneo.com/en/legal-notice/,True,200,https://www.berryneo.com/en/legal-notice/,,Legal Notice - Berryum,http,2026-09-07T16:54:24.350394+00:00
Berryneo S.L.,Berryneo varieties,webResearchSources,https://www.berryneo.com/en/varieties-berryum/,True,200,https://www.berryneo.com/en/varieties-berryum/,,Varieties BerrYum - Berryum,http,2026-09-07T16:54:24.226469+00:00
Berryneo S.L.,Moroccan PBR bulletin,webResearchSources,https://www.onssa.gov.ma/wp-content/uploads/2025/12/bulletin-protection-n44-septembre-2025-onssa-dcsp.pdf,False,,https://www.onssa.gov.ma/wp-content/uploads/2025/12/bulletin-protection-n44-septembre-2025-onssa-dcsp.pdf,URLError: <urlopen error [Errno 111] Connection refused>,,http,2026-09-07T16:54:21.926561+00:00
Escande Breeding Group,Primary contact,primaryContactUrl,https://www.pepinieres-escande.com/contact/,True,200,https://www.pepinieres-escande.com/contact/,,06 Contact &#8211; Pépinières Escande,http,2026-09-07T16:54:29.924659+00:00
Escande Breeding Group,Trademark evidence,trademarkEvidenceUrl,https://euipo.europa.eu/eSearch/#details/trademarks/015034242,True,200,https://euipo.europa.eu/eSearch/#details/trademarks/015034242,,EUIPO - eSearch,http,2026-09-07T16:54:30.592836+00:00
Escande Breeding Group,Escande official site,webResearchSources,https://www.pepinieres-escande.com/,True,200,https://www.pepinieres-escande.com/,,Pépinières Escande,http,2026-09-07T16:54:29.947384+00:00
Escande Breeding Group,Official breeder and maintainer record,webResearchSources,https://www.legifrance.gouv.fr/jorf/id/JORFTEXT000035505478,True,403,https://www.legifrance.gouv.fr/jorf/id/JORFTEXT000035505478,Automated access was blocked or temporarily unavailable; source requires manual browser review.,,manual_browser_required,2026-09-07T16:54:29.965382+00:00
Maria Francesca Cardone,Primary contact,primaryContactUrl,https://creafuturo.crea.gov.it/10590/,True,200,https://creafuturo.crea.gov.it/10590/,,Cibo che si (r)innova/10: uva da tavola senza semi italiana | CREA futuro,http,2026-09-07T16:54:40.401550+00:00
Maria Francesca Cardone,Contact source,contactSourceUrl,https://www.crea.gov.it/web/viticoltura-e-enologia/-/workshop-ricerca-e-innovazione-per-l-uva-da-tavola-ad-alto-contenuto-di-servizio-progetto-pofacs?inheritRedirect=true&redirect=%2Fricerca2%3Fdelta1%3D50%26delta%3D10%26q%3Detichetta%2Bnutrizionale%2Bguida%2Balla%2Blettura%26start1%3D355%26start%3D24,True,403,https://www.crea.gov.it/web/viticoltura-e-enologia/-/workshop-ricerca-e-innovazione-per-l-uva-da-tavola-ad-alto-contenuto-di-servizio-progetto-pofacs?inheritRedirect=true&redirect=%2Fricerca2%3Fdelta1%3D50%26delta%3D10%26q%3Detichetta%2Bnutrizionale%2Bguida%2Balla%2Blettura%26start1%3D355%26start%3D24,Automated access was blocked or temporarily unavailable; source requires manual browser review.,,manual_browser_required,2026-09-07T16:54:33.587379+00:00
Maria Francesca Cardone,Official CREA plant intellectual-property catalog,webResearchSources,https://innovazioni.crea.gov.it/download/2024__Catalogo_PI_CREA_Aggiornamento3.pdf,True,200,https://innovazioni.crea.gov.it/download/2024__Catalogo_PI_CREA_Aggiornamento3.pdf,,,http,2026-09-07T16:54:25.506477+00:00
R. Gabriel,Primary contact,primaryContactUrl,https://www.oblueberry.com/our-team/,True,200,https://www.oblueberry.com/our-team/,,Our Team | Oregon Blueberry,http,2026-09-07T16:53:27.697505+00:00
R. Gabriel,Contact source,contactSourceUrl,https://www.oblueberry.com/wp-content/uploads/2024/12/OB_Catalog24-25_web.pdf,True,200,https://www.oblueberry.com/wp-content/uploads/2024/12/OB_Catalog24-25_web.pdf,,,http,2026-09-07T16:54:33.443930+00:00
R. Gabriel,CFIA PBR record for OBF0604 / MegasBlue,webResearchSources,https://active.inspection.gc.ca/english/plaveg/pbrpov/cropreport/bl/app00009564e.shtml,True,200,https://active.inspection.gc.ca/english/plaveg/pbrpov/cropreport/bl/app00009564e.shtml,,Canadian Food Inspection Agency - OBF0604,http,2026-09-07T16:54:33.720643+00:00
R. Gabriel,U.S. plant patent for OBF0604,webResearchSources,https://patents.google.com/patent/USPP26796P2/en,True,200,https://patents.google.com/patent/USPP26796P2/en,,USPP26796P2 - Blueberry plant named ‘OBF0604’ - Google Patents,http,2026-09-07T16:54:33.829405+00:00
Kim Du-Yong,Official Korea Seed and Variety Service portal,webResearchSources,https://www.seed.go.kr/seed/index.do,True,200,https://www.seed.go.kr/seed/index.do,,국립종자원,http,2026-09-07T16:54:35.735520+00:00
Alexandre Grard,Primary contact,primaryContactUrl,https://gradilis.com/gradilis-holding-2/,True,200,https://gradilis.com/gradilis-holding-2/,,GRADILIS Holding | Gradilis,http,2026-09-07T16:54:38.554476+00:00
Alexandre Grard,Contact source,contactSourceUrl,https://gradilis.com/mentions-legales/,True,200,https://gradilis.com/mentions-legales/,,Mentions légales | Gradilis,http,2026-09-07T16:54:21.366548+00:00
Alexandre Grard,U.S. Gradisca patent assignment history,webResearchSources,https://patents.google.com/patent/USPP30008P3/en,True,200,https://patents.google.com/patent/USPP30008P3/en,,USPP30008P3 - Apple tree named ‘Gradisca’ - Google Patents,http,2026-09-07T16:54:18.709774+00:00
Alexandre Grard,CFIA Gradisca PBR record naming current holder,webResearchSources,https://active.inspection.gc.ca/english/plaveg/pbrpov/cropreport/app/app00012957e.shtml,True,200,https://active.inspection.gc.ca/english/plaveg/pbrpov/cropreport/app/app00012957e.shtml,,Canadian Food Inspection Agency - Gradisca,http,2026-09-07T16:54:18.962848+00:00
Isobe Akira,Primary contact,primaryContactUrl,https://www.pref.kumamoto.jp/soshiki/75/50244.html,True,200,https://www.pref.kumamoto.jp/soshiki/75/50244.html,,果樹研究所 - 熊本県ホームページ,http,2026-09-07T16:54:36.408020+00:00
Isobe Akira,Official MAFF variety record for Hinoasuka,webResearchSources,https://www.hinshu2.maff.go.jp/vips/cmm/apCMM112.aspx?LANGUAGE=Japanese&TOUROKU_NO=12296,True,200,https://www.hinshu2.maff.go.jp/vips/cmm/apCMM112.aspx?LANGUAGE=Japanese&TOUROKU_NO=12296,,品種登録迅速化総合電子化システム,http,2026-09-07T16:54:34.396488+00:00
Isobe Akira,Official Kumamoto propagation policy for prefecture-bred protected varieties,webResearchSources,https://www.pref.kumamoto.jp/uploaded/life/225411_629100_misc.pdf,True,200,https://www.pref.kumamoto.jp/uploaded/life/225411_629100_misc.pdf,,,http,2026-09-07T16:54:36.402779+00:00
Kenneth Rayner,Contact source,contactSourceUrl,https://www.ipaustralia.gov.au/tools-and-research/professional-resources/ip-rights-journals/~/-/media/Project/IPA/IPAustralia/PDF/PBR-Journals/Volume-25-Number-4.pdf,True,200,https://www.ipaustralia.gov.au/tools-and-research/professional-resources/ip-rights-journals/~/-/media/Project/IPA/IPAustralia/PDF/PBR-Journals/Volume-25-Number-4.pdf,,,http,2026-09-07T16:54:36.063055+00:00
Kenneth Rayner,Official IP Australia PBR journal listing Rayner applications,webResearchSources,https://www.ipaustralia.gov.au/tools-and-research/professional-resources/ip-rights-journals/~/-/media/Project/IPA/IPAustralia/PDF/PBR-Journals/Volume-20-Number-2.pdf?rev=4cca3613c7374c28998150f20bf06136,True,200,https://www.ipaustralia.gov.au/tools-and-research/professional-resources/ip-rights-journals/~/-/media/Project/IPA/IPAustralia/PDF/PBR-Journals/Volume-20-Number-2.pdf?rev=4cca3613c7374c28998150f20bf06136,,,http,2026-09-07T16:54:36.285873+00:00
Kenneth Rayner,U.S. patent application for RA/17,webResearchSources,https://patents.google.com/patent/US20160242333P1/en,True,200,https://patents.google.com/patent/US20160242333P1/en,,US20160242333P1 - Mango tree named &#39;RA/17&#39; - Google Patents,http,2026-09-07T16:54:34.814983+00:00
Kenneth Rayner,Northern Territory Farmers profile of the retired breeder,webResearchSources,https://ntfarmers.org.au/rounding-out-another-successful-year-of-the-ken-rayneragriculture-scholarship/,True,200,https://ntfarmers.org.au/rounding-out-another-successful-year-of-the-ken-rayneragriculture-scholarship/,,Rounding out another successful year of the Ken Rayner Agriculture Scholarship - NT Farmers,http,2026-09-07T16:54:38.865127+00:00
Smaal Andre,Primary contact,primaryContactUrl,https://www.hydrangeabreeders.nl/,True,200,https://hydrangeabreeders.nl/,,Homepage - Hydrangea Breeders Association,http,2026-09-07T16:54:39.329310+00:00
Smaal Andre,Contact source,contactSourceUrl,https://static.messe-essen-digitalmedia.de/uploads/E501/aka/ipm-essen-products-and-innovations-en.pdf,True,200,https://static.messe-essen-digitalmedia.de/uploads/E501/aka/ipm-essen-products-and-innovations-en.pdf,,,http,2026-09-07T16:54:36.777997+00:00
Smaal Andre,U.S. plant patent for Advaberimar,webResearchSources,https://patents.google.com/patent/USPP23916P2/en,True,200,https://patents.google.com/patent/USPP23916P2/en,,USPP23916P2 - Raspberry plant named ‘Advaberimar’ - Google Patents,http,2026-09-07T16:54:36.291430+00:00
Smaal Andre,Official ONSSA PBR bulletin recording assignment to Allberry,webResearchSources,https://www.onssa.gov.ma/wp-content/uploads/2022/11/bulletin-protection-n37-avril-2022-onssa-dcsp.pdf,False,,https://www.onssa.gov.ma/wp-content/uploads/2022/11/bulletin-protection-n37-avril-2022-onssa-dcsp.pdf,URLError: <urlopen error [Errno 111] Connection refused>,,http,2026-09-07T16:54:36.812022+00:00
Dan E. Parfitt,Primary contact,primaryContactUrl,https://www.plantsciences.ucdavis.edu/people/dan-parfitt,True,403,https://www.plantsciences.ucdavis.edu/people/dan-parfitt,Automated access was blocked or temporarily unavailable; source requires manual browser review.,,manual_browser_required,2026-09-07T16:54:36.581874+00:00
Dan E. Parfitt,Official UC Davis tree-variety licensing program,webResearchSources,https://research.ucdavis.edu/industry-support/plant-variety-licensing-program/tree-varieties-program/,True,200,https://research.ucdavis.edu/industry-support/plant-variety-licensing-program/tree-varieties-program/,,Tree Licensing Program - Office of Research,http,2026-09-07T16:54:36.974564+00:00
Dan E. Parfitt,Official UC Davis pistachio program succession announcement,webResearchSources,https://agriculture.ucdavis.edu/news/gift-extends-uc-davis-pistachio-research-search-new-scions-rootstocks,True,403,https://agriculture.ucdavis.edu/news/gift-extends-uc-davis-pistachio-research-search-new-scions-rootstocks,Automated access was blocked or temporarily unavailable; source requires manual browser review.,,manual_browser_required,2026-09-07T16:54:36.538306+00:00
Fred B. Guillemet,Primary contact,primaryContactUrl,https://techpartnerships.ucr.edu/ip,True,200,https://techpartnerships.ucr.edu/ip,,Intellectual Property Protection &amp; Licensing | Innovation &amp; Entrepreneurship,http,2026-09-07T16:54:36.698106+00:00
Fred B. Guillemet,U.S. plant patent for Thomas naming the Regents as assignee,webResearchSources,https://patents.google.com/patent/USPP6628P/en,True,200,https://patents.google.com/patent/USPP6628P/en,,USPP6628P - Avocado tree called Thomas - Google Patents,http,2026-09-07T16:54:36.818055+00:00
Fred B. Guillemet,California Avocado Society research paper identifying Guillemet's UCR role,webResearchSources,https://www.avocadosource.com/CAS_Yearbooks/CAS_72_1988/CAS_1988_PG_133-138.pdf,True,200,https://www.avocadosource.com/CAS_Yearbooks/CAS_72_1988/CAS_1988_PG_133-138.pdf,,,http,2026-09-07T16:54:37.735024+00:00
Roe Bill,Primary contact,primaryContactUrl,https://search.sunbiz.org/Inquiry/corporationsearch/SearchResultDetail?aggregateId=flal-l12000026374-43e46ace-61be-4085-b4bd-f96f0d0c7e28&directionType=PreviousList&inquirytype=EntityName&listNameOrder=GJH+L120000263740&searchNameOrder=GJH+L120000263740&searchTerm=GJI+LEASING+LLC,True,403,https://search.sunbiz.org/Inquiry/corporationsearch/SearchResultDetail?aggregateId=flal-l12000026374-43e46ace-61be-4085-b4bd-f96f0d0c7e28&directionType=PreviousList&inquirytype=EntityName&listNameOrder=GJH+L120000263740&searchNameOrder=GJH+L120000263740&searchTerm=GJI+LEASING+LLC,Automated access was blocked or temporarily unavailable; source requires manual browser review.,,manual_browser_required,2026-09-07T16:54:36.844656+00:00
Roe Bill,U.S. plant patent for WG32,webResearchSources,https://patents.google.com/patent/USPP27440P3/en,True,200,https://patents.google.com/patent/USPP27440P3/en,,USPP27440P3 - Tangerine tree named ‘WG32’ - Google Patents,http,2026-09-07T16:54:37.038462+00:00
Roe Bill,Official South African gazette listing GJH citrus applications,webResearchSources,https://www.gov.za/sites/default/files/gcis_document/201911/42849gon1491.pdf,True,200,https://www.gov.za/sites/default/files/gcis_document/201911/42849gon1491.pdf,,,http,2026-09-07T16:54:39.759067+00:00
Daryl Somers,Primary contact,primaryContactUrl,https://ca.linkedin.com/in/daryl-somers-55a21720,True,syntax checked,https://ca.linkedin.com/in/daryl-somers-55a21720,,,manual_browser_required,2026-09-07T16:54:36.844707+00:00
Daryl Somers,Contact source,contactSourceUrl,https://journals.ashs.org/jashs/downloadpdf/view/journals/jashs/147/4/article-p216.pdf,True,200,https://journals.ashs.org/jashs/downloadpdf/view/journals/jashs/147/4/article-p216.pdf,,jashs,http,2026-09-07T16:54:37.665305+00:00
Daryl Somers,CFIA PBR record for VDG001,webResearchSources,https://active.inspection.gc.ca/english/plaveg/pbrpov/cropreport/gra/app00009313e.shtml,True,200,https://active.inspection.gc.ca/english/plaveg/pbrpov/cropreport/gra/app00009313e.shtml,,Canadian Food Inspection Agency - VDG001,http,2026-09-07T16:54:37.241136+00:00
Daryl Somers,U.S. plant patent for VDG002,webResearchSources,https://patents.justia.com/patent/PP26123,True,403,https://patents.justia.com/patent/PP26123,Automated access was blocked or temporarily unavailable; source requires manual browser review.,,manual_browser_required,2026-09-07T16:54:37.104636+00:00
Rallo Romero Luis,Primary contact,primaryContactUrl,https://www.uco.es/organiza/departamentos/agronomia/es/luis-rallo-romero,True,200,https://www.uco.es/organiza/departamentos/agronomia/es/luis-rallo-romero,,Luís Rallo Romero,http,2026-09-07T16:53:39.556612+00:00
Rallo Romero Luis,Official UCOLIVO breeding-program site and public contact,webResearchSources,https://www.uco.es/ucolivo/home/,True,200,https://www.uco.es/ucolivo/home/,,Redirigiendo...,http,2026-09-07T16:53:45.486581+00:00
Rallo Romero Luis,U.S. I77 plant patent naming Todolivo as assignee,webResearchSources,https://patents.google.com/patent/USPP36687P2/en,True,200,https://patents.google.com/patent/USPP36687P2/en,,USPP36687P2 - Olive tree named ‘I 77’ - Google Patents,http,2026-09-07T16:54:37.331799+00:00
Trapero Ramírez Carlos,Primary contact,primaryContactUrl,https://www.uco.es/organiza/departamentos/agronomia/en/trapero-martinez-en,True,200,https://www.uco.es/organiza/departamentos/agronomia/en/trapero-martinez-en,,Carlos Trapero Ramírez,http,2026-09-07T16:54:38.178525+00:00
Trapero Ramírez Carlos,Contact source,contactSourceUrl,https://www.uco.es/ucolivo/home/,True,200,https://www.uco.es/ucolivo/home/,,Redirigiendo...,http,2026-09-07T16:53:45.486581+00:00
Trapero Ramírez Carlos,U.S. I77 plant patent naming Todolivo as assignee,webResearchSources,https://patents.google.com/patent/USPP36687P2/en,True,200,https://patents.google.com/patent/USPP36687P2/en,,USPP36687P2 - Olive tree named ‘I 77’ - Google Patents,http,2026-09-07T16:54:37.331799+00:00
Valverde Caballero Pedro,Primary contact,primaryContactUrl,https://www.uco.es/organiza/departamentos/agronomia/es/pedro-valverde-caballero,True,200,https://www.uco.es/organiza/departamentos/agronomia/es/pedro-valverde-caballero,,Pedro Valverde Caballero,http,2026-09-07T16:53:45.567782+00:00
Valverde Caballero Pedro,Official UCOLIVO breeding-program site and public contact,webResearchSources,https://www.uco.es/ucolivo/home/,True,200,https://www.uco.es/ucolivo/home/,,Redirigiendo...,http,2026-09-07T16:53:45.486581+00:00
Valverde Caballero Pedro,U.S. I77 plant patent naming Todolivo as assignee,webResearchSources,https://patents.google.com/patent/USPP36687P2/en,True,200,https://patents.google.com/patent/USPP36687P2/en,,USPP36687P2 - Olive tree named ‘I 77’ - Google Patents,http,2026-09-07T16:54:37.331799+00:00
Angel A. Gargiulo,Parent evidence,candidateParentEvidenceUrl,https://patents.justia.com/inventor/angel-a-gargiulo,True,403,https://patents.justia.com/inventor/angel-a-gargiulo,Automated access was blocked or temporarily unavailable; source requires manual browser review.,,manual_browser_required,2026-09-07T16:54:37.400429+00:00
Angel A. Gargiulo,U.S. plant patent and assignment history for 90-3437,webResearchSources,https://patents.google.com/patent/USPP18226P3/en,True,200,https://patents.google.com/patent/USPP18226P3/en,,USPP18226P3 - Grapevine ‘90-3437’ - Google Patents,http,2026-09-07T16:54:37.647131+00:00
Angel A. Gargiulo,U.S. plant patent and assignment history for Black Globe,webResearchSources,https://patents.google.com/patent/USPP17875P3/en,True,200,https://patents.google.com/patent/USPP17875P3/en,,USPP17875P3 - Grapevine denominated ‘Black Globe’ - Google Patents,http,2026-09-07T16:54:37.915987+00:00
Nemesio Gomez Martin,MAPA 2023 PBR applications,webResearchSources,https://www.mapa.gob.es/ministerio/pags/Biblioteca/Revistas/pdf_RVP/BOL.RVP.4-%28agosto%29.pdf,True,200,https://www.mapa.gob.es/ministerio/pags/Biblioteca/Revistas/pdf_RVP/BOL.RVP.4-%28agosto%29.pdf,,,http,2026-09-07T16:54:39.272110+00:00
Nemesio Gomez Martin,MAPA October 2025 PBR bulletin,webResearchSources,https://www.mapa.gob.es/dam/mapa/contenido/agricultura/temas/medios-de-produccion/semillas-y-plantas-de-vivero/registro-de-variedades/boletines/boletines-bimensuales/bol-rvp-5-2025.pdf,True,200,https://www.mapa.gob.es/dam/mapa/contenido/agricultura/temas/medios-de-produccion/semillas-y-plantas-de-vivero/registro-de-variedades/boletines/boletines-bimensuales/bol-rvp-5-2025.pdf,,,http,2026-09-07T16:54:39.382194+00:00
Nemesio Gomez Martin,Official commercial-register notice,webResearchSources,https://www.boe.es/borme/dias/2019/10/02/pdfs/BORME-A-2019-189-21.pdf,True,200,https://www.boe.es/borme/dias/2019/10/02/pdfs/BORME-A-2019-189-21.pdf,,,http,2026-09-07T16:54:39.055958+00:00
Moises D. Gonzalez,Primary contact,primaryContactUrl,https://www.driscolls.com/about/Contact-Us,True,200,https://www.driscolls.com/about/Contact-Us,,Contact Us,http,2026-09-07T16:53:50.653536+00:00
Moises D. Gonzalez,Parent evidence,candidateParentEvidenceUrl,https://patents.google.com/patent/USPP31850P2/en,True,200,https://patents.google.com/patent/USPP31850P2/en,,USPP31850P2 - Raspberry plant named ‘DrisRaspFourteen’ - Google Patents,http,2026-09-07T16:54:38.451638+00:00
Moises D. Gonzalez,Driscoll's headquarters statement,webResearchSources,https://www.driscolls.com/about/Careers/Why-Work-Here,True,200,https://www.driscolls.com/about/Careers/Why-Work-Here,,Why Work Here,http,2026-09-07T16:54:38.820231+00:00
M. Stefanini,Primary contact,primaryContactUrl,https://cri.fmach.it/en/Innovations/Varieta2/IASMA-ECO-3-R.N.V.V.-nr.482,True,200,https://cri.fmach.it/en/Innovations/Varieta2/IASMA-ECO-3-R.N.V.V.-nr.482,,IASMA ECO 3 (R.N.V.V. nr.482) / Varietà / Innovations / CRI - Fondazione E. Mach - Fondazione Edmund Mach,http,2026-09-07T16:54:40.170624+00:00
M. Stefanini,IASMA ECO 3 patent,webResearchSources,https://patents.google.com/patent/USPP27979P3/en,True,200,https://patents.google.com/patent/USPP27979P3/en,,USPP27979P3 - Grapevine named ‘IASMA ECO 3’ - Google Patents,http,2026-09-07T16:54:39.057265+00:00
M. Stefanini,Fondazione Edmund Mach breeding unit,webResearchSources,https://cri.fmach.it/en/Research-activity/Research-Unit/Grapevine-Physiology-and-Breeding/%28people%29/12,True,200,https://cri.fmach.it/en/Research-activity/Research-Unit/Grapevine-Physiology-and-Breeding/%28people%29/12,,Grapevine Physiology and Breeding / Research Unit / Research activity / CRI - Fondazione E. Mach - Fondazione Edmund Mach,http,2026-09-07T16:54:40.065252+00:00
Joseph Rullo,Nadia patent,webResearchSources,https://patents.google.com/patent/USPP19842P3/en,True,200,https://patents.google.com/patent/USPP19842P3/en,,USPP19842P3 - Plum×cherry interspecific hybrid tree named ‘Nadia’ - Google Patents,http,2026-09-07T16:54:39.272597+00:00
Joseph Rullo,JT1 patent,webResearchSources,https://patents.google.com/patent/USPP34814P2/en,True,200,https://patents.google.com/patent/USPP34814P2/en,,USPP34814P2 - Sweet cherry tree named ‘JT1’ - Google Patents,http,2026-09-07T16:54:39.292961+00:00
Joseph Rullo,IP Australia Rullo Special PBR journal,webResearchSources,https://www.ipaustralia.gov.au/tools-and-research/professional-resources/ip-rights-journals/~/-/media/Project/IPA/IPAustralia/PDF/PBR-Journals/Volume-24-Number-1.pdf,True,200,https://www.ipaustralia.gov.au/tools-and-research/professional-resources/ip-rights-journals/~/-/media/Project/IPA/IPAustralia/PDF/PBR-Journals/Volume-24-Number-1.pdf,,,http,2026-09-07T16:54:40.911001+00:00
Stefano Foschi,Primary contact,primaryContactUrl,https://rinova.eu/it/rinovalab/attivita-laboratori/laboratori-verdi/,True,200,https://rinova.eu/it/rinovalab/attivita-laboratori/laboratori-verdi/,,Laboratori verdi,http,2026-09-07T16:54:40.163173+00:00
Stefano Foschi,Government variety-application list,webResearchSources,https://www.aragon.es/documents/20127/29807078/26-11-2021%2BListado%2Brecopilatorio%2Bde%2Bvariedades%2Bfrutales%2Bsolicitadas%2Bpara%2Bincluir%2Ben%2Blos%2BRegistros.pdf/de0d3c3b-4abf-9f72-e53e-62074aff0bfd?t=1637923374359,True,200,https://www.aragon.es/documents/20127/29807078/26-11-2021%2BListado%2Brecopilatorio%2Bde%2Bvariedades%2Bfrutales%2Bsolicitadas%2Bpara%2Bincluir%2Ben%2Blos%2BRegistros.pdf/de0d3c3b-4abf-9f72-e53e-62074aff0bfd?t=1637923374359,,,http,2026-09-07T16:54:40.406602+00:00
Stefano Foschi,Ri.Nova legal succession report,webResearchSources,https://rinova.eu/media/4ocpsyzq/relazione_assemblea_2021.pdf,True,200,https://rinova.eu/media/4ocpsyzq/relazione_assemblea_2021.pdf,,,http,2026-09-07T16:54:41.019339+00:00
Yamane Takayoshi,Primary contact,primaryContactUrl,https://prd.form.naro.go.jp/form/pub/naro01/hinshu,True,200,https://prd.form.naro.go.jp/form/pub/naro01/hinshu,,品種についてのお問い合わせ | 農研機構,http,2026-09-07T16:54:20.932346+00:00
Yamane Takayoshi,Contact source,contactSourceUrl,https://www.naro.go.jp/english/research-programs/files/b8239160b4aaadbcc3e289030357a70f.pdf,True,200,https://www.naro.go.jp/english/research-programs/files/b8239160b4aaadbcc3e289030357a70f.pdf,,,http,2026-09-07T16:54:40.535743+00:00
Yamane Takayoshi,J-GLOBAL researcher record,webResearchSources,https://jglobal.jst.go.jp/en/detail?JGLOBAL_ID=200901091274018953,True,503,https://jglobal.jst.go.jp/en/detail?JGLOBAL_ID=200901091274018953,Automated access was blocked or temporarily unavailable; source requires manual browser review.,,manual_browser_required,2026-09-07T16:54:40.155645+00:00
Yamane Takayoshi,NARO Sakuhime cultivar paper,webResearchSources,https://repository.naro.go.jp/record/2430/files/02_FTTS2019.pdf,True,200,https://nrjjxl1nnwb4.compat.objectstorage.ap-tokyo-1.oraclecloud.com/contents/repository_naro_go_jp/87/0c/fb63-125d-493c-a46e-28aa9c4c8d36/data?response-content-type=application%2Foctet-stream&response-content-disposition=attachment%3B%20filename%3D02_FTTS2019.pdf&X-Amz-Algorithm=AWS4-HMAC-SHA256&X-Amz-Credential=2933d73c5ea35b566afd770d1a6af5c853196a77%2F20260907%2Fap-tokyo-1%2Fs3%2Faws4_request&X-Amz-Date=20260907T165440Z&X-Amz-Expires=60&X-Amz-SignedHeaders=host&X-Amz-Signature=94df64a2b74605bac76f239c51541e8e033e1889e2c2fba4e06a25c364c0b9ad,,,http,2026-09-07T16:54:42.556083+00:00
Yamane Takayoshi,NARO variety licensing procedure,webResearchSources,https://www.naro.go.jp/english/research-programs/industry-academia-government/license/index.html,True,200,https://www.naro.go.jp/english/research-programs/industry-academia-government/license/index.html,,English:Licensing procedure for propagation for private cultivation of registered variety bred by NARO (For farmers) | 農研機構,http,2026-09-07T16:53:51.608684+00:00
Andreas Peil,Primary contact,primaryContactUrl,https://www.julius-kuehn.de/zo/personal/p/andreas-peil,True,200,https://www.julius-kuehn.de/zo/personal/p/andreas-peil,,JKI: Dr. Andreas Peil,http,2026-09-07T16:54:41.020734+00:00
Andreas Peil,Pia41 patent,webResearchSources,https://patents.justia.com/patent/PP35813,True,403,https://patents.justia.com/patent/PP35813,Automated access was blocked or temporarily unavailable; source requires manual browser review.,,manual_browser_required,2026-09-07T16:54:40.232892+00:00
Andreas Peil,JKI Pia41 PBR announcement,webResearchSources,https://www.julius-kuehn.de/media/Presse_PI/2023/PDF/PI2023-10_PIA41_erh%C3%A4lt_Sortenschutz.pdf,True,200,https://www.julius-kuehn.de/media/Presse_PI/2023/PDF/PI2023-10_PIA41_erh%C3%A4lt_Sortenschutz.pdf,,,http,2026-09-07T16:54:42.123609+00:00
Graham Clarkson,Primary contact,primaryContactUrl,https://www.edwardvinson.co.uk/,True,200,https://www.edwardvinson.co.uk/,,Home - Edward Vinson Ltd&reg;,http,2026-09-07T16:53:07.411234+00:00
Graham Clarkson,Breeding-director profile,webResearchSources,https://apgc.org.uk/dr-graham-clarkson-director-of-breeding-edward-vinson-ltd/,True,200,https://apgc.org.uk/dr-graham-clarkson-director-of-breeding-edward-vinson-ltd/,,"Dr Graham Clarkson, Director of Breeding, Edward Vinson Ltd. - Advanced Plant Growth Centre",http,2026-09-07T16:54:45.421717+00:00
Graham Clarkson,Edward Vinson PGP182 patent,webResearchSources,https://patents.justia.com/patent/PP37208,True,403,https://patents.justia.com/patent/PP37208,Automated access was blocked or temporarily unavailable; source requires manual browser review.,,manual_browser_required,2026-09-07T16:54:40.470657+00:00
Harvey K. Hall,Primary contact,primaryContactUrl,https://www.companyhub.nz/companyDetails.cfm?nzbn=9429034116364,True,403,https://www.companyhub.nz/companyDetails.cfm?nzbn=9429034116364,Automated access was blocked or temporarily unavailable; source requires manual browser review.,,manual_browser_required,2026-09-07T16:54:40.473994+00:00
Harvey K. Hall,Historical Tadmor patent,webResearchSources,https://patentimages.storage.googleapis.com/4b/68/dd/f0e369abef33bb/USPP14036.pdf,True,200,https://patentimages.storage.googleapis.com/4b/68/dd/f0e369abef33bb/USPP14036.pdf,,,http,2026-09-07T16:54:40.769756+00:00
Harvey K. Hall,Shekinah Tahi patent,webResearchSources,https://patents.google.com/patent/US20250107474P1/en,True,200,https://patents.google.com/patent/US20250107474P1/en,,US20250107474P1 - Black raspberry plant named &#39;shekinah tahi&#39; - Google Patents,http,2026-09-07T16:54:40.715873+00:00
Shiohara Masumi,Primary contact,primaryContactUrl,https://www.masumishiohara.com/,True,200,https://www.masumishiohara.com/,,Masumi Shiohara | Cultivated Botanical Works,http,2026-09-07T16:54:40.893063+00:00
Shiohara Masumi,MAFF Rabery registration,webResearchSources,https://www.hinshu2.maff.go.jp/vips/cmm/apCMM112.aspx?LANGUAGE=Japanese&TOUROKU_NO=29264,True,200,https://www.hinshu2.maff.go.jp/vips/cmm/apCMM112.aspx?LANGUAGE=Japanese&TOUROKU_NO=29264,,品種登録迅速化総合電子化システム,http,2026-09-07T16:54:41.272391+00:00
Shiohara Masumi,MAFF Labered registration,webResearchSources,https://www.hinshu2.maff.go.jp/vips/cmm/apCMM112.aspx?LANGUAGE=Japanese&TOUROKU_NO=28888,True,200,https://www.hinshu2.maff.go.jp/vips/cmm/apCMM112.aspx?LANGUAGE=Japanese&TOUROKU_NO=28888,,品種登録迅速化総合電子化システム,http,2026-09-07T16:54:41.331570+00:00
Ali A. Almehdi,Primary contact,primaryContactUrl,https://research.ucdavis.edu/industry-support/plant-variety-licensing-program/,True,200,https://research.ucdavis.edu/industry-support/plant-variety-licensing-program/,,Plant Variety Licensing Program - Office of Research,http,2026-09-07T16:53:14.966984+00:00
Ali A. Almehdi,Parent evidence,candidateParentEvidenceUrl,https://epakag.ucdavis.edu/treecrops/factsheets/fs-citrus-irr-scheduling.pdf,True,200,https://epakag.ucdavis.edu/treecrops/factsheets/fs-citrus-irr-scheduling.pdf,,,http,2026-09-07T16:54:41.204662+00:00
Ali A. Almehdi,HBOK 27 patent assignments,webResearchSources,https://patents.google.com/patent/USPP23631P2/en,True,200,https://patents.google.com/patent/USPP23631P2/en,,USPP23631P2 - Peach rootstock ‘HBOK 27’ - Google Patents,http,2026-09-07T16:54:41.188326+00:00
Ali A. Almehdi,UC Davis tree-variety licensing,webResearchSources,https://research.ucdavis.edu/industry-support/plant-variety-licensing-program/tree-varieties-program/,True,200,https://research.ucdavis.edu/industry-support/plant-variety-licensing-program/tree-varieties-program/,,Tree Licensing Program - Office of Research,http,2026-09-07T16:54:36.974564+00:00
Ozawa Toshiharu,Primary contact,primaryContactUrl,https://www.pref.yamanashi.jp/kajushiken/103_025.html,True,200,https://www.pref.yamanashi.jp/kajushiken/103_025.html,,山梨県／果樹試験場へのお問い合わせ・アクセス,http,2026-09-07T16:54:43.086515+00:00
Ozawa Toshiharu,Parent evidence,candidateParentEvidenceUrl,https://www.naro.go.jp/collab/breed/0400/0411/001287.html,True,200,https://www.naro.go.jp/collab/breed/0400/0411/001287.html,,ダークリッジ | 農研機構,http,2026-09-07T16:54:41.641198+00:00
Ozawa Toshiharu,MAFF Yamanashi cultivar registration,webResearchSources,https://www.hinshu2.maff.go.jp/gazette/touroku/contents/158touroku.html,True,200,https://www.hinshu2.maff.go.jp/gazette/touroku/contents/158touroku.html,,_ѐYȕio^z[y[W,http,2026-09-07T16:54:42.173453+00:00
Fil`ov Viachesla Vasyl`ovych,Primary contact,primaryContactUrl,https://agro.snau.edu.ua/wp-content/uploads/2025/01/%D0%94%D0%9E%D0%92%D0%86%D0%94%D0%9D%D0%98%D0%9A-%D0%A1.%D0%93._2019-2.pdf,True,200,https://agro.snau.edu.ua/wp-content/uploads/2025/01/%D0%94%D0%9E%D0%92%D0%86%D0%94%D0%9D%D0%98%D0%9A-%D0%A1.%D0%93._2019-2.pdf,,,http,2026-09-07T16:54:43.061058+00:00
Fil`ov Viachesla Vasyl`ovych,Parent evidence,candidateParentEvidenceUrl,https://nrat.ukrintei.ua/searchdoc/0213U000817,True,200,https://nrat.ukrintei.ua/searchdoc/0213U000817/,,Відбір високопродуктивних сорто-підщепних комбінувань яблуні на вегетативно розмножуваних підщепах української селекції для зони північно-східного Лісостепу і Полісся України - Звіт по науково-дослідній роботі - Чухіль Сергій Миколайович | Національний репозитарій академічних текстів,http,2026-09-07T16:54:44.644894+00:00
Fil`ov Viachesla Vasyl`ovych,Ukrainian state variety bulletin,webResearchSources,https://sops.gov.ua/uploads/page/5a81a7349b037.pdf,True,200,https://sops.gov.ua/uploads/page/5a81a7349b037.pdf,,,http,2026-09-07T16:54:44.608367+00:00
Fil`ov Viachesla Vasyl`ovych,Public 2020 director record,webResearchSources,https://www.cvk.gov.ua/pls/vm2020/pvm066pt001f01%3D695pt00_t001f01%3D695pid102%3D2956pf7691%3D63936pt004f01%3D2rej%3D0.html,True,200,https://www.cvk.gov.ua/pls/vm2020/pvm066pt001f01%3D695pt00_t001f01%3D695pid102%3D2956pf7691%3D63936pt004f01%3D2rej%3D0.html,,"- WWW ""̳ 2020""",http,2026-09-07T16:54:42.514303+00:00
Okada Kazuma,Primary contact,primaryContactUrl,https://prd.form.naro.go.jp/form/pub/naro01/hinshu,True,200,https://prd.form.naro.go.jp/form/pub/naro01/hinshu,,品種についてのお問い合わせ | 農研機構,http,2026-09-07T16:54:20.932346+00:00
Okada Kazuma,Contact source,contactSourceUrl,https://www.naro.go.jp/english/research-programs/files/b8239160b4aaadbcc3e289030357a70f.pdf,True,200,https://www.naro.go.jp/english/research-programs/files/b8239160b4aaadbcc3e289030357a70f.pdf,,,http,2026-09-07T16:54:40.535743+00:00
Okada Kazuma,J-GLOBAL researcher record,webResearchSources,https://jglobal.jst.go.jp/en/public/201601015648943084,True,503,https://jglobal.jst.go.jp/en/public/201601015648943084,Automated access was blocked or temporarily unavailable; source requires manual browser review.,,manual_browser_required,2026-09-07T16:54:42.547747+00:00
Okada Kazuma,NARO Rose Pearl cultivar paper,webResearchSources,https://www.naro.go.jp/publicity_report/publication/files/nifts_report01-3.pdf,True,200,https://www.naro.go.jp/publicity_report/publication/files/nifts_report01-3.pdf,,,http,2026-09-07T16:54:44.173441+00:00
Okada Kazuma,NARO variety licensing procedure,webResearchSources,https://www.naro.go.jp/english/research-programs/industry-academia-government/license/index.html,True,200,https://www.naro.go.jp/english/research-programs/industry-academia-government/license/index.html,,English:Licensing procedure for propagation for private cultivation of registered variety bred by NARO (For farmers) | 農研機構,http,2026-09-07T16:53:51.608684+00:00
Kozma Pal,Primary contact,primaryContactUrl,https://szbki.pte.hu/genbank,True,200,https://szbki.pte.hu/genbank,,Génbank | szbki.pte.hu,http,2026-09-07T16:54:43.517565+00:00
Kozma Pal,University of Pecs breeding event,webResearchSources,https://pte.hu/hu/esemeny/borbemutato-az-uj-innovativ-betegseg-ellenallo-szolofajtaibol-es-fajtajeloltjeibol,True,200,https://pte.hu/hu/esemeny/borbemutato-az-uj-innovativ-betegseg-ellenallo-szolofajtaibol-es-fajtajeloltjeibol,,Borbemutató az új innovatív betegség ellenálló szőlőfajtáiból és fajtajelöltjeiből,http,2026-09-07T16:54:44.207642+00:00
Kozma Pal,University of Pecs institute profile,webResearchSources,https://szbki.pte.hu/hir/summa-szakma-talalkozohelye,True,200,https://szbki.pte.hu/hir/summa-szakma-talalkozohelye,,"SUMMA, a szakma találkozóhelye | szbki.pte.hu",http,2026-09-07T16:54:43.886370+00:00
Szabo Andor,Primary contact,primaryContactUrl,https://projects.pte.hu/en/taxonomy/term/63,True,200,https://projects.pte.hu/en/taxonomy/term/63,,Viticulture and Enology Research Institute | University of Pécs,http,2026-09-07T16:54:44.619771+00:00
Szabo Andor,NÉBIH official variety committee record naming breeder shares and the Pécs applicant/maintainer,webResearchSources,https://portal.nebih.gov.hu/documents/10182/101115/hatalapGY081208.pdf/c08932f0-3d16-467d-840a-92e0475a9262,True,200,https://portal.nebih.gov.hu/documents/10182/101115/hatalapGY081208.pdf/c08932f0-3d16-467d-840a-92e0475a9262,,,http,2026-09-07T16:54:44.222012+00:00
Szabo Andor,Croatian Ministry of Agriculture report identifying Szabó's Pécs institute role in 2014,webResearchSources,https://savjetodavna.mps.hr/2014/09/24/dani-gospodarstva-i-kulture-madara-u-republici-hrvatskoj/,True,200,https://savjetodavna.mps.hr/2014/09/24/dani-gospodarstva-i-kulture-madara-u-republici-hrvatskoj/?doing_wp_cron=1788800085.1498498916625976562500,,Dani gospodarstva i kulture Mađara u Republici Hrvatskoj | Savjetodavna,http,2026-09-07T16:54:47.789269+00:00
Moriya Shigeki,Primary contact,primaryContactUrl,https://www.naro.go.jp/english/research-programs/industry-academia-government/license/index.html,True,200,https://www.naro.go.jp/english/research-programs/industry-academia-government/license/index.html,,English:Licensing procedure for propagation for private cultivation of registered variety bred by NARO (For farmers) | 農研機構,http,2026-09-07T16:53:51.608684+00:00
Moriya Shigeki,Parent evidence,candidateParentEvidenceUrl,https://jglobal.jst.go.jp/en/public/200901097206964431,True,503,https://jglobal.jst.go.jp/en/public/200901097206964431,Automated access was blocked or temporarily unavailable; source requires manual browser review.,,manual_browser_required,2026-09-07T16:54:44.255708+00:00
Moriya Shigeki,NARO Research Report for the apple cultivar Kinshu,webResearchSources,https://www.jstage.jst.go.jp/article/naroj/2023/16/2023_29/_html/-char/en,True,200,https://www.jstage.jst.go.jp/article/naroj/2023/16/2023_29/_html/-char/en,,New apple cultivar ‘Kinshu’,http,2026-09-07T16:54:45.230445+00:00
Alan C. Tenscher,Primary contact,primaryContactUrl,https://www.bftv.ucdavis.edu/people/61/25,True,403,https://www.bftv.ucdavis.edu/people/61/25,Automated access was blocked or temporarily unavailable; source requires manual browser review.,,manual_browser_required,2026-09-07T16:54:46.538942+00:00
Alan C. Tenscher,"USPTO plant patent record for Paseante Noir, including Regents assignment",webResearchSources,https://patents.google.com/patent/USPP33039P2/en,True,200,https://patents.google.com/patent/USPP33039P2/en,,USPP33039P2 - Grapevine plant named ‘Paseante Noir’ - Google Patents,http,2026-09-07T16:54:44.503330+00:00
Alan C. Tenscher,UC Davis 2022 Andrew Walker event listing Tenscher as a consultant,webResearchSources,https://wineserver.ucdavis.edu/events/honoring-andy-walker,True,403,https://wineserver.ucdavis.edu/events/honoring-andy-walker,Automated access was blocked or temporarily unavailable; source requires manual browser review.,,manual_browser_required,2026-09-07T16:54:44.319294+00:00
Nakajima Naoko,Primary contact,primaryContactUrl,https://www.naro.go.jp/english/research-programs/industry-academia-government/license/index.html,True,200,https://www.naro.go.jp/english/research-programs/industry-academia-government/license/index.html,,English:Licensing procedure for propagation for private cultivation of registered variety bred by NARO (For farmers) | 農研機構,http,2026-09-07T16:53:51.608684+00:00
Nakajima Naoko,Parent evidence,candidateParentEvidenceUrl,https://www.jstage.jst.go.jp/article/jafps/46/4/46_155/_pdf/-char/en,True,200,https://www.jstage.jst.go.jp/article/jafps/46/4/46_155/_pdf/-char/en,,,http,2026-09-07T16:54:46.005374+00:00
Nakajima Naoko,MAFF official registration for citrus cultivar ASUMI,webResearchSources,https://www.hinshu2.maff.go.jp/vips/cmm/apCMM112.aspx?LANGUAGE=English&TOUROKU_NO=23723,True,200,https://www.hinshu2.maff.go.jp/vips/cmm/apCMM112.aspx?LANGUAGE=English&TOUROKU_NO=23723,,品種登録迅速化総合電子化システム,http,2026-09-07T16:54:17.275524+00:00
Nakajima Naoko,NARO research report for the citrus cultivar Aurastar,webResearchSources,https://www.jstage.jst.go.jp/article/naroj/2021/7/2021_0/_pdf,True,200,https://www.jstage.jst.go.jp/article/naroj/2021/7/2021_0/_pdf,,,http,2026-09-07T16:54:46.428609+00:00
Kawahito Shigeru,Primary contact,primaryContactUrl,https://www.hinshu2.maff.go.jp/vips/cmm/apCMM112.aspx?LANGUAGE=Japanese&TOUROKU_NO=19734,True,200,https://www.hinshu2.maff.go.jp/vips/cmm/apCMM112.aspx?LANGUAGE=Japanese&TOUROKU_NO=19734,,品種登録迅速化総合電子化システム,http,2026-09-07T16:54:45.164021+00:00
Kawahito Shigeru,Parent evidence,candidateParentEvidenceUrl,https://www.hinshu2.maff.go.jp/gazette/touroku/contents/269gaiyou.pdf,True,200,https://www.hinshu2.maff.go.jp/gazette/touroku/contents/269gaiyou.pdf,,,http,2026-09-07T16:54:45.896317+00:00
Kawahito Shigeru,China Ministry of Agriculture official PBR grant list naming MIB001 owner and breeders,webResearchSources,https://zys.moa.gov.cn/gsgg/201912/P020191231646641698156.pdf,True,200,https://zys.moa.gov.cn/gsgg/201912/P020191231646641698156.pdf,,,http,2026-09-07T16:54:46.394998+00:00
Hinga D. Marsh,Primary contact,primaryContactUrl,https://www.plantandfood.com/en-nz/contact-us,True,200,https://www.plantandfood.com/en-nz/contact-us,,Contact us · Plant &amp; Food Research,http,2026-09-07T16:54:45.503200+00:00
Hinga D. Marsh,Parent evidence,candidateParentEvidenceUrl,https://link.springer.com/article/10.1186/1471-2164-14-28,True,200,https://link.springer.com/article/10.1186/1471-2164-14-28?error=cookies_not_supported&code=f1eb3c20-cf8f-458a-8723-b1657060db04,,An R2R3 MYB transcription factor determines red petal colour in an Actinidia(kiwifruit) hybrid population | BMC Genomics | Springer Nature Link,http,2026-09-07T16:54:47.296953+00:00
Hinga D. Marsh,Hort16A US plant patent and assignment record,webResearchSources,https://patents.google.com/patent/USPP11066P/en,True,200,https://patents.google.com/patent/USPP11066P/en,,USPP11066P - Kiwi plant named `Hort16A` - Google Patents,http,2026-09-07T16:54:45.683792+00:00
Hinga D. Marsh,Plant & Food Research official locations and Te Puke site,webResearchSources,https://www.plantandfood.com/en-nz/locations/,True,200,https://www.plantandfood.com/en-nz/locations/,,Locations · Plant &amp; Food Research,http,2026-09-07T16:54:45.907570+00:00
Antonio Molina Gómez,Primary contact,primaryContactUrl,https://www.csic.es/es/el-csic/organizacion/institutos-centros-y-unidades/centro-de-edafologia-y-biologia-aplicada-del-segura,True,,https://www.csic.es/es/el-csic/organizacion/institutos-centros-y-unidades/centro-de-edafologia-y-biologia-aplicada-del-segura,Automated request timed out; source requires manual browser review.,,manual_browser_required,2026-09-07T16:54:48.961260+00:00
Antonio Molina Gómez,Parent evidence,candidateParentEvidenceUrl,https://cebasfruit.com/wp-content/uploads/2025/11/Mejora-genetica-experimentacion-y-gestion-de-obtenciones-vegetales-del-CEBAS-CSIC.pdf,True,200,https://cebasfruit.com/wp-content/uploads/2025/11/Mejora-genetica-experimentacion-y-gestion-de-obtenciones-vegetales-del-CEBAS-CSIC.pdf,,,http,2026-09-07T16:54:46.997842+00:00
Antonio Molina Gómez,Official Turkish PBR bulletin for CEBASRED naming both senior and junior breeders and CSIC as owner,webResearchSources,https://www.tarimorman.gov.tr/BUGEM/Belgeler/2024%20G%C3%BCbre%20Analizinde%20Yetkilendirilen%20Laboratuvarlar%20ve%20Referans%20Kurulu%C5%9Flar%C4%B1%20G%C3%BCncellenmi%C5%9Ftir/B%C3%9CGEM%20G%C3%9CBRE%20ANAL%C4%B0Z%20PROTOKOL%20DUYURUSU/Bitkisel%20%C3%9Cretim/Tohumculuk/Islah%C3%A7%C4%B1%20Haklar%C4%B1/bitki%20%C3%A7e%C5%9Fit%20b%C3%BCltenleri/Bulten_2026_2.pdf,True,200,https://www.tarimorman.gov.tr/BUGEM/Belgeler/2024%20G%C3%BCbre%20Analizinde%20Yetkilendirilen%20Laboratuvarlar%20ve%20Referans%20Kurulu%C5%9Flar%C4%B1%20G%C3%BCncellenmi%C5%9Ftir/B%C3%9CGEM%20G%C3%9CBRE%20ANAL%C4%B0Z%20PROTOKOL%20DUYURUSU/Bitkisel%20%C3%9Cretim/Tohumculuk/Islah%C3%A7%C4%B1%20Haklar%C4%B1/bitki%20%C3%A7e%C5%9Fit%20b%C3%BCltenleri/Bulten_2026_2.pdf,,,http,2026-09-07T16:54:49.867651+00:00
Jr. Frederick G. Gmitter,Primary contact,primaryContactUrl,https://directory.ifas.ufl.edu/searchdir?B2=Search&SearchEmp=gmitter&m=0&pageID=0&selectID=1,True,200,https://directory.ifas.ufl.edu/searchdir?B2=Search&SearchEmp=gmitter&m=0&pageID=0&selectID=1,,UF/IFAS Directory,http,2026-09-07T16:54:21.635295+00:00
Jr. Frederick G. Gmitter,UF/IFAS official citrus breeding program page,webResearchSources,https://programs.ifas.ufl.edu/plant-breeding/citrus/,True,200,https://programs.ifas.ufl.edu/plant-breeding/citrus/,,"Citrus - Plant Breeding Program - University of Florida - Institute of Food and Agricultural Sciences - University of Florida, Institute of Food and Agricultural Sciences - UF/IFAS",http,2026-09-07T16:54:46.494838+00:00
Jr. Frederick G. Gmitter,US plant patent for citrus cultivar 914 naming FFSP as applicant/assignee,webResearchSources,https://patents.google.com/patent/USPP26177P3/en,True,200,https://patents.google.com/patent/USPP26177P3/en,,USPP26177P3 - Pummelo grapefruit hybrid tree named ‘914’ - Google Patents,http,2026-09-07T16:54:46.246348+00:00
J.E.L. Cripps,Primary contact,primaryContactUrl,https://apal.org.au/news-and-resources/media-centre/,True,403,https://apal.org.au/news-and-resources/media-centre/,Automated access was blocked or temporarily unavailable; source requires manual browser review.,,manual_browser_required,2026-09-07T16:54:46.357432+00:00
J.E.L. Cripps,Trademark evidence,trademarkEvidenceUrl,https://apal.org.au/birth-apals-pink-lady-business/,True,403,https://apal.org.au/birth-apals-pink-lady-business/,Automated access was blocked or temporarily unavailable; source requires manual browser review.,,manual_browser_required,2026-09-07T16:54:46.419017+00:00
J.E.L. Cripps,Western Australian Museum biographical record and department career,webResearchSources,https://museum.wa.gov.au/welcomewalls/names/cripps-john-ernest-lane,True,200,https://museum.wa.gov.au/welcomewalls/names/cripps-john-ernest-lane,,"CRIPPS, John Ernest Lane | Welcome Walls | Western Australian Museum",http,2026-09-07T16:54:47.241658+00:00
J.E.L. Cripps,Western Australian government statement on state PVR and royalties,webResearchSources,https://www.wa.gov.au/government/media-statements/Court%20Coalition%20Government/NZ-obtains-plant-variety-rights-to-WA-apples-19930824,True,200,https://www.wa.gov.au/government/media-statements/Court%20Coalition%20Government/NZ-obtains-plant-variety-rights-to-WA-apples-19930824,,NZ obtains plant variety rights to WA apples | Western Australian Government,http,2026-09-07T16:54:47.567552+00:00
Apostol Janos,Primary contact,primaryContactUrl,https://kerteszettudomany.uni-mate.hu/en/cseresznye-fajtasorozat,True,200,https://kerteszettudomany.uni-mate.hu/en/cseresznye-fajtasorozat,,Cseresznye fajtasorozat - Kertészettudományi Intézet - MATE,http,2026-09-07T16:54:50.082983+00:00
Apostol Janos,Hungarian Intellectual Property Office award biography,webResearchSources,https://sztnh.gov.hu/akademiai-szabadalmi-nivodij,True,200,https://sztnh.gov.hu/akademiai-szabadalmi-nivodij,,Akadémiai-Szabadalmi Nívódíj | Szellemi Tulajdon Nemzeti Hivatala,http,2026-09-07T16:54:48.005381+00:00
Apostol Janos,NÉBIH official fruit-variety record naming breeder shares and applicant/maintainer,webResearchSources,https://portal.nebih.gov.hu/documents/10182/101115/hatgyum.pdf/893a6157-918f-4400-ade4-ae082c1803f7,True,200,https://portal.nebih.gov.hu/documents/10182/101115/hatgyum.pdf/893a6157-918f-4400-ade4-ae082c1803f7,,,http,2026-09-07T16:54:47.692009+00:00
Shiraishi Mikio,Primary contact,primaryContactUrl,https://www.farc.pref.fukuoka.jp/,True,200,https://www.farc.pref.fukuoka.jp/,,福岡県農林業総合試験場 | 福岡県農林業総合試験場は県農林業の振興に役立つ研究課題に取り組んでいます。,http,2026-09-07T16:54:48.858611+00:00
Shiraishi Mikio,J-GLOBAL profile for Mikio Shiraishi at the Fukuoka research center,webResearchSources,https://jglobal.jst.go.jp/detail?JGLOBAL_ID=200901064121157485,True,503,https://jglobal.jst.go.jp/detail?JGLOBAL_ID=200901064121157485,Automated access was blocked or temporarily unavailable; source requires manual browser review.,,manual_browser_required,2026-09-07T16:54:47.613250+00:00
Shiraishi Mikio,MAFF official registration for NARO-held Kishuu,webResearchSources,https://www.hinshu2.maff.go.jp/vips/cmm/apCMM112.aspx?LANGUAGE=Japanese&TOUROKU_NO=13540,True,200,https://www.hinshu2.maff.go.jp/vips/cmm/apCMM112.aspx?LANGUAGE=Japanese&TOUROKU_NO=13540,,品種登録迅速化総合電子化システム,http,2026-09-07T16:54:47.969150+00:00
Shiraishi Mikio,MAFF official registration for Fukuoka-held Suzuka,webResearchSources,https://www.hinshu2.maff.go.jp/vips/cmm/apCMM112.aspx?LANGUAGE=Japanese&TOUROKU_NO=25694,True,200,https://www.hinshu2.maff.go.jp/vips/cmm/apCMM112.aspx?LANGUAGE=Japanese&TOUROKU_NO=25694,,品種登録迅速化総合電子化システム,http,2026-09-07T16:54:48.119078+00:00
Caihong Zhong,Primary contact,primaryContactUrl,https://english.wbg.cas.cn/sourcedb/rckyw/Professor/202311/t20231103_546834.html,True,200,https://english.wbg.cas.cn/sourcedb/rckyw/Professor/202311/t20231103_546834.html,,Caihong Zhong Wuhan Botanical Garden The Chinese Academy of Sciences</< /,http,2026-09-07T16:54:49.132344+00:00
Caihong Zhong,Trademark evidence,trademarkEvidenceUrl,https://www.wbg.cas.cn/yyzxyxgs2024/yyzxyxgs-zjyyzx/,True,200,https://www.wbg.cas.cn/yyzxyxgs2024/yyzxyxgs-zjyyzx/,,中国科学院武汉植物园园艺中心有限公司,http,2026-09-07T16:54:49.212745+00:00
Caihong Zhong,Chinese Ministry of Agriculture official PVR grant record for Jinyuan,webResearchSources,https://www.nybkjfzzx.cn/p_pzbh/sub_ggxq.aspx?an=8615&t=grant,True,,https://www.nybkjfzzx.cn/p_pzbh/sub_ggxq.aspx?an=8615&t=grant,Automated request timed out; source requires manual browser review.,,manual_browser_required,2026-09-07T16:55:08.458568+00:00
Kitamura Hatsuyoshi,Primary contact,primaryContactUrl,https://www.pref.mie.lg.jp/nougi/hp/index.htm,True,200,https://www.pref.mie.lg.jp/nougi/hp/index.htm,,三重県｜農業研究所,http,2026-09-07T16:54:49.185727+00:00
Kitamura Hatsuyoshi,Parent evidence,candidateParentEvidenceUrl,https://adaptation-platform.nies.go.jp/en/articles/case_study/vol14_mie.html,True,200,https://adaptation-platform.nies.go.jp/en/articles/case_study/vol14_mie.html,,"“Kaorino,” ultra-early season strawberry resistant to anthracnose | Interview | Local Climate Change Adaptation | Climate Change Adaptation Information Platform (A-PLAT)",http,2026-09-07T16:54:49.300338+00:00
Kitamura Hatsuyoshi,MAFF official registration for Mie-held Kaorino,webResearchSources,https://www.hinshu2.maff.go.jp/vips/cmm/apCMM112.aspx?LANGUAGE=Japanese&TOUROKU_NO=19529,True,200,https://www.hinshu2.maff.go.jp/vips/cmm/apCMM112.aspx?LANGUAGE=Japanese&TOUROKU_NO=19529,,品種登録迅速化総合電子化システム,http,2026-09-07T16:54:48.682544+00:00
Kitamura Hatsuyoshi,MAFF official registration for jointly held Yotsuboshi,webResearchSources,https://www.hinshu2.maff.go.jp/vips/cmm/apCMM112.aspx?LANGUAGE=English&TOUROKU_NO=25605,True,200,https://www.hinshu2.maff.go.jp/vips/cmm/apCMM112.aspx?LANGUAGE=English&TOUROKU_NO=25605,,品種登録迅速化総合電子化システム,http,2026-09-07T16:54:16.961106+00:00
Nancy B. Lange,Primary contact,primaryContactUrl,https://rosyredvalencia.com/contact,True,200,https://rosyredvalencia.com/contact,,Contact Nancy Lange to learn more about Rosy Red Valencia&mdash;now available for commercial planting &mdash; Rosy Red Valencia,http,2026-09-07T16:54:49.284271+00:00
Nancy B. Lange,Parent evidence,candidateParentEvidenceUrl,https://patents.google.com/patent/USPP29706P3/en,True,200,https://patents.google.com/patent/USPP29706P3/en,,USPP29706P3 - Citrus tree named ‘Lange Rosy Red Valencia’ - Google Patents,http,2026-09-07T16:54:49.115996+00:00
Nancy B. Lange,Official Rosy Red Valencia biography and operating history,webResearchSources,https://rosyredvalencia.com/about-nancy,True,200,https://rosyredvalencia.com/about-nancy,,About Nancy Lange&mdash;Creator &amp; Grower of the patented Rosy Red Valencia &mdash; Rosy Red Valencia,http,2026-09-07T16:54:49.417729+00:00
Mirko Schuster,Primary contact,primaryContactUrl,https://www.julius-kuehn.de/en/zo/staff/p/mirko-schuster,True,200,https://www.julius-kuehn.de/404,,JKI: 404 - Seite nicht gefunden,http,2026-09-07T16:54:50.712244+00:00
Mirko Schuster,Canadian Food Inspection Agency PBR record for Areko,webResearchSources,https://active.inspection.gc.ca/english/plaveg/pbrpov/cropreport/che/app00011631e.shtml,True,200,https://active.inspection.gc.ca/english/plaveg/pbrpov/cropreport/che/app00011631e.shtml,,Canadian Food Inspection Agency - Areko,http,2026-09-07T16:54:49.539765+00:00
Mirko Schuster,JKI official Institute for Breeding Research on Fruit Crops page,webResearchSources,https://www.julius-kuehn.de/en/zo,True,200,https://www.julius-kuehn.de/en/zo,,JKI: Breeding Research on Fruit Crops,http,2026-09-07T16:54:50.091376+00:00
Zhengwang Jiang,Primary contact,primaryContactUrl,https://english.wbg.cas.cn/sourcedb/rckyw/Professor/202311/t20231103_546840.html,True,200,https://english.wbg.cas.cn/sourcedb/rckyw/Professor/202311/t20231103_546840.html,,Yanchang Wang Wuhan Botanical Garden The Chinese Academy of Sciences</< /,http,2026-09-07T16:54:33.013257+00:00
Zhengwang Jiang,WBG Jinyan cultivar publication,webResearchSources,https://english.wbg.cas.cn/sourcedb/lwkyw/202311/t20231103_548378.html,True,200,https://english.wbg.cas.cn/sourcedb/lwkyw/202311/t20231103_548378.html,,Wuhan Botanical Garden The Chinese Academy of Sciences</< /,http,2026-09-07T16:54:51.181997+00:00
Zhengwang Jiang,Jinyan release and rights history,webResearchSources,https://journals.ashs.org/downloadpdf/view/journals/hortsci/47/8/article-p1187.pdf?inlineView=true,True,200,https://journals.ashs.org/downloadpdf/view/journals/hortsci/47/8/article-p1187.pdf?inlineView=true,,hort,http,2026-09-07T16:54:49.757047+00:00
Summaira Riaz,Primary contact,primaryContactUrl,https://www.bftv.ucdavis.edu/people/61/25,True,403,https://www.bftv.ucdavis.edu/people/61/25,Automated access was blocked or temporarily unavailable; source requires manual browser review.,,manual_browser_required,2026-09-07T16:54:46.538942+00:00
Summaira Riaz,UC grape licensing program,webResearchSources,https://research.ucdavis.edu/industry-support/plant-variety-licensing-program/grape-licensing-program/,True,200,https://research.ucdavis.edu/industry-support/plant-variety-licensing-program/grape-licensing-program/,,Grape Licensing Program - Office of Research,http,2026-09-07T16:53:56.350978+00:00
Summaira Riaz,UC Davis cultivar release,webResearchSources,https://caes.ucdavis.edu/node/6911,True,403,https://caes.ucdavis.edu/node/6911,Automated access was blocked or temporarily unavailable; source requires manual browser review.,,manual_browser_required,2026-09-07T16:54:49.432504+00:00
Ninfa Romero,Primary contact,primaryContactUrl,https://www.bftv.ucdavis.edu/people/61/25,True,403,https://www.bftv.ucdavis.edu/people/61/25,Automated access was blocked or temporarily unavailable; source requires manual browser review.,,manual_browser_required,2026-09-07T16:54:46.538942+00:00
Ninfa Romero,UC grape licensing program,webResearchSources,https://research.ucdavis.edu/industry-support/plant-variety-licensing-program/grape-licensing-program/,True,200,https://research.ucdavis.edu/industry-support/plant-variety-licensing-program/grape-licensing-program/,,Grape Licensing Program - Office of Research,http,2026-09-07T16:53:56.350978+00:00
Ninfa Romero,UC Davis cultivar release,webResearchSources,https://caes.ucdavis.edu/node/6911,True,403,https://caes.ucdavis.edu/node/6911,Automated access was blocked or temporarily unavailable; source requires manual browser review.,,manual_browser_required,2026-09-07T16:54:49.432504+00:00
Efraim Yosef,Primary contact,primaryContactUrl,https://yosefsfarm.com/the-team/,True,200,https://yosefsfarm.com/the-team/,,The Team - Yosef&#039;s farm,http,2026-09-07T16:54:51.488598+00:00
Efraim Yosef,Efraim Yosef plant-patent portfolio,webResearchSources,https://patents.justia.com/inventor/efraim-yosef,True,403,https://patents.justia.com/inventor/efraim-yosef,Automated access was blocked or temporarily unavailable; source requires manual browser review.,,manual_browser_required,2026-09-07T16:54:49.498406+00:00
Efraim Yosef,Australian PBR journal identifying Peles titleholder,webResearchSources,https://www.ipaustralia.gov.au/tools-and-research/professional-resources/ip-rights-journals/~/-/media/Project/IPA/IPAustralia/PDF/PBR-Journals/Volume-32-Number-3.pdf?rev=da81db5a54d2487f90f098415aa8db2f,True,200,https://www.ipaustralia.gov.au/tools-and-research/professional-resources/ip-rights-journals/~/-/media/Project/IPA/IPAustralia/PDF/PBR-Journals/Volume-32-Number-3.pdf?rev=da81db5a54d2487f90f098415aa8db2f,,,http,2026-09-07T16:54:12.004340+00:00
Johann Du Preez,Primary contact,primaryContactUrl,https://www.citrogold.co.za/,True,,https://www.citrogold.co.za/,Automated TLS handshake failed; source requires manual browser review.,,manual_browser_required,2026-09-07T16:54:49.798058+00:00
Johann Du Preez,Israel Plant Breeders' Rights Gazette 106,webResearchSources,https://www.gov.il/BlobFolder/dynamiccollectorresultitem/israel_plant_breedersrights_gazette106/he/gazette_106new.pdf,True,200,https://www.gov.il/BlobFolder/dynamiccollectorresultitem/israel_plant_breedersrights_gazette106/he/gazette_106new.pdf,,,http,2026-09-07T16:54:51.455562+00:00
Johann Du Preez,National Mango Board breeding evaluation report,webResearchSources,https://www.mango.org/wp-content/uploads/2025/02/Mango_selection_Breeding_Phase_1_Dr_Crane_Final_ENG.pdf,True,200,https://www.mango.org/wp-content/uploads/2025/02/Mango_selection_Breeding_Phase_1_Dr_Crane_Final_ENG.pdf,,,http,2026-09-07T16:54:50.168784+00:00
Judith E. Johnson,Primary contact,primaryContactUrl,https://www.plantsciencesgenetics.com/about-us,True,200,https://www.plantsciencesgenetics.com/about-us,,Plant Sciences Genetics,http,2026-09-07T16:53:09.440884+00:00
Judith E. Johnson,HJ-7 U.S. plant patent and assignments,webResearchSources,https://patents.google.com/patent/USPP24298P3/en,True,200,https://patents.google.com/patent/USPP24298P3/en,,USPP24298P3 - Blackberry plant named ‘HJ-7’ - Google Patents,http,2026-09-07T16:54:49.998607+00:00
Judith E. Johnson,Australian PBR journal naming PSI and employee breeders,webResearchSources,https://beta.ipaustralia.gov.au/tools-and-research/professional-resources/ip-rights-journals/~/-/media/Project/IPA/IPAustralia/PDF/PBR-Journals/Volume-31-Number-4.pdf,True,200,https://www.ipaustralia.gov.au/tools-and-research/professional-resources/ip-rights-journals/~/-/media/Project/IPA/IPAustralia/PDF/PBR-Journals/Volume-31-Number-4.pdf,,,http,2026-09-07T16:54:52.227137+00:00
Moser Luciano,Primary contact,primaryContactUrl,https://www.crea.gov.it/web/olivicoltura-frutticoltura-e-agrumicoltura/dove-siamo1,True,200,https://www.crea.gov.it/web/olivicoltura-frutticoltura-e-agrumicoltura/dove-siamo1,,"Dove siamo - Olivicoltura, Frutticoltura e Agrumicoltura - CREA",http,2026-09-07T16:54:50.731608+00:00
Moser Luciano,Italian Ministry PBR bulletin,webResearchSources,https://www.masaf.gov.it/flex/cm/pages/ServeAttachment.php/L/IT/D/0%252F3%252Fe%252FD.a89b52e2be79eca6fad5/P/BLOB%3AID%3D1956/E/pdf?mode=download,True,200,https://www.masaf.gov.it/flex/cm/pages/ServeAttachment.php/L/IT/D/0%252F3%252Fe%252FD.a89b52e2be79eca6fad5/P/BLOB%3AID%3D1956/E/pdf?mode=download,,,http,2026-09-07T16:54:51.378128+00:00
Moser Luciano,Italian PBR bulletin 2/2010,webResearchSources,https://www.protezionedellepiante.it/wp-content/uploads/2020/02/bollettino_n_2_2010.pdf,True,200,https://www.protezionedellepiante.it/wp-content/uploads/2020/02/bollettino_n_2_2010.pdf,,,http,2026-09-07T16:54:51.205453+00:00
Moser Luciano,CREA-OFA institutional succession and contact,webResearchSources,https://www.crea.gov.it/web/olivicoltura-frutticoltura-e-agrumicoltura/aziende-sperimentali/-/asset_publisher/6Qckqpy9bYsS/content/fiorano-roma,True,200,https://www.crea.gov.it/web/olivicoltura-frutticoltura-e-agrumicoltura/aziende-sperimentali/-/asset_publisher/6Qckqpy9bYsS/content/fiorano-roma,,"Fiorano &#8211; Roma - Olivicoltura, Frutticoltura e Agrumicoltura - CREA",http,2026-09-07T16:54:52.044845+00:00
Siboni Adriana,Primary contact,primaryContactUrl,https://geoplantvivai.com/en/fruit-plant-producers/,True,200,https://geoplantvivai.com/en/fruit-plant-producers/,,Fruit Plant Producers | Geoplant Plant Nursery,http,2026-09-07T16:54:51.589591+00:00
Siboni Adriana,Geoplant official breeding history,webResearchSources,https://geoplantvivai.com/en/breeding/,True,200,https://geoplantvivai.com/en/breeding/,,Breeding | Geoplant Plant Nursery,http,2026-09-07T16:54:52.077779+00:00
Siboni Adriana,Official Asia NF421 cultivar page,webResearchSources,https://geoplantvivai.com/en/asia-strawberry-plants/,True,200,https://geoplantvivai.com/en/asia-strawberry-plants/,,Asia NF421* Strawberry Plant | Geoplant Plant Nursery,http,2026-09-07T16:54:52.118784+00:00
Gertrude Mayer,Primary contact,primaryContactUrl,https://www.weinobst.at/,True,200,https://www.weinobst.at/,,"Wein- und Obstbau, HBLA und Bundesamt für Wein- und Obstbau Klosterneuburg",http,2026-09-07T16:54:52.099736+00:00
Gertrude Mayer,Austrian Wine resistant-grape reference,webResearchSources,https://www.oesterreichwein.at/fileadmin/user_upload/PDF/Broschueren/2021_06_SU_EN_web.pdf,True,200,https://www.oesterreichwein.at/fileadmin/user_upload/PDF/Broschueren/2021_06_SU_EN_web.pdf,,,http,2026-09-07T16:54:53.154744+00:00
Gertrude Mayer,Primary winery report on Mayer-Weiss collaboration,webResearchSources,https://www.sonnenmulde.at/archiv/nachrichten/2010/02-17_piwi-rebsorten/,True,200,https://www.sonnenmulde.at/archiv/nachrichten/2010/02-17_piwi-rebsorten/,,Weingut Sonnenmulde :: PIWI Rebsorten,http,2026-09-07T16:54:53.166856+00:00
Charles A. Leslie,Primary contact,primaryContactUrl,https://research.ucdavis.edu/industry-support/plant-variety-licensing-program/tree-varieties-program/,True,200,https://research.ucdavis.edu/industry-support/plant-variety-licensing-program/tree-varieties-program/,,Tree Licensing Program - Office of Research,http,2026-09-07T16:54:36.974564+00:00
Charles A. Leslie,Durham walnut patent and assignment,webResearchSources,https://patents.google.com/patent/USPP28529P3/en,True,200,https://patents.google.com/patent/USPP28529P3/en,,USPP28529P3 - Walnut tree named ‘Durham’ - Google Patents,http,2026-09-07T16:54:51.714974+00:00
Charles A. Leslie,2025 UC walnut improvement report,webResearchSources,https://fruitsandnuts.ucdavis.edu/collaborators/california-walnut-board/reports/2025/walnut-improvement-program,True,403,https://fruitsandnuts.ucdavis.edu/collaborators/california-walnut-board/reports/2025/walnut-improvement-program,Automated access was blocked or temporarily unavailable; source requires manual browser review.,,manual_browser_required,2026-09-07T16:54:51.630638+00:00
Ueno Toshihito,Primary contact,primaryContactUrl,https://www.pref.yamanashi.jp/shisetsu/kajushiken/kajushiken.html,True,200,https://www.pref.yamanashi.jp/shisetsu/kajushiken/kajushiken.html,,山梨県／果樹試験場,http,2026-09-07T16:54:53.439970+00:00
Ueno Toshihito,MAFF Monde Briller registration,webResearchSources,https://www.hinshu2.maff.go.jp/vips/cmm/apCMM112.aspx?LANGUAGE=Japanese&TOUROKU_NO=24866,True,200,https://www.hinshu2.maff.go.jp/vips/cmm/apCMM112.aspx?LANGUAGE=Japanese&TOUROKU_NO=24866,,品種登録迅速化総合電子化システム,http,2026-09-07T16:54:52.305473+00:00
Ueno Toshihito,Sunny Heart patent naming NARO assignee,webResearchSources,https://patents.google.com/patent/USPP36345P2/en,True,200,https://patents.google.com/patent/USPP36345P2/en,,USPP36345P2 - Grapevine plant named ‘SUNNY HEART’ - Google Patents,http,2026-09-07T16:54:51.969881+00:00
Ueno Toshihito,NARO publication documenting Ueno affiliations,webResearchSources,https://www.jstage.jst.go.jp/article/naroj/2021/7/2021_47/_html/-char/en,True,200,https://www.jstage.jst.go.jp/article/naroj/2021/7/2021_47/_html/-char/en,,New Grape Cultivar ‘Grosz Krone’,http,2026-09-07T16:54:52.981611+00:00
Yoshinori Nakadaira,Primary contact,primaryContactUrl,https://store.shopping.yahoo.co.jp/nakahira/info.html,True,200,https://store.shopping.yahoo.co.jp/nakahira/info.html,,会社概要 - なかひら農場 - 通販 - Yahoo!ショッピング,http,2026-09-07T16:54:53.483439+00:00
Yoshinori Nakadaira,Australian PBR journal identifying individual title,webResearchSources,https://www.ipaustralia.gov.au/tools-and-research/professional-resources/ip-rights-journals/~/-/media/Project/IPA/IPAustralia/PDF/PBR-Journals/Volume-33-Number-3.pdf?rev=15e9cbfb501944ccade1671a72715cfe,True,200,https://www.ipaustralia.gov.au/tools-and-research/professional-resources/ip-rights-journals/~/-/media/Project/IPA/IPAustralia/PDF/PBR-Journals/Volume-33-Number-3.pdf?rev=15e9cbfb501944ccade1671a72715cfe,,,http,2026-09-07T16:54:53.815135+00:00
Yoshinori Nakadaira,Japan MAFF award profile for Nakahira Farm,webResearchSources,https://www.maff.go.jp/j/wpaper/w_maff/r6/r6_h/trend/part1/winner.html,True,200,https://www.maff.go.jp/j/wpaper/w_maff/r6/r6_h/trend/part1/winner.html,,農業・農村の活性化を目指して―令和6（2024）年度農林水産祭天皇杯等受賞者事例紹介―：農林水産省,http,2026-09-07T16:54:52.650208+00:00
Yoshinori Nakadaira,Nakahira Farm official profile,webResearchSources,https://nakahirafarm.sakura.ne.jp/index.html,True,,https://nakahirafarm.sakura.ne.jp/index.html,Automated request timed out; source requires manual browser review.,,manual_browser_required,2026-09-07T16:55:12.283409+00:00
PATRiCIA Silva Ritschel,Primary contact,primaryContactUrl,https://www.embrapa.br/en/web/uva-e-vinho/istw/contato,True,200,https://www.embrapa.br/en/web/uva-e-vinho/istw/contato,,Contact - Embrapa Uva e Vinho - Portal Embrapa,http,2026-09-07T16:54:53.584479+00:00
PATRiCIA Silva Ritschel,Embrapa BRS Lis cultivar page,webResearchSources,https://www.embrapa.br/en/busca-de-solucoes-tecnologicas/-/produto-servico/9745/brs-lis-grapes,True,200,https://www.embrapa.br/en/busca-de-solucoes-tecnologicas/-/produto-servico/9745/brs-lis-grapes,,Uva BRS Lis - Portal Embrapa,http,2026-09-07T16:54:54.382190+00:00
PATRiCIA Silva Ritschel,Embrapa BRS Melodia repository record,webResearchSources,https://www.infoteca.cnptia.embrapa.br/handle/doc/1113167,True,200,https://www.infoteca.cnptia.embrapa.br/handle/doc/1113167,,"Infoteca-e: BRS Melodia: nova cultivar de uvas sem sementes, com sabor especial de mix de frutas vermelhas, recomendada para cultivo na Serra Gaúcha, em cobertura plástica.",http,2026-09-07T16:54:53.621218+00:00
Kohori Junna,Primary contact,primaryContactUrl,https://www.pref.mie.lg.jp/NOUGI/,True,200,https://www.pref.mie.lg.jp/NOUGI/,,三重県：農業研究所,http,2026-09-07T16:54:53.357380+00:00
Kohori Junna,Contact source,contactSourceUrl,https://www.pref.mie.lg.jp/nougi/hp/32032026963.htm,True,200,https://www.pref.mie.lg.jp/nougi/hp/32032026963.htm,,三重県｜農業研究所：三重県育成イチゴ品種「かおり野」の許諾手続き,http,2026-09-07T16:54:53.470565+00:00
Kohori Junna,MAFF Yotsuboshi registration and joint holders,webResearchSources,https://www.hinshu2.maff.go.jp/vips/cmm/apCMM112.aspx?LANGUAGE=English&TOUROKU_NO=25605,True,200,https://www.hinshu2.maff.go.jp/vips/cmm/apCMM112.aspx?LANGUAGE=English&TOUROKU_NO=25605,,品種登録迅速化総合電子化システム,http,2026-09-07T16:54:16.961106+00:00
Kohori Junna,CFIA MYAGMIE-1 rights and breeder record,webResearchSources,https://active.inspection.gc.ca/english/plaveg/pbrpov/cropreport/str/app00013597e.shtml,True,200,https://active.inspection.gc.ca/english/plaveg/pbrpov/cropreport/str/app00013597e.shtml,,Canadian Food Inspection Agency - MYAGMIE-1,http,2026-09-07T16:53:56.279209+00:00
Imai Atsushi,Primary contact,primaryContactUrl,https://www.naro.go.jp/english/research-programs/industry-academia-government/license/index.html,True,200,https://www.naro.go.jp/english/research-programs/industry-academia-government/license/index.html,,English:Licensing procedure for propagation for private cultivation of registered variety bred by NARO (For farmers) | 農研機構,http,2026-09-07T16:53:51.608684+00:00
Imai Atsushi,CFIA Mihaya PBR record naming NARO holder,webResearchSources,https://active.inspection.gc.ca/english/plaveg/pbrpov/cropreport/citru_/app00010933e.shtml,True,200,https://active.inspection.gc.ca/english/plaveg/pbrpov/cropreport/citru_/app00010933e.shtml,,Canadian Food Inspection Agency - Mihaya,http,2026-09-07T16:54:53.457983+00:00
Imai Atsushi,NARO citrus publication with Imai affiliation,webResearchSources,https://www.jstage.jst.go.jp/article/hortj/86/2/86_OKD-013/_html/-char/en,True,200,https://www.jstage.jst.go.jp/article/hortj/86/2/86_OKD-013/_html/-char/en,,"Genetic Background, Inbreeding, and Genetic Uniformity in the National Citrus Breeding Program, Japan",http,2026-09-07T16:54:54.407369+00:00
Jodi Neal,Primary contact,primaryContactUrl,https://www.dpi.qld.gov.au/,True,403,https://www.dpi.qld.gov.au/,Automated access was blocked or temporarily unavailable; source requires manual browser review.,,manual_browser_required,2026-09-07T16:53:54.158107+00:00
Jodi Neal,Parent evidence,candidateParentEvidenceUrl,https://era.dpi.qld.gov.au/id/eprint/15511/,True,200,https://era.dpi.qld.gov.au/id/eprint/15511/,,Recent changes and advances in the Australian Strawberry Breeding Program - DPI eResearch Archive (eRA),http,2026-09-07T16:54:54.312623+00:00
Jodi Neal,National Strawberry Varietal Improvement Program report,webResearchSources,https://era.dpi.qld.gov.au/id/eprint/6539/,True,200,https://era.dpi.qld.gov.au/id/eprint/6539/,,National Strawberry Varietal Improvement Program - DPI eResearch Archive (eRA),http,2026-09-07T16:54:54.381742+00:00
Jodi Neal,ASBP Scarlet Rose program and PBR fact sheet,webResearchSources,https://ausplantgenetics.com.au/wp-content/uploads/FACTSHEET-SCARLET-ROSE-ASBP-V2.pdf,True,200,https://ausplantgenetics.com.au/wp-content/uploads/FACTSHEET-SCARLET-ROSE-ASBP-V2.pdf,,,http,2026-09-07T16:54:55.291565+00:00
Gerrit de Weert,Primary contact,primaryContactUrl,https://active.inspection.gc.ca/english/plaveg/pbrpov/cropreport/ra/app00010018e.shtml,True,200,https://active.inspection.gc.ca/english/plaveg/pbrpov/cropreport/ra/app00010018e.shtml,,Canadian Food Inspection Agency - Advabertwee,http,2026-09-07T16:54:53.751166+00:00
Gerrit de Weert,Swiss 2022 owner-change gazette,webResearchSources,https://www.blw.admin.ch/dam/fr/sd-web/-9yKCNxXwjCn/plantvar%20270%20M%C3%A4rz%202022.pdf,True,200,https://www.blw.admin.ch/dam/fr/sd-web/-9yKCNxXwjCn/plantvar%20270%20M%C3%A4rz%202022.pdf,,,http,2026-09-07T16:54:54.716290+00:00
Gerrit de Weert,US Advabertwee patent assignment,webResearchSources,https://patents.google.com/patent/USPP23914P2/en,True,200,https://patents.google.com/patent/USPP23914P2/en,,USPP23914P2 - Raspberry plant named ‘Advabertwee’ - Google Patents,http,2026-09-07T16:54:53.862711+00:00
Mary M. Calkins,Primary contact,primaryContactUrl,https://www.driscolls.com/about/Contact-Us,True,200,https://www.driscolls.com/about/Contact-Us,,Contact Us,http,2026-09-07T16:53:50.653536+00:00
Mary M. Calkins,Parent evidence,candidateParentEvidenceUrl,https://patents.google.com/patent/USPP33513P2/en,True,200,https://patents.google.com/patent/USPP33513P2/en,,USPP33513P2 - Strawberry plant named ‘DrisStrawEightySix’ - Google Patents,http,2026-09-07T16:54:54.056583+00:00
E.J. Meulenbroek,Primary contact,primaryContactUrl,https://www.fresh-forward.nl/en/contact,True,200,https://www.fresh-forward.nl/en/contact,,Fresh Forward | Contact,http,2026-09-07T16:54:54.947113+00:00
E.J. Meulenbroek,Fresh Forward official team and portfolio,webResearchSources,https://www.fresh-forward.nl/en/who-we-are,True,200,https://www.fresh-forward.nl/en/who-we-are,,Fresh Forward | Who we are,http,2026-09-07T16:54:55.420135+00:00
E.J. Meulenbroek,CPRO-DLO strawberry-program history,webResearchSources,https://www.actahort.org/books/439/439_12.htm,True,200,https://www.actahort.org/books/439/439_12.htm,,FIFTY YEARS OF STRAWBERRY BREEDING AT THE CENTRE FOR PLANT BREEDING AND REPRODUCTION RESEARCH (CPRO-DLO) IN THE NETHERLANDS,http,2026-09-07T16:54:55.384989+00:00
E.J. Meulenbroek,FD 1604 patent assignment,webResearchSources,https://patents.google.com/patent/USPP32951P3/en,True,200,https://patents.google.com/patent/USPP32951P3/en,,USPP32951P3 - Strawberry plant named ‘FD 1604’ - Google Patents,http,2026-09-07T16:54:54.549462+00:00
Lee ho yeong,Korea Seed and Variety Service PVP register search,webResearchSources,https://www.seed.go.kr/seed/270/subview.do,True,200,https://www.seed.go.kr/seed/270/subview.do,,품종 보호 출원과 등록 현황 검색,http,2026-09-07T16:54:56.257913+00:00
Felicidad Fernández,Primary contact,primaryContactUrl,https://www.niab.com/contact-us,True,200,https://www.niab.com/contact-us,,Contact us | Niab,http,2026-09-07T16:54:55.356200+00:00
Felicidad Fernández,EMR 20171 patent and assignment chain,webResearchSources,https://patents.google.com/patent/USPP31197P3/en,True,200,https://patents.google.com/patent/USPP31197P3/en,,USPP31197P3 - Rubus plant named ‘emr 20171’ - Google Patents,http,2026-09-07T16:54:54.650688+00:00
Felicidad Fernández,East Malling Services ownership,webResearchSources,https://www.niab.com/about/niab-today/corporate-information/east-malling-services-ltd,True,200,https://www.niab.com/east-malling-services-ltd,,East Malling Services Ltd. | Niab,http,2026-09-07T16:54:56.298457+00:00
Tae Il Kim,Primary contact,primaryContactUrl,https://cnnongup.chungnam.go.kr/eng/sub.cs?m=2,True,200,https://cnnongup.chungnam.go.kr/eng/sub.cs?m=2,,ABOUT : Chungcheongnam-do Agricultural Research &amp; Extension Services,http,2026-09-07T16:54:56.160388+00:00
Tae Il Kim,Parent evidence,candidateParentEvidenceUrl,https://pmc.ncbi.nlm.nih.gov/articles/PMC5287166/,True,200,https://pmc.ncbi.nlm.nih.gov/articles/PMC5287166/,,First Report of Dieback Caused by Lasiodiplodia theobromae in Strawberry Plants in Korea - PMC,http,2026-09-07T16:54:55.094325+00:00
Tae Il Kim,Korea Seed and Variety Service PVP register,webResearchSources,https://www.seed.go.kr/seed/270/subview.do,True,200,https://www.seed.go.kr/seed/270/subview.do,,품종 보호 출원과 등록 현황 검색,http,2026-09-07T16:54:56.257913+00:00
Lee Guk Jin,Parent evidence,candidateParentEvidenceUrl,https://www.agrinet.co.kr/news/articleView.html?idxno=303569,True,200,https://www.agrinet.co.kr/news/articleView.html?idxno=303569,,현장에서 만난 우수 농업경영인 경산 이윤도 경복육종농원 대표 < 농업경영인 < 테마 < 기사본문 - 한국농어민신문,http,2026-09-07T16:54:56.540942+00:00
Lee Guk Jin,Crop-matched university research publication,webResearchSources,https://research.knu.ac.kr/en/publications/changes-in-fruit-characteristics-and-expression-of-ripening-relat/,True,200,https://research.knu.ac.kr/en/publications/changes-in-fruit-characteristics-and-expression-of-ripening-relat/,,Changes in fruit characteristics and expression of ripening-related genes in ‘madoka’ peaches treated with 1-methylcyclopropene and aminoethoxyvinylglycine - Kyungpook National University(KNU),http,2026-09-07T16:54:56.486381+00:00
Lee Guk Jin,Korea Seed and Variety Service PVP register,webResearchSources,https://www.seed.go.kr/seed/270/subview.do,True,200,https://www.seed.go.kr/seed/270/subview.do,,품종 보호 출원과 등록 현황 검색,http,2026-09-07T16:54:56.257913+00:00
Maribel Martinez Negrete,Primary contact,primaryContactUrl,https://www.driscolls.com/about/Contact-Us,True,200,https://www.driscolls.com/about/Contact-Us,,Contact Us,http,2026-09-07T16:53:50.653536+00:00
Maribel Martinez Negrete,Parent evidence,candidateParentEvidenceUrl,https://active.inspection.gc.ca/english/plaveg/pbrpov/cropreport/str/app00011207e.shtml,True,200,https://active.inspection.gc.ca/english/plaveg/pbrpov/cropreport/str/app00011207e.shtml,,Canadian Food Inspection Agency - DrisStrawSixtyThree,http,2026-09-07T16:53:39.205794+00:00
Nishibata Toyohide,Primary contact,primaryContactUrl,https://www.naro.go.jp/english/research-programs/industry-academia-government/license/index.html,True,200,https://www.naro.go.jp/english/research-programs/industry-academia-government/license/index.html,,English:Licensing procedure for propagation for private cultivation of registered variety bred by NARO (For farmers) | 農研機構,http,2026-09-07T16:53:51.608684+00:00
Nishibata Toyohide,Parent evidence,candidateParentEvidenceUrl,https://www.naro.go.jp/publicity_report/publication/archive/files/kakenhou20-1nouigou.pdf,True,200,https://www.naro.go.jp/publicity_report/publication/archive/files/kakenhou20-1nouigou.pdf,,,http,2026-09-07T16:54:56.797622+00:00
Nishibata Toyohide,NARO Rinka breeding record,webResearchSources,https://repository.naro.go.jp/records/3364,True,200,https://repository.naro.go.jp/records/3364,,農研機構機関リポジトリ,http,2026-09-07T16:54:22.287770+00:00
Lourdes Mateos Maces,Parent evidence,candidateParentEvidenceUrl,https://www.diariooficial.segob.gob.mx/abrirPDF.php?anio=2025&archivo=07022025-MAT.pdf&repo=repositorio%2F,True,,https://www.diariooficial.segob.gob.mx/abrirPDF.php?anio=2025&archivo=07022025-MAT.pdf&repo=repositorio%2F,Automated TLS handshake failed; source requires manual browser review.,,manual_browser_required,2026-09-07T16:54:58.098086+00:00
Lourdes Mateos Maces,UPOV PLUTO plant variety database,webResearchSources,https://www.upov.int/databases/en/plutonews.html,True,200,https://www.upov.int/databases/en/plutonews.html,,PLUTO News,http,2026-09-07T16:54:56.312579+00:00
Lourdes Mateos Maces,Academic identity and affiliation,webResearchSources,https://pubmed.ncbi.nlm.nih.gov/32575671/,True,403,https://pubmed.ncbi.nlm.nih.gov/32575671/,Automated access was blocked or temporarily unavailable; source requires manual browser review.,,manual_browser_required,2026-09-07T16:54:55.668387+00:00
Fujita Kensuke,Primary contact,primaryContactUrl,https://www.pref.kumamoto.jp/soshiki/75/846.html,True,200,https://www.pref.kumamoto.jp/soshiki/75/846.html,,熊本県が開発した登録品種の詳細 - 熊本県ホームページ,http,2026-09-07T16:54:56.658006+00:00
Fujita Kensuke,Kumamoto governor statement on EC11 development,webResearchSources,https://www.pref.kumamoto.jp/soshiki/1/6770.html,False,404,https://www.pref.kumamoto.jp/soshiki/1/6770.html,HTTP 404,,http,2026-09-07T16:54:57.109752+00:00
Fujita Kensuke,UPOV PLUTO plant variety database,webResearchSources,https://www.upov.int/databases/en/plutonews.html,True,200,https://www.upov.int/databases/en/plutonews.html,,PLUTO News,http,2026-09-07T16:54:56.312579+00:00
K. Maloney,Primary contact,primaryContactUrl,https://cals.cornell.edu/school-integrative-plant-science/school-sections/horticulture-section/people/technicalsupport-staff-horticulture,True,200,https://cals.cornell.edu/school-integrative-plant-science/school-sections/horticulture-section/people/technicalsupport-staff-horticulture,,Technical/Support Staff: Horticulture | CALS,http,2026-09-07T16:55:00.132648+00:00
K. Maloney,Cornell fruit variety catalog,webResearchSources,https://ctl.cornell.edu/plant-varieties-catalog/fruits/,True,403,https://ctl.cornell.edu/plant-varieties-catalog/fruits/,Automated access was blocked or temporarily unavailable; source requires manual browser review.,,manual_browser_required,2026-09-07T16:54:56.360653+00:00
K. Maloney,NY73 patent assignment to Cornell,webResearchSources,https://patents.google.com/patent/USPP32702P2/en,True,200,https://patents.google.com/patent/USPP32702P2/en,,USPP32702P2 - Apple tree named ‘NY73’ - Google Patents,http,2026-09-07T16:54:56.576350+00:00
Koike Koichi,Primary contact,primaryContactUrl,https://www.pref.yamanashi.jp/kajushiken/103_025.html,True,200,https://www.pref.yamanashi.jp/kajushiken/103_025.html,,山梨県／果樹試験場へのお問い合わせ・アクセス,http,2026-09-07T16:54:43.086515+00:00
Koike Koichi,Parent evidence,candidateParentEvidenceUrl,https://www.pref.yamanashi.jp/documents/79558/h29houkoku02.pdf,True,200,https://www.pref.yamanashi.jp/documents/79558/h29houkoku02.pdf,,,http,2026-09-07T16:54:58.211517+00:00
Koike Koichi,MAFF Sun Semillon registration,webResearchSources,https://www.hinshu2.maff.go.jp/gazette/touroku/contents/158touroku.html,True,200,https://www.hinshu2.maff.go.jp/gazette/touroku/contents/158touroku.html,,_ѐYȕio^z[y[W,http,2026-09-07T16:54:42.173453+00:00
Frank Kappel,Primary contact,primaryContactUrl,https://active.inspection.gc.ca/english/plaveg/pbrpov/cropreport/che/app00012944e.shtml,True,200,https://active.inspection.gc.ca/english/plaveg/pbrpov/cropreport/che/app00012944e.shtml,,Canadian Food Inspection Agency - SPC414,http,2026-09-07T16:54:56.775877+00:00
Frank Kappel,Harrow Sweet pear patent assignment,webResearchSources,https://patents.google.com/patent/USPP9863P/en,True,200,https://patents.google.com/patent/USPP9863P/en,,USPP9863P - `Harrow Sweet` pear - Google Patents,http,2026-09-07T16:54:56.781681+00:00
Frank Kappel,AAFC retirement notice,webResearchSources,https://epe.lac-bac.gc.ca/100/201/300/fruit_vegetable/2011/apr2011.pdf?nodisclaimer=1,False,404,https://epe.lac-bac.gc.ca/100/201/300/fruit_vegetable/2011/apr2011.pdf?nodisclaimer=1,HTTP 404,,http,2026-09-07T16:54:56.861173+00:00
Kawahito Shinichi,Parent evidence,candidateParentEvidenceUrl,https://www.hinshu2.maff.go.jp/gazette/touroku/contents/243gaiyou.pdf,True,200,https://www.hinshu2.maff.go.jp/gazette/touroku/contents/243gaiyou.pdf,,,http,2026-09-07T16:54:57.642506+00:00
Kawahito Shinichi,China MARA MIB001 grant notice,webResearchSources,https://zys.moa.gov.cn/gsgg/201912/P020230601601798408587.pdf,True,200,https://zys.moa.gov.cn/gsgg/201912/P020230601601798408587.pdf,,,http,2026-09-07T16:54:57.847855+00:00
Tezuka Takahiro,Primary contact,primaryContactUrl,https://www.pref.yamanashi.jp/kajushiken/103_025.html,True,200,https://www.pref.yamanashi.jp/kajushiken/103_025.html,,山梨県／果樹試験場へのお問い合わせ・アクセス,http,2026-09-07T16:54:43.086515+00:00
Tezuka Takahiro,MAFF Yume Mizuki variety record,webResearchSources,https://www.hinshu2.maff.go.jp/vips/cmm/apCMM112.aspx?LANGUAGE=Japanese&TOUROKU_NO=22586,True,200,https://www.hinshu2.maff.go.jp/vips/cmm/apCMM112.aspx?LANGUAGE=Japanese&TOUROKU_NO=22586,,品種登録迅速化総合電子化システム,http,2026-09-07T16:54:57.388955+00:00
Tezuka Takahiro,Yamanashi breeding department cultivar list,webResearchSources,https://www.pref.yamanashi.jp/kajushiken/103_018.html,True,200,https://www.pref.yamanashi.jp/kajushiken/103_018.html,,山梨県／育種部業務,http,2026-09-07T16:54:57.431893+00:00
Tezuka Takahiro,Yamanashi 2026 course syllabus,webResearchSources,https://www.pref.yamanashi.jp/documents/42379/02_r8_senkouka_syllabus.pdf,True,200,https://www.pref.yamanashi.jp/documents/42379/02_r8_senkouka_syllabus.pdf,,,http,2026-09-07T16:54:58.497627+00:00
Braun Thomas,Primary contact,primaryContactUrl,https://adema-apple.com/,True,200,https://adema-apple.com/,,ADEMA: Apple Development &amp; Management,http,2026-09-07T16:54:58.049687+00:00
Braun Thomas,Parent evidence,candidateParentEvidenceUrl,https://patents.google.com/patent/USPP18761P3/en,True,200,https://patents.google.com/patent/USPP18761P3/en,,USPP18761P3 - Apple tree named ‘Fuji Fubrax’ - Google Patents,http,2026-09-07T16:54:57.631231+00:00
Braun Thomas,Gala Schnico Red patent,webResearchSources,https://patents.google.com/patent/USPP27577P3/en,True,200,https://patents.google.com/patent/USPP27577P3/en,,USPP27577P3 - Apple tree named ‘Gala Schnico Red’ - Google Patents,http,2026-09-07T16:54:57.644521+00:00
F. Garcia Montiel,Primary contact,primaryContactUrl,https://www.imida.es/equipo-de-mejora-de-frutales/componentes,True,200,https://validate.perfdrive.com/?ssa=ad0fa19d-d8d5-4c40-8c19-6e9f10ddc078&ssb=79706276605&ssc=https%3A%2F%2Fwww.imida.es%2Fequipo-de-mejora-de-frutales%2Fcomponentes&ssi=9ef9d698-dhsu-411d-9428-92eb1b0b7c58&ssk=botmanager_support@radware.com&ssm=95945897235460691102650099800042&ssn=616d0196f4b5d541ef440dc78aa502b8f9f05ae4855a-6263-494f-99a2ab&sso=b8b7288d-746bd8fff72de4052164e82d69782f974b826951c7e08c6d&ssp=79002950031788894221178886294287045&ssq=31838960009760821309500097911744101238314&ssr=NTcuMTUxLjEyOS4zOQ==&sst=Mozilla/5.0%20(Windows%20NT%2010.0;%20Win64;%20x64)&ssu=&ssv=&ssw=&ssx=eyJfX3V6bWYiOiI3ZjkwMDA1YWU0ODU1YS02MjYzLTQ5NGYtOTg4ZC03NDZiZDhmZmY3MmQxLTE3ODg4MDAwOTc5ODEwLTAwM2MwNjQ0NGRkOTRiYzQ2MTYxMCIsInV6bXgiOiI3ZmMwMDAwMDQ2YWYwYy02ZTM0LTQwYzktOTkzOC05ODdiNjEyNzVjY2ExLTE3ODg4MDAwOTc5ODEwLTAwNDJhNjdhZTMyYTQzZjJiMjYxMCIsInJkIjoiaW1pZGEuZXMifQ==,,Radware Captcha Page,http,2026-09-07T16:54:58.283468+00:00
F. Garcia Montiel,Spanish PBR applications naming IMIDA,webResearchSources,https://www.mapa.gob.es/ministerio/pags/Biblioteca/Revistas/pdf_RVP/BOL_RVP_4-2017.pdf,True,200,https://www.mapa.gob.es/ministerio/pags/Biblioteca/Revistas/pdf_RVP/BOL_RVP_4-2017.pdf,,,http,2026-09-07T16:54:59.079298+00:00
F. Garcia Montiel,IMIDA 2023-2027 fruit-improvement project,webResearchSources,https://www.imida.es/-/mg-frutales,True,200,https://validate.perfdrive.com/?ssa=1d83d673-ff83-4fc4-92a4-de98191e706b&ssb=10633214053&ssc=https%3A%2F%2Fwww.imida.es%2F-%2Fmg-frutales&ssi=6a65cf92-dhsu-4db7-8657-f1a77ad4b93a&ssk=botmanager_support@radware.com&ssm=63982371748298223101501762844914&ssn=79e315b06824feae6f1276234e2df76beafee517ecaa-6720-4eba-90d2bf&sso=ef883bb8-8f04ba6e8b93def39a60a67c74c25186826c52d885978d7f&ssp=79240714661788859184178889990298818&ssq=03433700005905274963000059201419873185921&ssr=NTcuMTUxLjEyOS4zOQ==&sst=Mozilla/5.0%20(Windows%20NT%2010.0;%20Win64;%20x64)&ssu=&ssv=&ssw=&ssx=eyJfX3V6bWYiOiI3ZjkwMDBlNTE3ZWNhYS02NzIwLTRlYmEtOWJiOC04ZjA0YmE2ZThiOTMxLTE3ODg4MDAwNTkyODcwLTAwMzM1MzBmOTkxYTdiM2YyODMxMCIsInV6bXgiOiI3ZmMwMDBmYjM3NWExNS1hYjQxLTRjYmYtYjhlYi03YmU3MjQ5OWZlYjQxLTE3ODg4MDAwNTkyODcwLTAwNGU2M2FlNzM0NjZmZThhYmYxMCIsInJkIjoiaW1pZGEuZXMifQ==,,Radware Captcha Page,http,2026-09-07T16:54:19.586093+00:00
Lynd John Mitchell,Primary contact,primaryContactUrl,https://maiaapples.com/contact-us/,True,200,https://maiaapples.com/contact-us/,,Contact Us - Midwest Apple Improvement Association,http,2026-09-07T16:53:12.788435+00:00
Lynd John Mitchell,MAIA official site and leadership,webResearchSources,https://maiaapples.com/,True,200,https://maiaapples.com/,,Homepage - Midwest Apple Improvement Association,http,2026-09-07T16:53:12.940587+00:00
Lynd John Mitchell,MAIA-T patent and assignee,webResearchSources,https://patents.google.com/patent/USPP30088P2/en,True,200,https://patents.google.com/patent/USPP30088P2/en,,USPP30088P2 - Apple tree named ‘MAIA-T’ - Google Patents,http,2026-09-07T16:54:57.884331+00:00
Lynd John Mitchell,Mitch Lynd obituary,webResearchSources,https://www.aol.com/news/mitch-lynd-dies-83-leaving-140338146.html,True,200,https://www.aol.com/articles/mitch-lynd-dies-83-leaving-140338000.html,,"Mitch Lynd dies at 83, leaving behind Lynd Fruit Farm legacy - AOL",http,2026-09-07T16:54:58.500954+00:00
Trustees of Bma Trust,Primary contact,primaryContactUrl,https://anfic.com.au/contact-us/,True,200,https://anfic.com.au/contact-us/,,Contact Us - ANFIC | The Australian Nurserymen&#039;s Fruit Improvement Company,http,2026-09-07T16:54:59.194406+00:00
Trustees of Bma Trust,IPONZ register and service address,webResearchSources,https://www.iponz.govt.nz/assets/pdf/PVR/PVR-Journal/PVR-Journal-No-124-published-14-Jan-2011.pdf,True,200,https://www.iponz.govt.nz/assets/pdf/PVR/PVR-Journal/PVR-Journal-No-124-published-14-Jan-2011.pdf,,,http,2026-09-07T16:55:00.324344+00:00
Trustees of Bma Trust,Burkitt Gala US patent,webResearchSources,https://patents.google.com/patent/USPP17013P2/en,True,200,https://patents.google.com/patent/USPP17013P2/en,,USPP17013P2 - Apple tree named ‘Burkitt Gala’ - Google Patents,http,2026-09-07T16:54:58.277404+00:00
Trustees of Bma Trust,IP Australia Burkitt Gala record,webResearchSources,https://www.ipaustralia.gov.au/tools-and-research/professional-resources/ip-rights-journals/~/-/media/Project/IPA/IPAustralia/PDF/PBR-Journals/Volume-26-Number-3.pdf?rev=5dfc8300ca90430582281bdef3ec8b40,True,200,https://www.ipaustralia.gov.au/tools-and-research/professional-resources/ip-rights-journals/~/-/media/Project/IPA/IPAustralia/PDF/PBR-Journals/Volume-26-Number-3.pdf?rev=5dfc8300ca90430582281bdef3ec8b40,,,http,2026-09-07T16:54:59.862807+00:00
Turovtsev Mykola Ivanovych,Primary contact,primaryContactUrl,https://sad-institut.com.ua/,True,200,https://sad-institut.com.ua/,,&#127937; 1,http,2026-09-07T16:54:59.585183+00:00
Turovtsev Mykola Ivanovych,Contact source,contactSourceUrl,https://sad-institut.com.ua/ua/o_nas/z_istoriii_institutu.html,True,200,https://sad-institut.com.ua/ua/o_nas/z_istoriii_institutu.html,,", (, )",http,2026-09-07T16:54:59.748914+00:00
Turovtsev Mykola Ivanovych,Official Turovtsev institute profile,webResearchSources,https://sad-institut.com.ua/files/turovtsev-mikola-ivanovich.pdf,True,200,https://sad-institut.com.ua/files/turovtsev-mikola-ivanovich.pdf,,,http,2026-09-07T16:55:00.056892+00:00
Turovtsev Mykola Ivanovych,Ukraine official variety record for Krupnoplidna,webResearchSources,https://sort.sops.gov.ua/cultivar/view/2259,True,200,https://sort.sops.gov.ua/cultivar/view/2259,,"Крупноплідна | Інформаційно-довідкова система ""Сорт""",http,2026-09-07T16:55:00.878920+00:00
Lara Giongo,Primary contact,primaryContactUrl,https://openpub.fmach.it/,True,200,https://openpub.fmach.it/,,Home page,http,2026-09-07T16:55:01.800245+00:00
Lara Giongo,Contact source,contactSourceUrl,https://openpub.fmach.it/retrieve/e1dbfeab-3d11-4ac9-e053-1705fe0a1c61/Vaccinium_2016_Abstract_Book.pdf,True,200,https://openpub.fmach.it/retrieve/e1dbfeab-3d11-4ac9-e053-1705fe0a1c61/Vaccinium_2016_Abstract_Book.pdf,,,http,2026-09-07T16:55:00.648851+00:00
Lara Giongo,Parent evidence,candidateParentEvidenceUrl,https://www.onssa.gov.ma/wp-content/uploads/2025/06/bulletin-protection-n43-avril-2025-onssa-dcsp.pdf,False,,https://www.onssa.gov.ma/wp-content/uploads/2025/06/bulletin-protection-n43-avril-2025-onssa-dcsp.pdf,URLError: <urlopen error [Errno 111] Connection refused>,,http,2026-09-07T16:53:32.730344+00:00
Lara Giongo,Fondazione Mach research publication,webResearchSources,https://openpub.fmach.it/retrieve/e1dbfeab-d342-4ac9-e053-1705fe0a1c61/Farneti%20et%20al.2020_FPS.pdf,True,200,https://openpub.fmach.it/retrieve/e1dbfeab-d342-4ac9-e053-1705fe0a1c61/Farneti%20et%20al.2020_FPS.pdf,,,http,2026-09-07T16:55:00.878576+00:00
Lara Giongo,VacCAP research team,webResearchSources,https://www.vacciniumcap.org/team,True,403,https://www.vacciniumcap.org/team,Automated access was blocked or temporarily unavailable; source requires manual browser review.,,manual_browser_required,2026-09-07T16:54:59.830189+00:00
Masiá Breeding S.L.,Primary contact,primaryContactUrl,https://www.masiaciscar.es/contacto/,True,200,https://www.masiaciscar.es/contacto/,,Contacto - Masiá Ciscar,http,2026-09-07T16:53:16.357860+00:00
Masiá Breeding S.L.,Parent evidence,candidateParentEvidenceUrl,https://www.masiaciscar.es/en/privacy-policy/,True,200,https://www.masiaciscar.es/en/privacy-policy/,,Privacy Policy - Masiá Ciscar,http,2026-09-07T16:55:00.530299+00:00
Masiá Breeding S.L.,CFIA MC18-20 rights record,webResearchSources,https://active.inspection.gc.ca/english/plaveg/pbrpov/cropreport/str/app00013959e.shtml?wbdisable=true,True,200,https://active.inspection.gc.ca/english/plaveg/pbrpov/cropreport/str/app00013959e.shtml?wbdisable=true,,Canadian Food Inspection Agency - MC18 20,http,2026-09-07T16:55:00.105711+00:00
Masiá Breeding S.L.,Spain 2025 PBR cancellation and license bulletin,webResearchSources,https://www.mapa.gob.es/dam/mapa/contenido/agricultura/temas/medios-de-produccion/semillas-y-plantas-de-vivero/registro-de-variedades/boletines/boletines-bimensuales/bol-rvp-4-2025.pdf,True,200,https://www.mapa.gob.es/dam/mapa/contenido/agricultura/temas/medios-de-produccion/semillas-y-plantas-de-vivero/registro-de-variedades/boletines/boletines-bimensuales/bol-rvp-4-2025.pdf,,,http,2026-09-07T16:55:01.515497+00:00
Masiá Breeding S.L.,Spain June 2026 PBR license bulletin,webResearchSources,https://www.mapa.gob.es/dam/mapa/contenido/agricultura/temas/medios-de-produccion/semillas-y-plantas-de-vivero/registro-de-variedades/boletines/boletines-bimensuales/bol-rvp-3-2026.pdf,True,200,https://www.mapa.gob.es/dam/mapa/contenido/agricultura/temas/medios-de-produccion/semillas-y-plantas-de-vivero/registro-de-variedades/boletines/boletines-bimensuales/bol-rvp-3-2026.pdf,,,http,2026-09-07T16:55:01.799982+00:00
Rodrigo Infante Espiñeira,Primary contact,primaryContactUrl,https://agronomia.uchile.cl/facultad/estructura/cuerpo-academico,True,200,https://agronomia.uchile.cl/facultad/estructura/cuerpo-academico,,Cuerpo académico - Facultad de Ciencias Agronómicas - Universidad de Chile,http,2026-09-07T16:55:01.303961+00:00
Rodrigo Infante Espiñeira,Sweet Pekeetah patent,webResearchSources,https://patents.google.com/patent/USPP31404P3/en,True,200,https://patents.google.com/patent/USPP31404P3/en,,USPP31404P3 - Asian plum tree named ‘Sweet Pekeetah’ - Google Patents,http,2026-09-07T16:55:00.387429+00:00
Rodrigo Infante Espiñeira,Andes Nec-6 patent,webResearchSources,https://patents.justia.com/patent/PP34401,True,403,https://patents.justia.com/patent/PP34401,Automated access was blocked or temporarily unavailable; source requires manual browser review.,,manual_browser_required,2026-09-07T16:55:00.390498+00:00
Takada Norio,Primary contact,primaryContactUrl,https://www.naro.go.jp/english/research-programs/industry-academia-government/license/index.html,True,200,https://www.naro.go.jp/english/research-programs/industry-academia-government/license/index.html,,English:Licensing procedure for propagation for private cultivation of registered variety bred by NARO (For farmers) | 農研機構,http,2026-09-07T16:53:51.608684+00:00
Takada Norio,Parent evidence,candidateParentEvidenceUrl,https://jglobal.jst.go.jp/en/public/201601014538686780,True,503,https://jglobal.jst.go.jp/en/public/201601014538686780,Automated access was blocked or temporarily unavailable; source requires manual browser review.,,manual_browser_required,2026-09-07T16:55:00.758772+00:00
Takada Norio,NARO Hatsumaru research record,webResearchSources,https://repository.naro.go.jp/records/3817,True,200,https://repository.naro.go.jp/records/3817,,農研機構機関リポジトリ,http,2026-09-07T16:55:03.254442+00:00
Mori Toshiki,Primary contact,primaryContactUrl,https://www.naro.go.jp/english/research-programs/industry-academia-government/license/index.html,True,200,https://www.naro.go.jp/english/research-programs/industry-academia-government/license/index.html,,English:Licensing procedure for propagation for private cultivation of registered variety bred by NARO (For farmers) | 農研機構,http,2026-09-07T16:53:51.608684+00:00
Mori Toshiki,BRAIN Mori role and Yotsuboshi history,webResearchSources,https://www.naro.go.jp/laboratory/brain/english/press/stories/162714.html,True,200,https://www.naro.go.jp/laboratory/brain/english/press/stories/162714.html,,"[Episode 53] Establishing Labor-Saving Seedling Raising and Cultivation System of Seed Propagation Type of Strawberry ""Yotsuboshi"" | BRAIN",http,2026-09-07T16:55:01.160950+00:00
Mori Toshiki,CFIA Yotsuboshi rights record,webResearchSources,https://active.inspection.gc.ca/english/plaveg/pbrpov/cropreport/str/app00010965e.shtml,True,200,https://active.inspection.gc.ca/english/plaveg/pbrpov/cropreport/str/app00010965e.shtml,,Canadian Food Inspection Agency - Yotsuboshi,http,2026-09-07T16:55:00.903528+00:00
Nakata Haruhito,Primary contact,primaryContactUrl,https://www.pref.ehime.jp/page/5573.html,True,200,https://www.pref.ehime.jp/page/5573.html,,農業・果樹・林業・畜産・水産研究センターの所在地 - 愛媛県庁公式ホームページ（農林水産研究所）,http,2026-09-07T16:55:02.543900+00:00
Nakata Haruhito,Parent evidence,candidateParentEvidenceUrl,https://patents.justia.com/patent/PP37207,True,403,https://patents.justia.com/patent/PP37207,Automated access was blocked or temporarily unavailable; source requires manual browser review.,,manual_browser_required,2026-09-07T16:55:00.942592+00:00
Nakata Haruhito,Ehime Fruit Tree Research Center official overview,webResearchSources,https://www.pref.ehime.jp/soshiki/94/index-2.html,True,200,https://www.pref.ehime.jp/soshiki/94/index-2.html,,農林水産研究所果樹研究センター - 愛媛県庁公式ホームページ,http,2026-09-07T16:55:02.550646+00:00
Shigematsu Yukinori,Primary contact,primaryContactUrl,https://www.pref.ehime.jp/page/5573.html,True,200,https://www.pref.ehime.jp/page/5573.html,,農業・果樹・林業・畜産・水産研究センターの所在地 - 愛媛県庁公式ホームページ（農林水産研究所）,http,2026-09-07T16:55:02.543900+00:00
Shigematsu Yukinori,Parent evidence,candidateParentEvidenceUrl,https://patents.justia.com/patent/PP37207,True,403,https://patents.justia.com/patent/PP37207,Automated access was blocked or temporarily unavailable; source requires manual browser review.,,manual_browser_required,2026-09-07T16:55:00.942592+00:00
Shigematsu Yukinori,MAFF Ehime Kashi 28 record,webResearchSources,https://www.hinshu2.maff.go.jp/vips/cmm/apCMM112.aspx?LANGUAGE=English&TOUROKU_NO=12981,True,200,https://www.hinshu2.maff.go.jp/vips/cmm/apCMM112.aspx?LANGUAGE=English&TOUROKU_NO=12981,,品種登録迅速化総合電子化システム,http,2026-09-07T16:55:01.457919+00:00
Hamada Hiroko,Primary contact,primaryContactUrl,https://www.naro.go.jp/english/research-programs/industry-academia-government/license/index.html,True,200,https://www.naro.go.jp/english/research-programs/industry-academia-government/license/index.html,,English:Licensing procedure for propagation for private cultivation of registered variety bred by NARO (For farmers) | 農研機構,http,2026-09-07T16:53:51.608684+00:00
Hamada Hiroko,Parent evidence,candidateParentEvidenceUrl,https://www.naro.go.jp/publicity_report/publication/files/naro_technical_report_no10.pdf,True,200,https://www.naro.go.jp/publicity_report/publication/files/naro_technical_report_no10.pdf,,,http,2026-09-07T16:55:02.653158+00:00
Hamada Hiroko,NARO Asuki release,webResearchSources,https://www.naro.go.jp/english/topics/laboratory/fruit/138052.html,True,200,https://www.naro.go.jp/english/topics/laboratory/fruit/138052.html,,The development of late-ripening citrus cultivar 'Asuki': Advantage for producers to supply extremely sweet citrus after March,http,2026-09-07T16:55:01.848590+00:00
Hamada Hiroko,HAYASE patent,webResearchSources,https://patents.justia.com/patent/PP37170,True,403,https://patents.justia.com/patent/PP37170,Automated access was blocked or temporarily unavailable; source requires manual browser review.,,manual_browser_required,2026-09-07T16:55:01.369540+00:00
"Nursery, Inc.",Fall Creek official company history,webResearchSources,https://www.fallcreeknursery.com/about/about-fall-creek,True,200,https://www.fallcreeknursery.com/about/about-fall-creek,,Who We Are | Fall Creek Farm & Nursery,http,2026-09-07T16:55:03.017608+00:00
"Nursery, Inc.",Lassen Canyon Nursery official website,webResearchSources,https://lassencanyonnursery.com/,True,200,https://lassencanyonnursery.com/,,Lassen Canyon - Strawberry Plants - Lassen Canyon Nursery,http,2026-09-07T16:55:01.859733+00:00
"Nursery, Inc.",Burchell Breeding official website,webResearchSources,https://www.burchellbreeding.com/,True,200,https://www.burchellbreeding.com/,,Burchell Breeding | Tree Breeding,http,2026-09-07T16:55:02.029009+00:00
Kirk D. Larson,Primary contact,primaryContactUrl,https://research.ucdavis.edu/industry-support/plant-variety-licensing-program/strawberry-licensing-program/,True,200,https://research.ucdavis.edu/industry-support/plant-variety-licensing-program/strawberry-licensing-program/,,Strawberry Licensing Program - Office of Research,http,2026-09-07T16:55:02.366866+00:00
Kirk D. Larson,UC Davis strawberry breeding historical timeline,webResearchSources,https://www.ucdavis.edu/news/strawberry-breeding-program-backgrounders-historical-timeline,True,200,https://www.ucdavis.edu/news/strawberry-breeding-program-backgrounders-historical-timeline,,Strawberry Breeding Program Backgrounder: A Historical Timeline | UC Davis,http,2026-09-07T16:55:03.012194+00:00
Kirk D. Larson,UC Davis litigation and ownership background,webResearchSources,https://d7-to-d8.ucdavis.edu/news/strawberry-breeding-program-backgrounder-frequently-asked-questions,True,200,https://d7-to-d8.ucdavis.edu/news/strawberry-breeding-program-backgrounder-frequently-asked-questions,,Public Strawberry Breeding Program Backgrounder: Frequently Asked Questions | UC Davis,http,2026-09-07T16:55:02.971918+00:00
"Timothy P. Sheehan, Sheehan Genetics LLC",Primary contact,primaryContactUrl,https://snflgroup.com/all_locations/north-america/,True,200,https://snflgroup.com/all_locations/north-america/,,North America - SNFL Group,http,2026-09-07T16:55:02.712489+00:00
"Timothy P. Sheehan, Sheehan Genetics LLC",SNFL official company history,webResearchSources,https://snflgroup.com/about/,True,200,https://snflgroup.com/about/,,ABOUT SNFL- world’s leading table grape R&amp;D companies,http,2026-09-07T16:53:05.953437+00:00
"Timothy P. Sheehan, Sheehan Genetics LLC",SNFL and IFG combination into Bloom Fresh,webResearchSources,https://snflgroup.com/news/global-summit-2023/,True,200,https://snflgroup.com/news/global-summit-2023/,,Global Summit 2023 - SNFL Group,http,2026-09-07T16:55:02.844016+00:00
"Timothy P. Sheehan, Sheehan Genetics LLC",Sheegene 28 patent assignment history,webResearchSources,https://patents.google.com/patent/USPP34211P2/en,True,200,https://patents.google.com/patent/USPP34211P2/en,,USPP34211P2 - Grapevine plant named ‘Sheegene 28’ - Google Patents,http,2026-09-07T16:55:02.580071+00:00
äVANRIK Green ENERGYö Ltd,Sakpatenti official registered-varieties status list,webResearchSources,https://sakpatenti.gov.ge/media/page_files/registered_varieties_ENG_20260226-L-281.pdf,True,200,https://sakpatenti.gov.ge/media/page_files/registered_varieties_ENG_20260226-L-281.pdf,,,http,2026-09-07T16:55:05.264841+00:00
äVANRIK Green ENERGYö Ltd,PFAN annual report mentioning Vanrik Agro Group,webResearchSources,https://annual-report.pfan.net/home/,True,200,https://annual-report.pfan.net/home/,,Home - PFAN Annual Report 2023 / PPSE Final Report,http,2026-09-07T16:55:04.637712+00:00
Alexandre Pierron-Darbonne,Primary contact,primaryContactUrl,https://planasa.com/contact/,True,200,https://planasa.com/contact/,,CONTACT - Planasa,http,2026-09-07T16:55:03.512838+00:00
Alexandre Pierron-Darbonne,Planasa official history and leadership,webResearchSources,https://planasa.com/vision-values/,True,200,https://planasa.com/vision-values/,,VISION &amp; VALUES - Planasa,http,2026-09-07T16:55:03.643339+00:00
Alexandre Pierron-Darbonne,Cinven sale of Planasa to EW Group,webResearchSources,https://www.cinven.com/news-insights/cinven-and-label-investments-to-sell-planasa-to-ew-group/,True,200,https://www.cinven.com/news-insights/cinven-and-label-investments-to-sell-planasa-to-ew-group/,,Cinven and Label Investments to sell Planasa to EW Group | Cinven - Focused European Integrated World-class,http,2026-09-07T16:53:10.068839+00:00
Alexandre Pierron-Darbonne,Swiss federal variety bulletin identifying owner and breeder roles,webResearchSources,https://www.blw.admin.ch/dam/en/sd-web/obQb8ZzH0xwL/plantvar%20274%20Nov%2022.pdf,True,200,https://www.blw.admin.ch/dam/en/sd-web/obQb8ZzH0xwL/plantvar%20274%20Nov%2022.pdf,,,http,2026-09-07T16:55:03.993156+00:00
INSTITUTO NACIONAL DE INVESTIGACION AGROPECUARIA (INIA),Primary contact,primaryContactUrl,https://www.inia.uy/autoridades,True,403,https://www.inia.uy/autoridades,Automated access was blocked or temporarily unavailable; source requires manual browser review.,,manual_browser_required,2026-09-07T16:55:03.090213+00:00
INSTITUTO NACIONAL DE INVESTIGACION AGROPECUARIA (INIA),Contact source,contactSourceUrl,https://www.inia.uy/index.php/inia-en-el-territorio/inia-direccion-nacional,True,403,https://www.inia.uy/index.php/inia-en-el-territorio/inia-direccion-nacional,Automated access was blocked or temporarily unavailable; source requires manual browser review.,,manual_browser_required,2026-09-07T16:55:03.102932+00:00
INSTITUTO NACIONAL DE INVESTIGACION AGROPECUARIA (INIA),INIA official institutional description,webResearchSources,https://www.inia.uy/index.php/quienes-somos,True,403,https://www.inia.uy/index.php/quienes-somos,Automated access was blocked or temporarily unavailable; source requires manual browser review.,,manual_browser_required,2026-09-07T16:55:03.100585+00:00
INSTITUTO NACIONAL DE INVESTIGACION AGROPECUARIA (INIA),INIA intensive plant production and breeding program,webResearchSources,https://www.inia.uy/sistemas-de-produccion/vegetal-intensivo,True,403,https://www.inia.uy/sistemas-de-produccion/vegetal-intensivo,Automated access was blocked or temporarily unavailable; source requires manual browser review.,,manual_browser_required,2026-09-07T16:55:03.099732+00:00
Gianfranco Castagnoli,Primary contact,primaryContactUrl,https://civ.it/en/contact-us/,True,200,https://civ.it/en/contact-us/,,Contact us - CIV - Consorzio Italiano Vivaisti,http,2026-09-07T16:55:05.500507+00:00
Gianfranco Castagnoli,CIV official website,webResearchSources,https://civ.it/en/,True,200,https://civ.it/en/,,Home - CIV - Consorzio Italiano Vivaisti,http,2026-09-07T16:55:04.495647+00:00
Gianfranco Castagnoli,CIVNI patent and assignment record,webResearchSources,https://patents.google.com/patent/USPP14177P3/en,True,200,https://patents.google.com/patent/USPP14177P3/en,,USPP14177P3 - Apple tree named ‘Civni’ - Google Patents,http,2026-09-07T16:55:03.338520+00:00
Gianfranco Castagnoli,Sakpatenti official registry naming CIV and Castagnoli heir,webResearchSources,https://www.sakpatenti.gov.ge/media/page_files/registered_varieties_e.pdf,True,200,https://www.sakpatenti.gov.ge/media/page_files/registered_varieties_e.pdf,,,http,2026-09-07T16:55:05.861182+00:00
Carlos Trapero Ramírez,Primary contact,primaryContactUrl,https://www.uco.es/ucolivo/bgmo/,True,200,https://www.uco.es/ucolivo/bgmo/,,Redirigiendo...,http,2026-09-07T16:53:39.056928+00:00
Carlos Trapero Ramírez,Contact source,contactSourceUrl,https://www.uco.es/ucolivo/home/,True,200,https://www.uco.es/ucolivo/home/,,Redirigiendo...,http,2026-09-07T16:53:45.486581+00:00
Carlos Trapero Ramírez,Official I-20 patent application naming Todolivo and breeders,webResearchSources,https://patentimages.storage.googleapis.com/35/45/27/6e47c46f5317f2/US20210368661P1.pdf,True,200,https://patentimages.storage.googleapis.com/35/45/27/6e47c46f5317f2/US20210368661P1.pdf,,,http,2026-09-07T16:55:03.560642+00:00
S.A. Viveros Provedo,Primary contact,primaryContactUrl,https://www.provedo.com/es/contacto/,True,200,https://www.provedo.com/es/contacto/,,Contacto - Provedo,http,2026-09-07T16:55:04.717162+00:00
S.A. Viveros Provedo,Contact source,contactSourceUrl,https://www.provedo.com/es/empresa/,True,200,https://www.provedo.com/es/empresa/,,Provedo - Empresa - Conoce quiénes somos y cómo trabajamos,http,2026-09-07T16:55:04.249169+00:00
S.A. Viveros Provedo,Spanish MAPA official entity record,webResearchSources,https://servicio.mapa.gob.es/germenwai/DetalleEntidad.aspx?IDSolicitante=101411&TxtSolicitante=VIVEROS+PROVEDO%2C+S.A.+%2F+UNIVERSIDAD+DE+LA+RIOJA&id=es,True,200,https://servicio.mapa.gob.es/germenwai/DetalleEntidad.aspx?IDSolicitante=101411&TxtSolicitante=VIVEROS+PROVEDO%2C+S.A.+%2F+UNIVERSIDAD+DE+LA+RIOJA&id=es,,[Catálogos nacionales y comunitarios] - Agricultura - mapa.gob.es,http,2026-09-07T16:55:05.234410+00:00
S.A. Viveros Provedo,Spanish MAPA official variety-title results,webResearchSources,https://servicio.mapa.gob.es/germenwai/ResBusVariedades.aspx?IDEspecie=119&TxtEspecie=VID&id=es&nOrden=6&nPag=36,True,200,https://servicio.mapa.gob.es/germenwai/ResBusVariedades.aspx?IDEspecie=119&TxtEspecie=VID&id=es&nOrden=6&nPag=36,,[Búsqueda de variedades] - Agricultura - mapa.gob.es,http,2026-09-07T16:55:05.576511+00:00
Mountain Blue Orchards Pty Ltd,Primary contact,primaryContactUrl,https://www.mountainblue.com.au/contact-us,True,200,https://www.mountainblue.com.au/contact-us,,Contact Us &mdash; Mountain Blue,http,2026-09-07T16:55:04.199552+00:00
Mountain Blue Orchards Pty Ltd,Contact source,contactSourceUrl,https://www.mountainblue.com.au/personal-information,True,200,https://www.mountainblue.com.au/personal-information,,Personal Information Collection &mdash; Mountain Blue,http,2026-09-07T16:55:04.640865+00:00
Mountain Blue Orchards Pty Ltd,Mountain Blue official history and succession,webResearchSources,https://www.mountainblue.com.au/history,True,200,https://www.mountainblue.com.au/history,,Our History &mdash; Mountain Blue,http,2026-09-07T16:55:04.364250+00:00
Mountain Blue Orchards Pty Ltd,Ridley7301 patent and assignee record,webResearchSources,https://patents.google.com/patent/USPP36402P2/en,True,200,https://patents.google.com/patent/USPP36402P2/en,,USPP36402P2 - Blueberry plant named ‘Ridley7301’ - Google Patents,http,2026-09-07T16:55:04.543258+00:00
Florida Foundation Seed Producers,Primary contact,primaryContactUrl,https://ffsp.net/about/facilities/,True,200,https://ffsp.net/about/facilities/,,Facilities,http,2026-09-07T16:55:05.441216+00:00
Florida Foundation Seed Producers,FFSP official organization and IP role,webResearchSources,https://ffsp.net/about/,True,200,https://ffsp.net/about/,,About,http,2026-09-07T16:55:05.241081+00:00
Florida Foundation Seed Producers,FFSP official licensing process,webResearchSources,https://ffsp.net/itn/,True,200,https://ffsp.net/itn/,,ITN,http,2026-09-07T16:55:05.332359+00:00
José María Gómez Porras,Primary contact,primaryContactUrl,https://www.todolivo.com/en/contact/,True,200,https://www.todolivo.com/en/contact/,,Contact - Todolivo - Pioneers and experts in Olive Grove in Hedge,http,2026-09-07T16:55:06.513226+00:00
José María Gómez Porras,Official I-20 patent application naming Todolivo and breeders,webResearchSources,https://patentimages.storage.googleapis.com/35/45/27/6e47c46f5317f2/US20210368661P1.pdf,True,200,https://patentimages.storage.googleapis.com/35/45/27/6e47c46f5317f2/US20210368661P1.pdf,,,http,2026-09-07T16:55:03.560642+00:00
José María Gómez Porras,Sakpatenti I-15 bulletin identifying Todolivo as title holder,webResearchSources,https://www.sakpatenti.gov.ge/media/publication_pdf/BL266_2022_%E1%83%AF%E1%83%98%E1%83%A8%E1%83%94%E1%83%91%E1%83%98%E1%83%A1.pdf,True,200,https://www.sakpatenti.gov.ge/media/publication_pdf/BL266_2022_%E1%83%AF%E1%83%98%E1%83%A8%E1%83%94%E1%83%91%E1%83%98%E1%83%A1.pdf,,,http,2026-09-07T16:55:06.883033+00:00
José María Gómez Porras,Todolivo 2025 leadership and family succession signal,webResearchSources,https://www.todolivo.com/todolivo-recibe-el-xii-premio-san-isidro-a-la-excelencia-agroalimentaria/,True,200,https://www.todolivo.com/todolivo-recibe-el-xii-premio-san-isidro-a-la-excelencia-agroalimentaria/,,Todolivo recibe el XII Premio San Isidro a la Excelencia Agroalimentaria - Todolivo - Expertos en hacer RENTABLE tu Olivar,http,2026-09-07T16:55:06.494968+00:00
Diego Barranco Navero,Primary contact,primaryContactUrl,https://www.uco.es/organiza/departamentos/agronomia/es/diego-barranco-navero,True,200,https://www.uco.es/organiza/departamentos/agronomia/es/diego-barranco-navero,,Diego Barranco Navero,http,2026-09-07T16:55:06.321473+00:00
Diego Barranco Navero,Contact source,contactSourceUrl,https://www.uco.es/ucolivo/home/,True,200,https://www.uco.es/ucolivo/home/,,Redirigiendo...,http,2026-09-07T16:53:45.486581+00:00
Diego Barranco Navero,Official I-20 patent application naming Todolivo and breeders,webResearchSources,https://patentimages.storage.googleapis.com/35/45/27/6e47c46f5317f2/US20210368661P1.pdf,True,200,https://patentimages.storage.googleapis.com/35/45/27/6e47c46f5317f2/US20210368661P1.pdf,,,http,2026-09-07T16:55:03.560642+00:00
Prof. Dr. Christa Fischer,Primary contact,primaryContactUrl,https://www.julius-kuehn.de/en/zo,True,200,https://www.julius-kuehn.de/en/zo,,JKI: Breeding Research on Fruit Crops,http,2026-09-07T16:54:50.091376+00:00
Prof. Dr. Christa Fischer,Official Pillnitz horticulture history and Fischer succession,webResearchSources,https://www.openagrar.de/servlets/MCRFileNodeServlet/openagrar_derivate_00051427/1210-014928_100_Jahre_Gartenbau_Broschuere_Inhalt_192S_barr__2_.pdf,True,200,https://www.openagrar.de/pow-challenge?redirect_url=%2Fservlets%2FMCRFileNodeServlet%2Fopenagrar_derivate_00051427%2F1210-014928_100_Jahre_Gartenbau_Broschuere_Inhalt_192S_barr__2_.pdf,,Sicherheitsüberprüfung,http,2026-09-07T16:55:06.937222+00:00
Prof. Dr. Christa Fischer,Rebella patent and historical federal assignee,webResearchSources,https://patents.google.com/patent/USPP15134P2/en,True,200,https://patents.google.com/patent/USPP15134P2/en,,USPP15134P2 - Apple tree named ‘Rebella’ - Google Patents,http,2026-09-07T16:55:05.559035+00:00
Concepción Muñoz Díez,Primary contact,primaryContactUrl,https://www.uco.es/organiza/departamentos/agronomia/es/concepcion-munoz-diez,True,200,https://www.uco.es/organiza/departamentos/agronomia/es/concepcion-munoz-diez,,Concepción Muñoz Díez,http,2026-09-07T16:55:06.338657+00:00
Concepción Muñoz Díez,Contact source,contactSourceUrl,https://www.uco.es/ucolivo/home/,True,200,https://www.uco.es/ucolivo/home/,,Redirigiendo...,http,2026-09-07T16:53:45.486581+00:00
Concepción Muñoz Díez,Official I-20 patent application naming Todolivo and breeders,webResearchSources,https://patentimages.storage.googleapis.com/35/45/27/6e47c46f5317f2/US20210368661P1.pdf,True,200,https://patentimages.storage.googleapis.com/35/45/27/6e47c46f5317f2/US20210368661P1.pdf,,,http,2026-09-07T16:55:03.560642+00:00
Michael Neumüller,Primary contact,primaryContactUrl,https://www.bayoz.de/de/kontakt/,True,200,https://www.bayoz.de/de/kontakt/,,Kontakt,http,2026-09-07T16:54:00.718694+00:00
Michael Neumüller,BayOZ legal identity and managing director,webResearchSources,https://www.obstzentrum.de/impressum/,True,200,https://www.obstzentrum.de/impressum/,,Impressum und Anbieterkennung / Bayerisches Obstzentrum,http,2026-09-07T16:55:06.124073+00:00
Michael Neumüller,BayOZ cultivar and breeder evidence,webResearchSources,https://www.bayoz.de/de/obstsorten/apfel-grafin-goldach/,True,200,https://www.bayoz.de/de/obstsorten/apfel-grafin-goldach/,,Apfel ‘Gräfin Goldach®’,http,2026-09-07T16:55:06.167667+00:00
PSB Producción Vegetal S.L.,Primary contact,primaryContactUrl,https://psbproduccionvegetal.com/en/team/,True,200,https://psbproduccionvegetal.com/en/team/,,Team - PSB Producción vegetal,http,2026-09-07T16:55:06.916835+00:00
PSB Producción Vegetal S.L.,"PSB history, scale, and family-company status",webResearchSources,https://psbproduccionvegetal.com/en/about-us/,True,200,https://psbproduccionvegetal.com/en/about-us/,,About us - PSB Producción vegetal,http,2026-09-07T16:55:07.125110+00:00
PSB Producción Vegetal S.L.,"PSB breeding, protection, and portfolio count",webResearchSources,https://psbproduccionvegetal.com/en/variety-creation/,True,200,https://psbproduccionvegetal.com/en/variety-creation/,,Variety creation - PSB Producción vegetal,http,2026-09-07T16:55:07.513582+00:00
TROShIN Leonid PETROVICh,Primary contact,primaryContactUrl,https://kubsau.ru/education/chairs/viniculture/staff/6917/,True,200,https://kubsau.ru/education/chairs/viniculture/staff/6917/,,Личная карточка - Кубанский государственный аграрный университет,http,2026-09-07T16:55:07.598157+00:00
TROShIN Leonid PETROVICh,Kuban State Agrarian University innovation-enterprise relationship,webResearchSources,https://www.kubsau.ru/science/office_science_and_innovation/mip/ooo-mip-kubanskiy-vinograd/,True,200,https://www.kubsau.ru/science/office_science_and_innovation/mip/ooo-mip-kubanskiy-vinograd/,,ООО МИП «Кубанский виноград» - Кубанский государственный аграрный университет,http,2026-09-07T16:55:07.857589+00:00
TROShIN Leonid PETROVICh,2026 professional status and department-leadership history,webResearchSources,https://rvwa.ru/20260224/3100976.html,True,200,https://rvwa.ru/20260224/3100976.html,,"Леонид Трошин: ""Виноград — это система координат, в которой я живу"". Часть 1 - 03.06.2026 ФСРО АВВР",http,2026-09-07T16:55:08.683530+00:00
Fall Creek Farm & Nursery,Primary contact,primaryContactUrl,https://www.fallcreeknursery.com/contact-us,True,200,https://www.fallcreeknursery.com/contact-us,,Plant Preview Program | Fall Creek®,http,2026-09-07T16:55:07.853288+00:00
Fall Creek Farm & Nursery,Contact source,contactSourceUrl,https://www.fallcreeknursery.com/about/about-fall-creek,True,200,https://www.fallcreeknursery.com/about/about-fall-creek,,Who We Are | Fall Creek Farm & Nursery,http,2026-09-07T16:55:03.017608+00:00
Fall Creek Farm & Nursery,Fall Creek ownership and family succession history,webResearchSources,https://www.fallcreeknursery.com/about/about-fall-creek/our-history,True,200,https://www.fallcreeknursery.com/about/about-fall-creek/our-history,,Our History | Fall Creek Nursery,http,2026-09-07T16:53:39.631261+00:00
Fall Creek Farm & Nursery,Fall Creek current CEO and operating scale,webResearchSources,https://www.fallcreeknursery.com/blog/fall-creek-appoints-marc-de-beer-ph.d-as-chief-executive-officer,True,200,https://www.fallcreeknursery.com/blog/fall-creek-appoints-marc-de-beer-ph.d-as-chief-executive-officer,,Fall Creek®,http,2026-09-07T16:55:07.328247+00:00
Sakurai Shigetaka,Primary contact,primaryContactUrl,https://nippon-ryokusan.co.jp/about/,True,,https://nippon-ryokusan.co.jp/about/,Automated request timed out; source requires manual browser review.,,manual_browser_required,2026-09-07T16:53:57.651014+00:00
Sakurai Shigetaka,MAFF RYOKU NH-12 holder and breeder record,webResearchSources,https://www.hinshu2.maff.go.jp/vips/cmm/apCMM112.aspx?LANGUAGE=Japanese&TOUROKU_NO=28230,True,200,https://www.hinshu2.maff.go.jp/vips/cmm/apCMM112.aspx?LANGUAGE=Japanese&TOUROKU_NO=28230,,品種登録迅速化総合電子化システム,http,2026-09-07T16:55:07.440049+00:00
Sakurai Shigetaka,Australian PBR journal for RYOKU AP-11,webResearchSources,https://www.ipaustralia.gov.au/tools-and-research/professional-resources/ip-rights-journals/~/-/media/Project/IPA/IPAustralia/PDF/PBR-Journals/Volume-33-Number-3.pdf?rev=15e9cbfb501944ccade1671a72715cfe,True,200,https://www.ipaustralia.gov.au/tools-and-research/professional-resources/ip-rights-journals/~/-/media/Project/IPA/IPAustralia/PDF/PBR-Journals/Volume-33-Number-3.pdf?rev=15e9cbfb501944ccade1671a72715cfe,,,http,2026-09-07T16:54:53.815135+00:00
JoAnne F. Coss,Primary contact,primaryContactUrl,https://www.driscolls.com/about/Contact-Us,True,200,https://www.driscolls.com/about/Contact-Us,,Contact Us,http,2026-09-07T16:53:50.653536+00:00
JoAnne F. Coss,Contact source,contactSourceUrl,https://www.driscolls.com/,True,200,https://www.driscolls.com/,,Driscoll&#x27;s,http,2026-09-07T16:53:41.656691+00:00
JoAnne F. Coss,Contemporary statement of Driscoll employment,webResearchSources,https://sccounty01.co.santa-cruz.ca.us/planning/plnmeetings/PLNSupMaterial/PC/Minutes/2007/20070314/007.pdf,True,200,https://www2.santacruzcountyca.gov/planning/plnmeetings/PLNSupMaterial/PC/Minutes/2007/20070314/007.pdf,,,http,2026-09-07T16:55:07.700987+00:00
JoAnne F. Coss,Coss patent portfolio and Driscoll assignees,webResearchSources,https://patents.justia.com/inventor/joanne-coss,True,403,https://patents.justia.com/inventor/joanne-coss,Automated access was blocked or temporarily unavailable; source requires manual browser review.,,manual_browser_required,2026-09-07T16:55:07.008055+00:00
JoAnne F. Coss,USDA cultivar register and Driscoll breeding teams,webResearchSources,https://www.ars.usda.gov/ARSUserFiles/1718/PDF/2006/hortsci_45_1101_1113.pdf,True,200,https://www.ars.usda.gov/ARSUserFiles/1718/PDF/2006/hortsci_45_1101_1113.pdf,,,http,2026-09-07T16:55:07.491295+00:00
Enrique Masiá Serrador,Primary contact,primaryContactUrl,https://www.masiaciscar.es/contacto/,True,200,https://www.masiaciscar.es/contacto/,,Contacto - Masiá Ciscar,http,2026-09-07T16:53:16.357860+00:00
Enrique Masiá Serrador,"A13-26 inventor, assignment, and Masiá Ciscar assignee",webResearchSources,https://patents.google.com/patent/USPP32137P3/en,True,200,https://patents.google.com/patent/USPP32137P3/en,,USPP32137P3 - Strawberry plant named ‘A13-26’ - Google Patents,http,2026-09-07T16:55:07.381758+00:00
Enrique Masiá Serrador,CFIA MC18-20 Masiá Breeding rights record,webResearchSources,https://active.inspection.gc.ca/english/plaveg/pbrpov/cropreport/str/app00013959e.shtml?wbdisable=true,True,200,https://active.inspection.gc.ca/english/plaveg/pbrpov/cropreport/str/app00013959e.shtml?wbdisable=true,,Canadian Food Inspection Agency - MC18 20,http,2026-09-07T16:55:00.105711+00:00
Enrique Masiá Serrador,Masiá Ciscar official group site,webResearchSources,https://www.masiaciscar.es/en/,True,200,https://www.masiaciscar.es/en/,,Masiá Ciscar: Fruit Producer and Marketer,http,2026-09-07T16:55:08.185607+00:00
The Burchell Nursery,Primary contact,primaryContactUrl,https://www.burchellnursery.com/contact-us,True,200,https://www.burchellnursery.com/contact-us,,Burchell Nursery Contact &mdash; Burchell Nursery,http,2026-09-07T16:55:07.910013+00:00
The Burchell Nursery,"Burchell ownership, leadership, succession, and scale",webResearchSources,https://www.burchellnursery.com/about,True,200,https://www.burchellnursery.com/about,,About Us | Grow with Confidence &mdash; Explore Our Trees &mdash; Burchell Nursery,http,2026-09-07T16:55:07.599658+00:00
The Burchell Nursery,Burchell Breeding Inc. program,webResearchSources,https://www.burchellnursery.com/burchell-breeding,True,200,https://www.burchellnursery.com/burchell-breeding,,"Self Fertile Almond Tree, Nonpareil plus, Nonpareil+ &mdash; Burchell Nursery",http,2026-09-07T16:55:08.077617+00:00
The Burchell Nursery,BBI intellectual-property ownership and international licensees,webResearchSources,https://www.burchellnursery.com/international-reps,True,200,https://www.burchellnursery.com/international-reps,,International Reps | Expand Your Orchard Opportunities Today &mdash; Burchell Nursery,http,2026-09-07T16:55:08.161174+00:00
University of Arkansas System Division of Agriculture,Primary contact,primaryContactUrl,https://aaes.uada.edu/fruit-breeding/,True,200,https://aaes.uada.edu/fruit-breeding/,,Fruit Breeding,http,2026-09-07T16:53:15.216511+00:00
University of Arkansas System Division of Agriculture,Official patented-fruit and Technology Commercialization overview,webResearchSources,https://www.uaex.uada.edu/yard-garden/fruits-nuts/default.aspx,True,200,https://www.uaex.uada.edu/yard-garden/fruits-nuts/default.aspx,,"Arkansas Fruits &amp; Nuts | Berries, Fruit Trees, Grapes, Pecans",http,2026-09-07T16:55:08.052935+00:00
University of Arkansas System Division of Agriculture,Official licensed-propagator schedule,webResearchSources,https://bpb-us-e1.wpmucdn.com/wordpressua.uark.edu/dist/3/599/files/2024/05/Licensed-Propagators-List-table.pdf,True,200,https://bpb-us-e1.wpmucdn.com/wordpressua.uark.edu/dist/3/599/files/2024/05/Licensed-Propagators-List-table.pdf,,,http,2026-09-07T16:55:08.083749+00:00
Thomas M. Sjulin,Primary contact,primaryContactUrl,https://www.driscolls.com/about/Contact-Us,True,200,https://www.driscolls.com/about/Contact-Us,,Contact Us,http,2026-09-07T16:53:50.653536+00:00
Thomas M. Sjulin,Contact source,contactSourceUrl,https://www.driscolls.com/,True,200,https://www.driscolls.com/,,Driscoll&#x27;s,http,2026-09-07T16:53:41.656691+00:00
Thomas M. Sjulin,CFIA Kulshan holder and breeder record,webResearchSources,https://active.inspection.gc.ca/english/plaveg/pbrpov/cropreport/ra/app00013156e.shtml,True,200,https://active.inspection.gc.ca/english/plaveg/pbrpov/cropreport/ra/app00013156e.shtml,,Canadian Food Inspection Agency - DrisRaspTwentyThree,http,2026-09-07T16:55:07.971699+00:00
Thomas M. Sjulin,USDA record of Driscoll role and research leadership,webResearchSources,https://agresearchmag.ars.usda.gov/1999/sep/berry/,True,200,https://agresearchmag.ars.usda.gov/1999/sep/berry/,,"USDA ARS Online Magazine Vol. 47, No. 9",http,2026-09-07T16:55:08.113088+00:00
Thomas M. Sjulin,Sjulin patent portfolio and Driscoll assignees,webResearchSources,https://patents.justia.com/inventor/thomas-m-sjulin?page=2,True,403,https://patents.justia.com/inventor/thomas-m-sjulin?page=2,Automated access was blocked or temporarily unavailable; source requires manual browser review.,,manual_browser_required,2026-09-07T16:55:07.919874+00:00
Tagliani Francesco,Primary contact,primaryContactUrl,https://civ.it/contatti/,True,200,https://civ.it/contatti/,,Contatti - CIV - Consorzio Italiano Vivaisti,http,2026-09-07T16:55:09.294760+00:00
Tagliani Francesco,CFIA CIV holder and Tagliani breeder record,webResearchSources,https://active.inspection.gc.ca/english/plaveg/pbrpov/cropreport/app/app00007477e.shtml,True,200,https://active.inspection.gc.ca/english/plaveg/pbrpov/cropreport/app/app00007477e.shtml,,Canadian Food Inspection Agency - G198,http,2026-09-07T16:55:08.194321+00:00
Tagliani Francesco,CIV current research and founding-nursery structure,webResearchSources,https://civ.it/ricerca-e-sviluppo/,True,200,https://civ.it/ricerca-e-sviluppo/,,Ricerca e Sviluppo - CIV - Consorzio Italiano Vivaisti,http,2026-09-07T16:55:09.254258+00:00
Tagliani Francesco,University of Ferrara memorial record for CIV founders,webResearchSources,https://www.unife.it/it/studiare/laurearsi/premi-borse/borse-di-studio-unife/bando-civ-2023-2024-2.pdf,True,200,https://www.unife.it/it/studiare/laurearsi/premi-borse/borse-di-studio-unife/bando-civ-2023-2024-2.pdf,,,http,2026-09-07T16:55:10.110060+00:00
S.A.R.L. Benoit Escande Editions,Primary contact,primaryContactUrl,https://www.bee-fruits.com/contact/,True,200,https://www.bee-fruits.com/contact/,,Bee a world of fruits Contact - Bee a world of fruits,http,2026-09-07T16:55:09.090176+00:00
S.A.R.L. Benoit Escande Editions,Current French company status and safeguard plan,webResearchSources,https://www.societe.com/societe/benoit-escande-editions-501540272.html,True,200,https://www.societe.com/societe/benoit-escande-editions-501540272.html,,"Soci&#233;t&#233; BENOIT ESCANDE EDITIONS &#224; SAINT-VITE (47500). Chiffre d'affaires, extrait Kbis, b&#233;n&#233;fice, statuts, extrait RNE, bilans, actionnaires, valeur, valorisation - 501540272",http,2026-09-07T16:55:09.182216+00:00
S.A.R.L. Benoit Escande Editions,Escande group roles and managed-variety scope,webResearchSources,https://www.pepinieres-escande.com/wp-content/uploads/ESCANDE-CatalogueAbricot-ENOct2016.pdf,True,200,https://www.pepinieres-escande.com/wp-content/uploads/ESCANDE-CatalogueAbricot-ENOct2016.pdf,,,http,2026-09-07T16:55:09.484922+00:00
Johan Nicolai,Primary contact,primaryContactUrl,https://www.zoukbv.be/contact,True,200,https://www.zoukbv.be/contact,,Contact us | Zouk,http,2026-09-07T16:54:27.219427+00:00
Johan Nicolai,Zouk official family and company history,webResearchSources,https://www.zoukbv.be/about-us/our-history,True,200,https://www.zoukbv.be/about-us/our-history,,Our history | Zouk,http,2026-09-07T16:55:09.521920+00:00
Johan Nicolai,ZOUK31 inventor and Zouk assignment,webResearchSources,https://patents.google.com/patent/USPP30490P2/en,True,200,https://patents.google.com/patent/USPP30490P2/en,,USPP30490P2 - Apple tree named ‘ZOUK 31’ - Google Patents,http,2026-09-07T16:55:08.437076+00:00
Enrico Peterlunger,Primary contact,primaryContactUrl,https://www.uniud.it/it/ricerca/strutture-e-competenze/gruppi-di-ricerca-indice/%40%40gruppo-ricerca?group-id=5136,True,200,https://www.uniud.it/it/ricerca/strutture-e-competenze/gruppi-di-ricerca-indice/%40%40gruppo-ricerca?group-id=5136,,Gruppi e temi di ricerca — UNIUD - Università degli Studi di Udine,http,2026-09-07T16:55:10.520355+00:00
Enrico Peterlunger,Contact source,contactSourceUrl,https://www.unityfvg.it/fileadmin/documenti/pdf/presentazione-industry/13.Fleurtai.pdf,True,200,https://www.unityfvg.it/fileadmin/documenti/pdf/presentazione-industry/13.Fleurtai.pdf,,,http,2026-09-07T16:55:10.100415+00:00
Enrico Peterlunger,CFIA Fleurtai joint holders and breeder team,webResearchSources,https://active.inspection.gc.ca/english/plaveg/pbrpov/cropreport/gra/app00010243e.shtml,True,200,https://active.inspection.gc.ca/english/plaveg/pbrpov/cropreport/gra/app00010243e.shtml,,Canadian Food Inspection Agency - Fleurtai,http,2026-09-07T16:53:39.526422+00:00
Glenn S. Cole,Primary contact,primaryContactUrl,https://strawberry.ucdavis.edu/people/glenn-cole,True,403,https://strawberry.ucdavis.edu/people/glenn-cole,Automated access was blocked or temporarily unavailable; source requires manual browser review.,,manual_browser_required,2026-09-07T16:55:08.551756+00:00
Glenn S. Cole,Contact source,contactSourceUrl,https://research.ucdavis.edu/uc-davis-releases-2-new-strawberry-varieties/,True,200,https://research.ucdavis.edu/uc-davis-releases-2-new-strawberry-varieties/,,UC Davis Releases 2 New Strawberry Varieties - Office of Research,http,2026-09-07T16:55:09.088114+00:00
Glenn S. Cole,UC Davis ownership and program structure backgrounder,webResearchSources,https://www.plantsciences.ucdavis.edu/news/strawberry-breeding-program-backgrounder-frequently-asked-questions,True,403,https://www.plantsciences.ucdavis.edu/news/strawberry-breeding-program-backgrounder-frequently-asked-questions,Automated access was blocked or temporarily unavailable; source requires manual browser review.,,manual_browser_required,2026-09-07T16:55:08.784609+00:00
Glenn S. Cole,UC Davis current program leadership and bench,webResearchSources,https://www.plantsciences.ucdavis.edu/news/feldmann-strawberry-director,True,403,https://www.plantsciences.ucdavis.edu/news/feldmann-strawberry-director,Automated access was blocked or temporarily unavailable; source requires manual browser review.,,manual_browser_required,2026-09-07T16:55:08.999560+00:00
José Egea Caballero,Primary contact,primaryContactUrl,https://www.cebas.csic.es/,True,,https://www.cebas.csic.es/,Automated request timed out; source requires manual browser review.,,manual_browser_required,2026-09-07T16:54:49.681117+00:00
José Egea Caballero,CEBAS fruit-variety licensing site,webResearchSources,https://cebasfruit.com/en/,True,200,https://cebasfruit.com/en/home/,,CebasFruit &#8211; Grupo de Mejora de Frutales,http,2026-09-07T16:55:11.847079+00:00
José Egea Caballero,Morocco plant-variety bulletin showing applicant and breeder roles,webResearchSources,https://www.onssa.gov.ma/wp-content/uploads/2022/11/bulletin-protection-n36-septembre-2021-onssa-dcsp-1.pdf,False,,https://www.onssa.gov.ma/wp-content/uploads/2022/11/bulletin-protection-n36-septembre-2021-onssa-dcsp-1.pdf,URLError: <urlopen error [Errno 111] Connection refused>,,http,2026-09-07T16:55:09.873030+00:00
Simó Alegre,Primary contact,primaryContactUrl,https://www.irta.cat/en/personal/simo-alegre-castellvi/,True,200,https://www.irta.cat/en/personal/simo-alegre-castellvi/,,Simó Alegre - IRTA,http,2026-09-07T16:55:13.964781+00:00
Simó Alegre,IRTA scientific profile,webResearchSources,https://irta.scimarina.org/cat/ipublic/researcher/280685,True,,https://irta.scimarina.org/cat/ipublic/researcher/280685,Automated request timed out; source requires manual browser review.,,manual_browser_required,2026-09-07T16:55:29.636266+00:00
Simó Alegre,IRTA cultivar-program record,webResearchSources,https://portalcientific.irta.cat/cat/ipublic/item/9720776,True,,https://portalcientific.irta.cat/cat/ipublic/item/9720776,Automated request timed out; source requires manual browser review.,,manual_browser_required,2026-09-07T16:55:29.591257+00:00
Centre de Recherche et d'Innovation Végétale (C.R.I.V.) SAS,Primary contact,primaryContactUrl,https://www.marionnet-label.com/a-propos-le-criv/,True,200,https://www.marionnet-label.com/a-propos-le-criv/,,À propos - Découvrez le site du CRIV - Marionnet Label,http,2026-09-07T16:54:21.525659+00:00
Centre de Recherche et d'Innovation Végétale (C.R.I.V.) SAS,French corporate registry summary and filing history,webResearchSources,https://www.pappers.fr/entreprise/centre-de-recherche-et-dinnovation-vegetale-criv-900725110,True,403,https://www.pappers.fr/entreprise/centre-de-recherche-et-dinnovation-vegetale-criv-900725110,Automated access was blocked or temporarily unavailable; source requires manual browser review.,,manual_browser_required,2026-09-07T16:55:09.360756+00:00
Centre de Recherche et d'Innovation Végétale (C.R.I.V.) SAS,USDA issued-certificate list naming CRIV as owner,webResearchSources,https://www.ams.usda.gov/sites/default/files/media/50IssuedCertificates8232024.pdf,True,200,https://www.ams.usda.gov/sites/default/files/media/50IssuedCertificates8232024.pdf,,,http,2026-09-07T16:55:09.607671+00:00
Driscoll's,Primary contact,primaryContactUrl,https://www.driscolls.com/about/Contact-Us,True,200,https://www.driscolls.com/about/Contact-Us,,Contact Us,http,2026-09-07T16:53:50.653536+00:00
Driscoll's,Driscoll's company history and ownership,webResearchSources,https://www.driscolls.com/about,True,200,https://www.driscolls.com/about,,About,http,2026-09-07T16:53:39.206516+00:00
Driscoll's,Driscoll's breeding and independent grower model,webResearchSources,https://www.driscolls.com/about/Our-Practices/How-We-Grow,True,200,https://www.driscolls.com/about/Our-Practices/How-We-Grow,,How We Grow,http,2026-09-07T16:55:09.920350+00:00
Driscoll's,Driscoll's workforce standards,webResearchSources,https://www.driscolls.com/about/thriving-workforce/Standards,True,200,https://www.driscolls.com/about/thriving-workforce/Standards,,Standards,http,2026-09-07T16:55:09.923318+00:00
CIV - Consorzio Italiano Vivaisti,Primary contact,primaryContactUrl,https://civ.it/en/about-us/,True,200,https://civ.it/en/about-us/,,About us - CIV - Consorzio Italiano Vivaisti,http,2026-09-07T16:55:10.608982+00:00
CIV - Consorzio Italiano Vivaisti,CIV official research and development program,webResearchSources,https://civ.it/ricerca-e-sviluppo/,True,200,https://civ.it/ricerca-e-sviluppo/,,Ricerca e Sviluppo - CIV - Consorzio Italiano Vivaisti,http,2026-09-07T16:55:09.254258+00:00
CIV - Consorzio Italiano Vivaisti,Canadian strawberry rights report naming CIV roles,webResearchSources,https://active.inspection.gc.ca/english/plaveg/pbrpov/cropreport/str/str131e.pdf,True,200,https://active.inspection.gc.ca/english/plaveg/pbrpov/cropreport/str/str131e.pdf,,,http,2026-09-07T16:55:10.464898+00:00
Serova ZOYa Mihajlovna,Primary contact,primaryContactUrl,https://vniispk.ru/,True,200,https://vniispk.ru/,,Официальный сайт Всероссийского научно-исследовательского института селекции плодовых культур - ФГБНУ ВНИИСПК,http,2026-09-07T16:55:10.774134+00:00
Serova ZOYa Mihajlovna,VNIISPK institutional history and breeder record,webResearchSources,https://vniispk.ru/history,True,200,https://vniispk.ru/history,,Краткая история института - ФГБНУ ВНИИСПК,http,2026-09-07T16:55:11.171021+00:00
Serova ZOYa Mihajlovna,AGRIS research record for Serova,webResearchSources,https://agris.fao.org/search/en/providers/122305/records/6878f0ce0868163a2f75698c,True,200,https://agris.fao.org/search/en/providers/122305/records/6878f0ce0868163a2f75698c,,ПЕРСПЕКТИВНЫЕ НАПРАВЛЕНИЯ И СОВЕРШЕНСТВОВАНИЕ СЕЛЕКЦИИ ЯБЛОНИ | PROMISING DIRECTIONS AND IMPROVEMENT OF APPLE BREEDING,http,2026-09-07T16:55:10.438193+00:00
BerryWorld Plus,Primary contact,primaryContactUrl,https://www.berryworld.com/en-au/berries/varieties/berryworld-plus,True,200,https://www.berryworld.com/en-au/berries/varieties/berryworld-plus,,BerryWorld Plus™ | BerryWorld,http,2026-09-07T16:55:13.679793+00:00
BerryWorld Plus,UK Companies House company record,webResearchSources,https://find-and-update.company-information.service.gov.uk/company/04466566,True,200,https://find-and-update.company-information.service.gov.uk/company/04466566,,BERRYWORLD PLUS LIMITED overview - Find and update company information - GOV.UK,http,2026-09-07T16:55:11.278497+00:00
BerryWorld Plus,UK Companies House filing history and control filings,webResearchSources,https://find-and-update.company-information.service.gov.uk/company/04466566/filing-history,True,200,https://find-and-update.company-information.service.gov.uk/company/04466566/filing-history,,BERRYWORLD PLUS LIMITED filing history - Find and update company information - GOV.UK,http,2026-09-07T16:55:11.448779+00:00
Better3fruit N.V.,Primary contact,primaryContactUrl,https://better3fruit.com/visit-us/,True,200,https://better3fruit.com/visit-us/,,Visit Us &#8211; Better3Fruit,http,2026-09-07T16:55:11.742300+00:00
Better3fruit N.V.,Better3fruit official values and business model,webResearchSources,https://better3fruit.com/our-values/,True,200,https://better3fruit.com/our-values/,,Our Values &#8211; Better3Fruit,http,2026-09-07T16:55:11.746370+00:00
Better3fruit N.V.,USDA Kizuri plant-variety application,webResearchSources,https://apps.ams.usda.gov/CMS/AdobeImages/202100027.pdf,True,200,https://apps.ams.usda.gov/CMS/AdobeImages/202100027.pdf,,,http,2026-09-07T16:55:11.819206+00:00
Zaiger's Genetics,Primary contact,primaryContactUrl,https://www.davewilson.com/about/zaiger-genetics-partnership/,True,200,https://www.davewilson.com/about/zaiger-genetics-partnership/,,Zaiger Genetics Partnership | Dave Wilson Nursery,http,2026-09-07T16:55:11.698012+00:00
Zaiger's Genetics,Dave Wilson Nursery profile of Zaiger Genetics,webResearchSources,https://www.davewilson.com/about/zaiger/,True,200,https://www.davewilson.com/about/zaiger/,,Zaiger Genetics | Dave Wilson Nursery,http,2026-09-07T16:55:11.651758+00:00
Zaiger's Genetics,Authorized regional Zaiger program history,webResearchSources,https://zaigersa.co.za/who-we-are/,True,200,https://zaigersa.co.za/who-we-are/,,Who We Are | Zaiger SA,http,2026-09-07T16:55:11.824801+00:00
University of Florida,Primary contact,primaryContactUrl,https://research.ifas.ufl.edu/our-office/contact/,True,200,https://research.ifas.ufl.edu/our-office/contact/,,"Contact - Research - University of Florida, Institute of Food and Agricultural Sciences - UF/IFAS",http,2026-09-07T16:55:12.075445+00:00
University of Florida,UF/IFAS plant breeding programs,webResearchSources,https://ask.ifas.ufl.edu/topics/plant_breeding,True,200,https://ask.ifas.ufl.edu/topics/plant_breeding,,Ask IFAS: Topic - Plant Breeding,http,2026-09-07T16:55:12.224103+00:00
University of Florida,UF/IFAS cultivar release and licensing guidance,webResearchSources,https://research.ifas.ufl.edu/media/researchifasufledu/docs/pdf/Cultivar-Release-White-Papers.pdf,True,200,https://research.ifas.ufl.edu/media/researchifasufledu/docs/pdf/Cultivar-Release-White-Papers.pdf,,,http,2026-09-07T16:55:12.179103+00:00
Sedov Evgenij NIKOLAEVICh,Primary contact,primaryContactUrl,https://vniispk.ru/,True,200,https://vniispk.ru/,,Официальный сайт Всероссийского научно-исследовательского института селекции плодовых культур - ФГБНУ ВНИИСПК,http,2026-09-07T16:55:10.774134+00:00
Sedov Evgenij NIKOLAEVICh,VNIISPK institutional and breeding history,webResearchSources,https://vniispk.ru/history,True,200,https://vniispk.ru/history,,Краткая история института - ФГБНУ ВНИИСПК,http,2026-09-07T16:55:11.171021+00:00
Sedov Evgenij NIKOLAEVICh,Russian Academy of Sciences 95th-birthday notice,webResearchSources,https://www.ras.ru/news/shownews.aspx?id=2f77dd69-d45a-4264-ba7e-7c36672c839c,True,200,https://www.ras.ru/news/shownews.aspx?id=2f77dd69-d45a-4264-ba7e-7c36672c839c,,Академику Седову Евгению Николаевичу - 95 лет!,http,2026-09-07T16:55:12.978019+00:00
Smykov Anatolij VLADIMIROVICh,Primary contact,primaryContactUrl,https://nbgnsc.ru/,True,200,https://nbgnsc.ru/,,Главная | Никитский Ботанический Сад,http,2026-09-07T16:55:13.359833+00:00
Smykov Anatolij VLADIMIROVICh,Nikitsky Botanical Garden collections and program,webResearchSources,https://nbgnsc.ru/content/%D0%BA%D0%BE%D0%BB%D0%BB%D0%B5%D0%BA%D1%86%D0%B8%D0%B8-%D0%BD%D0%B1%D1%81-%D0%BD%D0%BD%D1%86,True,200,https://nbgnsc.ru/content/%D0%BA%D0%BE%D0%BB%D0%BB%D0%B5%D0%BA%D1%86%D0%B8%D0%B8-%D0%BD%D0%B1%D1%81-%D0%BD%D0%BD%D1%86,,Коллекционный фонд Федерального государственного бюджетного учреждения науки «Ордена Трудового Красного Знамени Никитский ботанический сад - Национальный научный центр РАН» | Никитский Ботанический Сад,http,2026-09-07T16:55:13.368087+00:00
Smykov Anatolij VLADIMIROVICh,Nikitsky Botanical Garden research record,webResearchSources,https://nbgnsc.ru/en/node/983,True,200,https://nbgnsc.ru/en/node/983,,"Теоретические и практические основы создания конкурентоспособного сортимента и агротехнологий плодовых, орехоплодных и ягодных культур для повышения эффективности садоводства в России | Official site of Nikitsky Botanical Gardens",http,2026-09-07T16:55:13.726247+00:00
Smykov Anatolij VLADIMIROVICh,Ukrainian genetics society author and affiliation record,webResearchSources,https://www.utgis.org.ua/ua/krym-ua,True,,https://www.utgis.org.ua/ua/krym-ua,Automated request timed out; source requires manual browser review.,,manual_browser_required,2026-09-07T16:55:32.363571+00:00
Cornell University,Primary contact,primaryContactUrl,https://ctl.cornell.edu/plant-varieties-catalog/,True,403,https://ctl.cornell.edu/plant-varieties-catalog/,Automated access was blocked or temporarily unavailable; source requires manual browser review.,,manual_browser_required,2026-09-07T16:55:12.242697+00:00
Cornell University,Cornell AgriTech plant-breeding program,webResearchSources,https://cals.cornell.edu/cornell-agritech/our-expertise/plant-breeding,True,200,https://cals.cornell.edu/cornell-agritech/our-expertise/plant-breeding,,Plant Breeding | CALS,http,2026-09-07T16:55:14.643806+00:00
Cornell University,Cornell fruit variety licensing catalog,webResearchSources,https://ctl.cornell.edu/plant-varieties-catalog/fruits/,True,403,https://ctl.cornell.edu/plant-varieties-catalog/fruits/,Automated access was blocked or temporarily unavailable; source requires manual browser review.,,manual_browser_required,2026-09-07T16:54:56.360653+00:00
Cornell University,Cornell rootstock catalog and Cornell-USDA roles,webResearchSources,https://ctl.cornell.edu/plant-varieties-catalog/rootstocks/,True,403,https://ctl.cornell.edu/plant-varieties-catalog/rootstocks/,Automated access was blocked or temporarily unavailable; source requires manual browser review.,,manual_browser_required,2026-09-07T16:53:44.705789+00:00
D.H. Byrne,Primary contact,primaryContactUrl,https://peaches.tamu.edu/dr-byrne/,True,200,https://peaches.tamu.edu/dr-byrne/,,Dr. Byrne,http,2026-09-07T16:55:13.392290+00:00
D.H. Byrne,Texas A&M innovation and licensing office,webResearchSources,https://innovation.tamus.edu/industry/,True,200,https://innovation.tamus.edu/industry/,,Industry - Texas A&amp;M Innovation,http,2026-09-07T16:55:12.617139+00:00
D.H. Byrne,US plant patent identifying inventors and assignee,webResearchSources,https://patents.google.com/patent/USPP36872P3/en,True,200,https://patents.google.com/patent/USPP36872P3/en,,USPP36872P3 - Peach tree named ‘Flat Delight Three’ - Google Patents,http,2026-09-07T16:55:12.860391+00:00
Danilo Bernardini,Primary contact,primaryContactUrl,https://danilobernardini.it/,True,200,https://danilobernardini.it/,,Danilo Bernardini,http,2026-09-07T16:53:46.387721+00:00
Danilo Bernardini,BerryLAB official consortium profile,webResearchSources,https://berrylab.it/,True,200,https://berrylab.it/,,BerryLAB Strawberry Breeding,http,2026-09-07T16:53:46.590851+00:00
Danilo Bernardini,Swiss official plant-variety application list,webResearchSources,https://www.blw.admin.ch/dam/fr/sd-web/zMmfZOqVY5fs/Application%202004%20-%202025.pdf,True,200,https://www.blw.admin.ch/dam/fr/sd-web/zMmfZOqVY5fs/Application%202004%20-%202025.pdf,,,http,2026-09-07T16:55:14.111269+00:00
Shoji Tsuyoshi,Primary contact,primaryContactUrl,https://www.pref.yamanashi.jp/kajushiken/103_025.html,True,200,https://www.pref.yamanashi.jp/kajushiken/103_025.html,,山梨県／果樹試験場へのお問い合わせ・アクセス,http,2026-09-07T16:54:43.086515+00:00
Shoji Tsuyoshi,Yamanashi official grape-breeding program,webResearchSources,https://www.pref.yamanashi.jp/kajushiken/103_018.html,True,200,https://www.pref.yamanashi.jp/kajushiken/103_018.html,,山梨県／育種部業務,http,2026-09-07T16:54:57.431893+00:00
Shoji Tsuyoshi,Yamanashi official research report,webResearchSources,https://www.pref.yamanashi.jp/documents/79558/h29houkoku02.pdf,True,200,https://www.pref.yamanashi.jp/documents/79558/h29houkoku02.pdf,,,http,2026-09-07T16:54:58.211517+00:00
Shoji Tsuyoshi,Japan MAFF Sun Semillon registration notice,webResearchSources,https://www.hinshu2.maff.go.jp/gazette/touroku/contents/158touroku.html,True,200,https://www.hinshu2.maff.go.jp/gazette/touroku/contents/158touroku.html,,_ѐYȕio^z[y[W,http,2026-09-07T16:54:42.173453+00:00
In Ha Lee,Primary contact,primaryContactUrl,https://cnnongup.chungnam.go.kr/home/sub.cs?m=194,True,200,https://cnnongup.chungnam.go.kr/home/sub.cs?m=194,,논산딸기연구소 : 충청남도농업기술원,http,2026-09-07T16:55:13.779108+00:00
In Ha Lee,Chungcheongnam-do official strawberry cultivar paper by In Ha Lee,webResearchSources,https://cnnongup.chungnam.go.kr/home/board/B0018.cs?act=read&articleId=233634&categoryId=0&m=224&pageIndex=6&pageUnit=10&searchCondition=&searchEndDt=&searchKeyword=&searchStartDt=,True,200,https://cnnongup.chungnam.go.kr/home/board/B0018.cs?act=read&articleId=233634&categoryId=0&m=224&pageIndex=6&pageUnit=10&searchCondition=&searchEndDt=&searchKeyword=&searchStartDt=,,학술발표자료 : 충청남도농업기술원,http,2026-09-07T16:55:14.857854+00:00
In Ha Lee,Peer-reviewed Nonsan strawberry-program affiliation,webResearchSources,https://pmc.ncbi.nlm.nih.gov/articles/PMC5287166/,True,200,https://pmc.ncbi.nlm.nih.gov/articles/PMC5287166/,,First Report of Dieback Caused by Lasiodiplodia theobromae in Strawberry Plants in Korea - PMC,http,2026-09-07T16:54:55.094325+00:00
Myeong Hyeon Nam,Primary contact,primaryContactUrl,https://cnnongup.chungnam.go.kr/home/sub.cs?m=194,True,200,https://cnnongup.chungnam.go.kr/home/sub.cs?m=194,,논산딸기연구소 : 충청남도농업기술원,http,2026-09-07T16:55:13.779108+00:00
Myeong Hyeon Nam,KCI Maehyang cultivar paper naming Myeong Hyeon Nam,webResearchSources,https://www.kci.go.kr/kciportal/ci/sereArticleSearch/ciSereArtiView.kci?sereArticleSearchBean.artiId=ART001213007,True,200,https://www.kci.go.kr/kciportal/ci/sereArticleSearch/ciSereArtiView.kci?sereArticleSearchBean.artiId=ART001213007,,촉성 재배용 딸기 신품종 '매향' 육성,http,2026-09-07T16:55:16.590078+00:00
Myeong Hyeon Nam,Peer-reviewed Nonsan strawberry-program affiliation,webResearchSources,https://pmc.ncbi.nlm.nih.gov/articles/PMC5287166/,True,200,https://pmc.ncbi.nlm.nih.gov/articles/PMC5287166/,,First Report of Dieback Caused by Lasiodiplodia theobromae in Strawberry Plants in Korea - PMC,http,2026-09-07T16:54:55.094325+00:00
Encarnación Ortega Pastor,Primary contact,primaryContactUrl,https://ishs.org/symposium/596/,True,200,https://ishs.org/symposium/596/,,II International Workshop on Floral Biology and S-Incompatibility in Fruit Species - ishs,http,2026-09-07T16:55:15.956192+00:00
Encarnación Ortega Pastor,Official Morocco PBR bulletin naming CSIC applicant and Ortega breeder,webResearchSources,https://www.onssa.gov.ma/wp-content/uploads/2022/11/bulletin-protection-n36-septembre-2021-onssa-dcsp-1.pdf,False,,https://www.onssa.gov.ma/wp-content/uploads/2022/11/bulletin-protection-n36-septembre-2021-onssa-dcsp-1.pdf,URLError: <urlopen error [Errno 111] Connection refused>,,http,2026-09-07T16:55:09.873030+00:00
Encarnación Ortega Pastor,CEBAS-CSIC official site,webResearchSources,https://www.cebas.csic.es/,True,,https://www.cebas.csic.es/,Automated request timed out; source requires manual browser review.,,manual_browser_required,2026-09-07T16:54:49.681117+00:00
Stov «Enohrai»,Primary contact,primaryContactUrl,https://sops.gov.ua/,True,200,https://sops.gov.ua/,,Головна | Український інститут експертизи сортів рослин,http,2026-09-07T16:55:14.680668+00:00
Stov «Enohrai»,"Official Ukraine plant-variety bulletin, issue 5 of 2025",webResearchSources,https://sops.gov.ua/uploads/page/buleten/2025/2025-5_bul.pdf,True,200,https://sops.gov.ua/uploads/page/buleten/2025/2025-5_bul.pdf,,,http,2026-09-07T16:55:15.245461+00:00
Stov «Enohrai»,Public Ukrainian variety-register mirror for Hizela 6.1,webResearchSources,https://agrarii-razom.com.ua/culture-variety/gizela-6-1,True,403,https://agrarii-razom.com.ua/culture-variety/gizela-6-1,Automated access was blocked or temporarily unavailable; source requires manual browser review.,,manual_browser_required,2026-09-07T16:55:13.842241+00:00
Bruno Mezzetti,Primary contact,primaryContactUrl,https://www.univpm.it/Entra/Engine/RAServeFile.php/f/gare_appalto/2017/all._1_CVMezzettiWEB018_EN.pdf,True,200,https://www.univpm.it/Entra/Engine/RAServeFile.php/f/gare_appalto/2017/all._1_CVMezzettiWEB018_EN.pdf,,,http,2026-09-07T16:55:17.338730+00:00
Bruno Mezzetti,Romina US patent and Hargreaves assignment history,webResearchSources,https://patents.google.com/patent/US20120311750P1/en,True,200,https://patents.google.com/patent/US20120311750P1/en,,US20120311750P1 - Strawberry plant named &#39;Romina&#39; - Google Patents,http,2026-09-07T16:55:14.202127+00:00
Bruno Mezzetti,Geoplant Lauretta page naming Marche Polytechnic University as breeder,webResearchSources,https://geoplantvivai.com/en/lauretta-strawberry-plant/,True,200,https://geoplantvivai.com/en/lauretta-strawberry-plant/,,Lauretta Strawberry Plant | Geoplant Plant Nursery,http,2026-09-07T16:55:15.197883+00:00
Fernando Piston Piston,Primary contact,primaryContactUrl,https://www.fresasnm.com/contacto/,True,200,https://www.fresasnm.com/contacto/,,Contacto - Fresas NM - Obtentores de variedades de fresas y frambuesas,http,2026-09-07T16:55:17.453724+00:00
Fernando Piston Piston,Contact source,contactSourceUrl,https://www.fresasnm.com/aviso-legal/,True,200,https://www.fresasnm.com/aviso-legal/,,Aviso legal - Fresas NM - Obtentores de variedades de fresas y frambuesas,http,2026-09-07T16:53:14.750602+00:00
Fernando Piston Piston,FNM partner profile naming Fernando Pistón as R&D Manager,webResearchSources,https://breedingvalue.eu/partners/fnm,True,200,https://breedingvalue.eu/partners/fnm,,Fresas Nuevos Materiales S.A. | BreedingValue,http,2026-09-07T16:55:15.517451+00:00
Fernando Piston Piston,Spain official plant-variety bulletin for DUNA FNM,webResearchSources,https://www.mapa.gob.es/dam/mapa/contenido/agricultura/temas/medios-de-produccion/semillas-y-plantas-de-vivero/registro-de-variedades/boletines/boletines-bimensuales/bolrvp2-2025.pdf,True,200,https://www.mapa.gob.es/dam/mapa/contenido/agricultura/temas/medios-de-produccion/semillas-y-plantas-de-vivero/registro-de-variedades/boletines/boletines-bimensuales/bolrvp2-2025.pdf,,,http,2026-09-07T16:55:16.352849+00:00
Fernando Piston Piston,FNM official ownership and business profile,webResearchSources,https://www.fresasnm.com/fresas-nuevos-materiales/?lang=en,True,200,https://www.fresasnm.com/fresas-nuevos-materiales/?lang=en,,Fresas Nuevos Materiales - Fresas NM - Obtentores de variedades de fresas y frambuesas,http,2026-09-07T16:55:17.288919+00:00
Eli Tomer,Primary contact,primaryContactUrl,https://www.agri.gov.il/en/research-center/department/business-unit-kidum/,True,200,https://www.agri.gov.il/en/research-center/department/business-unit-kidum/,,Technology Transfer - Kidum Archives - Volcani Website,http,2026-09-07T16:54:29.327923+00:00
Eli Tomer,Official ARO project page identifying the late Eli Tomer,webResearchSources,https://www.agri.gov.il/en/breeding-projects/guava/,True,200,https://www.agri.gov.il/en/breeding-projects/guava/,,Guava - Volcani Website,http,2026-09-07T16:55:16.037986+00:00
Eli Tomer,Noa mango patent naming the Volcani breeding team,webResearchSources,https://patents.google.com/patent/US20140230106P1/en,True,200,https://patents.google.com/patent/US20140230106P1/en,,US20140230106P1 - Mango tree named &#39;NOA&#39; - Google Patents,http,2026-09-07T16:55:15.481008+00:00
Kellerhals Markus,Primary contact,primaryContactUrl,https://www.varicom.ch/about/,True,200,https://www.varicom.ch/about/,,Impressum | Imprint | Mentions légales - VariCom GmbH,http,2026-09-07T16:55:16.601013+00:00
Kellerhals Markus,Official Agroscope apple-breeding program,webResearchSources,https://www.agroscope.admin.ch/de/apfelzuechtung,True,200,https://www.agroscope.admin.ch/de/apfelzuechtung,,Apfelzüchtung,http,2026-09-07T16:55:16.974163+00:00
Kellerhals Markus,Milwa patent and Agroscope assignment,webResearchSources,https://patents.google.com/patent/US20080271214P1/en,True,200,https://patents.google.com/patent/US20080271214P1/en,,US20080271214P1 - Apple tree named &#39;milwa&#39; - Google Patents,http,2026-09-07T16:55:16.201785+00:00
Kellerhals Markus,VariCom official role and contact,webResearchSources,https://www.varicom.ch/english/,True,200,https://www.varicom.ch/english/,,Strong Partners for top Varieties of switzerland! - VariCom GmbH,http,2026-09-07T16:55:16.479422+00:00
Vered Irihimovitch,Primary contact,primaryContactUrl,https://www.agri.gov.il/en/author/veredi/,True,200,https://www.agri.gov.il/en/author/veredi/,,"ורד יריחימוביץ, Author at Volcani Website",http,2026-09-07T16:55:17.039083+00:00
Vered Irihimovitch,Official ARO avocado breeding project,webResearchSources,https://www.agri.gov.il/en/breeding-projects/avocado/,True,200,https://www.agri.gov.il/en/breeding-projects/avocado/,,Avocado - Volcani Website,http,2026-09-07T16:55:17.177490+00:00
Vered Irihimovitch,Tami avocado patent and State of Israel assignment,webResearchSources,https://patents.google.com/patent/USPP30384P3/en,True,200,https://patents.google.com/patent/USPP30384P3/en,,USPP30384P3 - Avocado tree named ‘TAMI’ - Google Patents,http,2026-09-07T16:55:16.709531+00:00
Simpson David,Primary contact,primaryContactUrl,https://www.vegetables.bayer.com/se/en-se/knowledge-centre/our-catalogue/strawberry-catalogues.html,True,200,https://www.vegetables.bayer.com/se/en-se/knowledge-centre/our-catalogue/strawberry-catalogues.html,,Strawberry Catalogues,http,2026-09-07T16:55:17.605665+00:00
Simpson David,Contact source,contactSourceUrl,https://www.niab.com/news-views/news/niab%E2%80%99s-strawberry-breeding-programme-moves-bayer,True,200,https://www.niab.com/news-views/news/niab%E2%80%99s-strawberry-breeding-programme-moves-bayer,,NIAB’s strawberry breeding programme moves to Bayer | Niab,http,2026-09-07T16:55:17.549753+00:00
Simpson David,Mayflower patent assignment history,webResearchSources,https://patents.google.com/patent/USPP24394P2/en,True,200,https://patents.google.com/patent/USPP24394P2/en,,USPP24394P2 - Strawberry plant named ‘Mayflower’ - Google Patents,http,2026-09-07T16:55:16.965090+00:00
Simpson David,Buddy patent and Hargreaves assignment,webResearchSources,https://patents.google.com/patent/USPP24512P3/en,True,200,https://patents.google.com/patent/USPP24512P3/en,,USPP24512P3 - Strawberry plant named ‘Buddy’ - Google Patents,http,2026-09-07T16:55:17.196129+00:00
Rebecca L. McCuskey,Primary contact,primaryContactUrl,https://horticulture.oregonstate.edu/users/rebecca-mc-cluskey,True,200,https://horticulture.oregonstate.edu/directory/people/rebecca-mc-cluskey,,Rebecca Mc Cluskey | Horticulture,http,2026-09-07T16:55:20.229330+00:00
Rebecca L. McCuskey,Official OSU Pacific Northwest hazelnut cultivar guide,webResearchSources,https://extension.oregonstate.edu/catalog/em-9073-growing-hazelnuts-pacific-northwest-varieties,True,200,https://extension.oregonstate.edu/catalog/em-9073-growing-hazelnuts-pacific-northwest-varieties,,Growing Hazelnuts in the Pacific Northwest: Varieties | OSU Extension Service,http,2026-09-07T16:55:17.557866+00:00
Rebecca L. McCuskey,Official OSU intellectual-property policy,webResearchSources,https://policy.oregonstate.edu/policy/intellectual-property,True,200,https://policy.oregonstate.edu/policy/intellectual-property,,Intellectual Property | University Policies and Standards | Oregon State University,http,2026-09-07T16:55:17.796305+00:00
David C. Smnit,Primary contact,primaryContactUrl,https://horticulture.oregonstate.edu/users/david-smith,True,200,https://horticulture.oregonstate.edu/directory/people/david-smith,,David Smith | Horticulture,http,2026-09-07T16:54:00.448431+00:00
David C. Smnit,Official OSU Pacific Northwest hazelnut cultivar guide,webResearchSources,https://extension.oregonstate.edu/catalog/em-9073-growing-hazelnuts-pacific-northwest-varieties,True,200,https://extension.oregonstate.edu/catalog/em-9073-growing-hazelnuts-pacific-northwest-varieties,,Growing Hazelnuts in the Pacific Northwest: Varieties | OSU Extension Service,http,2026-09-07T16:55:17.557866+00:00
David C. Smnit,Official OSU hazelnut breeding program,webResearchSources,https://plantbreeding.oregonstate.edu/plantbreeding/research/hazelnut-breeding-program,True,200,https://plantbreeding.oregonstate.edu/plantbreeding/research/hazelnut-breeding-program,,Hazelnut Breeding Program | Plant Breeding and Genetics,http,2026-09-07T16:55:17.847702+00:00
Don McKenzie,Primary contact,primaryContactUrl,https://www.plantandfood.com/en-nz/contact-us,True,200,https://www.plantandfood.com/en-nz/contact-us,,Contact us · Plant &amp; Food Research,http,2026-09-07T16:54:45.503200+00:00
Don McKenzie,Official Canadian PBR record for Sciglo / Southern Snap,webResearchSources,https://active.inspection.gc.ca/english/plaveg/pbrpov/cropreport/app/app00001205e.shtml,True,200,https://active.inspection.gc.ca/english/plaveg/pbrpov/cropreport/app/app00001205e.shtml,,Canadian Food Inspection Agency - Sciglo,http,2026-09-07T16:55:17.564584+00:00
Don McKenzie,New Zealand government announcement of the HortResearch merger,webResearchSources,https://www.beehive.govt.nz/release/crop-food-research-and-hortresearch-merge,True,200,https://www.beehive.govt.nz/release/crop-food-research-and-hortresearch-merge,,Crop &amp; Food Research and HortResearch to merge | Beehive.govt.nz,http,2026-09-07T16:55:18.752289+00:00
Don McKenzie,Plant & Food Research official history,webResearchSources,https://www.plantandfood.com/en-nz/our-history,True,200,https://www.plantandfood.com/en-nz/our-history,,Our history · Plant &amp; Food Research,http,2026-09-07T16:55:17.870805+00:00
Galina Dyakova,Primary contact,primaryContactUrl,https://izs-ruse.org/en/structure/,True,200,https://izs-ruse.org/en/structure/,,Structure &#8211; ИЗС &quot;ОБРАЗЦОВ ЧИФЛИК&quot; – РУСЕ,http,2026-09-07T16:55:18.858406+00:00
Galina Dyakova,Contact source,contactSourceUrl,https://izs-ruse.org/en/contacts/,True,200,https://izs-ruse.org/en/contacts/,,Contacts &#8211; ИЗС &quot;ОБРАЗЦОВ ЧИФЛИК&quot; – РУСЕ,http,2026-09-07T16:55:19.041499+00:00
Galina Dyakova,Official Galina Dyakova profile,webResearchSources,https://izs-ruse.org/%D1%81%D1%82%D1%80%D1%83%D0%BA%D1%82%D1%83%D1%80%D0%B0/%D0%B3%D0%B0%D0%BB%D0%B8%D0%BD%D0%B0-%D0%B4%D1%8F%D0%BA%D0%BE%D0%B2%D0%B0/,True,200,https://izs-ruse.org/%D1%81%D1%82%D1%80%D1%83%D0%BA%D1%82%D1%83%D1%80%D0%B0/%D0%B3%D0%B0%D0%BB%D0%B8%D0%BD%D0%B0-%D0%B4%D1%8F%D0%BA%D0%BE%D0%B2%D0%B0/,,Галина Йорданова Дякова &#8211; ИЗС &quot;ОБРАЗЦОВ ЧИФЛИК&quot; – РУСЕ,http,2026-09-07T16:55:18.873925+00:00
Galina Dyakova,Official institute vine program and varieties,webResearchSources,https://izs-ruse.org/en/vine/,True,200,https://izs-ruse.org/en/vine/,,Vine &#8211; ИЗС &quot;ОБРАЗЦОВ ЧИФЛИК&quot; – РУСЕ,http,2026-09-07T16:55:19.002318+00:00
